number,value,datetime_start,datetime_complete,duration,params_BEAR_RATIO,params_BULL_RATIO,params_GRID_MAX_LAYER,params_GRID_STEP_MAX,params_GRID_STEP_MIN,params_GRID_STEP_VOL_FACTOR,params_LAYER_FRACTION,params_MAX_HOLD,params_NEUTRAL_RATIO,params_REBALANCE_FREQ,params_VOL_WEIGHT,user_attrs_avg_test_score,user_attrs_avg_train_score,user_attrs_test_score_std,user_attrs_train_test_gap,user_attrs_validation_error,state
0,-0.5257247965027052,2026-05-09 18:22:11.535240,2026-05-09 18:28:23.008463,0 days 00:06:11.473223,0.35,0.7,3,0.03,0.01,0.3,0.12,8,0.6,10,0.5,-0.18044833390912698,0.12099777576106296,0.6905529251871564,0.3014461096701899,,COMPLETE
1,-0.8687094990258917,2026-05-09 18:28:23.029086,2026-05-09 18:29:18.904368,0 days 00:00:55.875282,0.35,0.9,4,0.05,0.02,0.6,0.12,5,0.7,20,0.8,-0.4728451191781596,-0.07955968790813449,0.7917287596954642,0.3932854312700251,,COMPLETE
2,-9999.0,2026-05-09 18:29:18.927821,2026-05-09 18:29:19.187420,0 days 00:00:00.259599,0.35,0.7,3,0.05,0.02,0.45,0.08,12,0.7,10,0.5,,,,,BEAR_RATIO < NEUTRAL_RATIO < BULL_RATIO 约束违反: 0.35 / 0.7 / 0.7,COMPLETE
3,-0.6148346193158024,2026-05-09 18:29:19.211420,2026-05-09 18:31:08.508368,0 days 00:01:49.296948,0.45,0.9,4,0.03,0.01,0.3,0.08,12,0.7,10,0.5,-0.26448798145162167,0.09194722734718759,0.7006932757283615,0.35643520879880924,,COMPLETE
4,-0.7789997719651359,2026-05-09 18:31:08.534477,2026-05-09 18:36:01.583557,0 days 00:04:53.049080,0.45,0.9,3,0.05,0.01,0.45,0.16,12,0.6,5,0.5,-0.4114859895617529,-0.03593947543153881,0.735027564806766,0.3755465141302141,,COMPLETE
5,-0.19028107164635194,2026-05-09 18:36:01.607540,2026-05-09 18:37:45.981694,0 days 00:01:44.374154,0.25,0.9,3,0.03,0.01,0.3,0.12,10,0.7,5,0.8,,,,,,PRUNED
6,-0.5188282174178813,2026-05-09 18:37:46.005428,2026-05-09 18:39:24.304320,0 days 00:01:38.298892,0.25,0.9,2,0.03,0.02,0.3,0.08,10,0.6,10,0.5,-0.16406898220739144,0.11143833896466229,0.7095184704209798,0.27550732117205373,,COMPLETE
7,-0.3901152272983035,2026-05-09 18:39:24.328417,2026-05-09 18:40:23.798521,0 days 00:00:59.470104,0.35,0.8,3,0.05,0.01,0.45,0.08,10,0.6,20,0.5,-0.051392092700667295,0.18185398030155092,0.6774462691952724,0.23324607300221822,,COMPLETE
8,-0.09326230369254596,2026-05-09 18:40:23.823089,2026-05-09 18:41:18.716282,0 days 00:00:54.893193,0.25,0.7,4,0.03,0.02,0.6,0.08,8,0.6,10,0.8,,,,,,PRUNED
9,-0.22912156939766604,2026-05-09 18:41:18.740551,2026-05-09 18:45:03.140374,0 days 00:03:44.399823,0.35,0.9,4,0.03,0.01,0.3,0.08,15,0.5,5,0.5,,,,,,PRUNED
10,-0.5699495451832333,2026-05-09 18:45:03.166240,2026-05-09 18:48:38.272526,0 days 00:03:35.106286,0.35,0.8,3,0.05,0.01,0.45,0.08,10,0.6,5,0.5,-0.1908222550146803,0.06451713688385285,0.758254580337106,0.25533939189853316,,COMPLETE
11,-0.5858407341526677,2026-05-09 18:48:38.300950,2026-05-09 18:51:01.186537,0 days 00:02:22.885587,0.25,0.9,2,0.03,0.02,0.3,0.08,10,0.6,5,0.5,-0.21562369265306,0.06435391718048325,0.7404340829992153,0.27997760983354325,,COMPLETE
12,-0.4833176407581974,2026-05-09 18:51:01.209818,2026-05-09 18:52:43.894529,0 days 00:01:42.684711,0.35,0.9,2,0.03,0.02,0.45,0.12,10,0.6,10,0.65,-0.1194224258166633,0.10194899421079237,0.7277904298830682,0.2213714200274557,,COMPLETE
13,-0.4654718170769593,2026-05-09 18:52:43.918211,2026-05-09 18:54:02.340701,0 days 00:01:18.422490,0.45,0.9,2,0.03,0.02,0.45,0.12,10,0.6,10,0.65,-0.10397027604316675,0.11718640277520216,0.7230030820675851,0.22115667881836892,,COMPLETE
14,-9999.0,2026-05-09 18:54:02.365236,2026-05-09 18:54:02.650912,0 days 00:00:00.285676,0.45,0.7,2,0.03,0.02,0.45,0.16,10,0.7,10,0.65,,,,,BEAR_RATIO < NEUTRAL_RATIO < BULL_RATIO 约束违反: 0.45 / 0.7 / 0.7,COMPLETE
15,-0.25915888419116406,2026-05-09 18:54:02.674370,2026-05-09 18:55:18.351322,0 days 00:01:15.676952,0.45,0.9,2,0.05,0.02,0.45,0.12,15,0.6,10,0.8,,,,,,PRUNED
16,-0.34738623686815434,2026-05-09 18:55:18.374306,2026-05-09 18:56:24.731372,0 days 00:01:06.357066,0.45,0.7,2,0.05,0.01,0.45,0.08,10,0.6,20,0.5,0.02264985109231828,0.19404351208951698,0.7400721759209452,0.1713936609971987,,COMPLETE
17,0.040873320073218394,2026-05-09 18:56:24.757898,2026-05-09 18:57:14.992402,0 days 00:00:50.234504,0.45,0.7,2,0.05,0.01,0.6,0.08,15,0.6,20,0.5,,,,,,PRUNED
18,0.18075433711340677,2026-05-09 18:57:15.016037,2026-05-09 18:57:40.330586,0 days 00:00:25.314549,0.25,0.7,4,0.05,0.01,0.45,0.08,10,0.6,20,0.5,,,,,,PRUNED
19,-0.38867503351951443,2026-05-09 18:57:40.352773,2026-05-09 18:58:26.618089,0 days 00:00:46.265316,0.45,0.8,3,0.05,0.01,0.45,0.12,10,0.5,20,0.5,-0.030800552090096127,0.1600000707360468,0.7157489628588366,0.19080062282614293,,COMPLETE
20,-0.39363498272907127,2026-05-09 18:58:26.644441,2026-05-09 18:59:14.148048,0 days 00:00:47.503607,0.45,0.8,2,0.05,0.01,0.45,0.12,10,0.5,20,0.5,-0.030817667714598714,0.18648054840235415,0.7256346300289451,0.21729821611695285,,COMPLETE
21,-0.34738623686815434,2026-05-09 18:59:14.175105,2026-05-09 19:00:00.179110,0 days 00:00:46.004005,0.45,0.7,2,0.05,0.02,0.45,0.08,10,0.6,20,0.5,0.02264985109231828,0.19404351208951698,0.7400721759209452,0.1713936609971987,,COMPLETE
22,-0.14740699944274255,2026-05-09 19:00:00.203730,2026-05-09 19:00:35.830925,0 days 00:00:35.627195,0.45,0.7,2,0.05,0.02,0.45,0.08,8,0.6,20,0.8,,,,,,PRUNED
23,-0.3765668599434159,2026-05-09 19:00:35.855770,2026-05-09 19:01:22.274392,0 days 00:00:46.418622,0.45,0.9,2,0.03,0.01,0.45,0.08,10,0.6,20,0.5,-0.01178874824265159,0.2224445415104185,0.7295562234015286,0.2342332897530701,,COMPLETE
24,-0.35416444296376703,2026-05-09 19:01:22.300127,2026-05-09 19:02:05.907404,0 days 00:00:43.607277,0.45,0.7,2,0.03,0.02,0.45,0.08,10,0.6,20,0.5,0.008631905161557254,0.1831803245139286,0.7255926962506486,0.17454841935237134,,COMPLETE
25,-0.14613322692265382,2026-05-09 19:02:05.934893,2026-05-09 19:02:40.567953,0 days 00:00:34.633060,0.45,0.7,2,0.03,0.02,0.45,0.12,5,0.6,20,0.5,,,,,,PRUNED
26,-9999.0,2026-05-09 19:02:40.593378,2026-05-09 19:02:40.856651,0 days 00:00:00.263273,0.45,0.7,2,0.05,0.01,0.45,0.08,10,0.7,20,0.5,,,,,BEAR_RATIO < NEUTRAL_RATIO < BULL_RATIO 约束违反: 0.45 / 0.7 / 0.7,COMPLETE
27,0.18374130524195798,2026-05-09 19:02:40.884088,2026-05-09 19:03:06.628874,0 days 00:00:25.744786,0.35,0.7,2,0.05,0.02,0.45,0.12,10,0.6,20,0.5,,,,,,PRUNED
28,-9999.0,2026-05-09 19:03:06.654848,2026-05-09 19:03:06.914496,0 days 00:00:00.259648,0.45,0.7,2,0.03,0.02,0.45,0.08,12,0.7,20,0.5,,,,,BEAR_RATIO < NEUTRAL_RATIO < BULL_RATIO 约束违反: 0.45 / 0.7 / 0.7,COMPLETE
29,-0.3456970325896201,2026-05-09 19:03:06.938679,2026-05-09 19:03:52.535834,0 days 00:00:45.597155,0.25,0.7,2,0.03,0.02,0.6,0.08,10,0.6,20,0.5,-0.023363002284408796,0.17073199624069677,0.6446680606104226,0.19409499852510556,,COMPLETE
30,0.1807007576742024,2026-05-09 19:03:52.562320,2026-05-09 19:04:17.971535,0 days 00:00:25.409215,0.25,0.8,4,0.05,0.02,0.6,0.08,10,0.6,20,0.5,,,,,,PRUNED
31,0.20346807882451792,2026-05-09 19:04:17.996417,2026-05-09 19:04:43.791038,0 days 00:00:25.794621,0.45,0.7,3,0.05,0.02,0.45,0.08,10,0.6,20,0.5,,,,,,PRUNED
32,-0.13613439015928733,2026-05-09 19:04:43.817670,2026-05-09 19:05:06.431344,0 days 00:00:22.613674,0.25,0.7,2,0.03,0.02,0.6,0.08,5,0.6,20,0.5,,,,,,PRUNED
33,0.12239862578003703,2026-05-09 19:05:06.456450,2026-05-09 19:05:51.292648,0 days 00:00:44.836198,0.25,0.7,2,0.05,0.02,0.6,0.08,10,0.6,20,0.65,,,,,,PRUNED
34,-0.35416444296376703,2026-05-09 19:05:51.317899,2026-05-09 19:05:51.835364,0 days 00:00:00.517465,0.45,0.7,2,0.03,0.02,0.45,0.08,10,0.6,20,0.5,0.008631905161557254,0.1831803245139286,0.7255926962506486,0.17454841935237134,,COMPLETE
35,0.09317566894165225,2026-05-09 19:05:51.861832,2026-05-09 19:06:17.584176,0 days 00:00:25.722344,0.45,0.7,2,0.05,0.01,0.45,0.16,10,0.6,20,0.65,,,,,,PRUNED
36,-0.3902946121861419,2026-05-09 19:06:17.609983,2026-05-09 19:09:21.706644,0 days 00:03:04.096661,0.45,0.7,2,0.05,0.02,0.3,0.08,10,0.6,10,0.5,-0.04272766224092298,0.1594677668031956,0.6951338998904378,0.20219542904411858,,COMPLETE
37,-0.5012354751714949,2026-05-09 19:09:21.734163,2026-05-09 19:14:30.069669,0 days 00:05:08.335506,0.45,0.7,2,0.05,0.01,0.45,0.08,10,0.6,5,0.5,-0.1179497256592438,0.1049077112472943,0.7665714990245022,0.2228574369065381,,COMPLETE
38,0.15833629003128033,2026-05-09 19:14:30.119415,2026-05-09 19:14:55.479851,0 days 00:00:25.360436,0.35,0.7,2,0.03,0.02,0.6,0.08,10,0.5,20,0.65,,,,,,PRUNED
39,0.13089249200910494,2026-05-09 19:14:55.503719,2026-05-09 19:15:28.918069,0 days 00:00:33.414350,0.45,0.7,4,0.05,0.02,0.3,0.16,10,0.6,20,0.5,,,,,,PRUNED
40,-0.1133754910066655,2026-05-09 19:15:28.957252,2026-05-09 19:15:59.931357,0 days 00:00:30.974105,0.45,0.7,2,0.05,0.02,0.45,0.08,5,0.5,20,0.5,,,,,,PRUNED
41,-0.35416444296376703,2026-05-09 19:15:59.955548,2026-05-09 19:16:00.450705,0 days 00:00:00.495157,0.45,0.7,2,0.03,0.02,0.45,0.08,10,0.6,20,0.5,0.008631905161557254,0.1831803245139286,0.7255926962506486,0.17454841935237134,,COMPLETE
42,0.1053078472108944,2026-05-09 19:16:00.476534,2026-05-09 19:16:26.166829,0 days 00:00:25.690295,0.25,0.7,4,0.03,0.02,0.6,0.16,10,0.5,20,0.5,,,,,,PRUNED
43,0.2027674687960227,2026-05-09 19:16:26.190891,2026-05-09 19:20:51.096762,0 days 00:04:24.905871,0.25,0.7,2,0.03,0.02,0.6,0.08,10,0.6,5,0.5,,,,,,PRUNED
44,0.12909201132700782,2026-05-09 19:20:51.141415,2026-05-09 19:21:39.534914,0 days 00:00:48.393499,0.45,0.8,2,0.05,0.01,0.45,0.08,12,0.6,20,0.5,,,,,,PRUNED
45,-9999.0,2026-05-09 19:21:39.558706,2026-05-09 19:21:39.822595,0 days 00:00:00.263889,0.25,0.7,3,0.03,0.02,0.45,0.08,10,0.7,20,0.5,,,,,BEAR_RATIO < NEUTRAL_RATIO < BULL_RATIO 约束违反: 0.25 / 0.7 / 0.7,COMPLETE
46,0.13391978644277266,2026-05-09 19:21:39.847670,2026-05-09 19:22:06.668986,0 days 00:00:26.821316,0.35,0.7,2,0.05,0.02,0.3,0.08,12,0.6,20,0.5,,,,,,PRUNED
47,0.2176245176909206,2026-05-09 19:22:06.692755,2026-05-09 19:22:31.070023,0 days 00:00:24.377268,0.35,0.9,2,0.03,0.02,0.6,0.08,10,0.6,20,0.5,,,,,,PRUNED
48,0.11359593993850317,2026-05-09 19:22:31.090208,2026-05-09 19:23:13.604662,0 days 00:00:42.514454,0.45,0.7,4,0.03,0.02,0.45,0.08,10,0.5,20,0.65,,,,,,PRUNED
49,-0.1656081195968664,2026-05-09 19:23:13.630393,2026-05-09 19:24:19.416646,0 days 00:01:05.786253,0.25,0.7,2,0.03,0.02,0.45,0.08,10,0.6,10,0.8,,,,,,PRUNED
50,-0.10903119103945377,2026-05-09 19:24:19.441423,2026-05-09 19:24:53.773166,0 days 00:00:34.331743,0.45,0.8,2,0.03,0.02,0.6,0.08,10,0.6,20,0.8,,,,,,PRUNED
51,-0.35416444296376703,2026-05-09 19:24:53.797337,2026-05-09 19:24:54.301765,0 days 00:00:00.504428,0.45,0.7,2,0.03,0.02,0.45,0.08,10,0.6,20,0.5,0.008631905161557254,0.1831803245139286,0.7255926962506486,0.17454841935237134,,COMPLETE
52,-0.07695659546243802,2026-05-09 19:24:54.326002,2026-05-09 19:25:22.260017,0 days 00:00:27.934015,0.35,0.7,2,0.05,0.01,0.45,0.08,10,0.6,20,0.8,,,,,,PRUNED
53,0.1639908565287619,2026-05-09 19:25:22.285859,2026-05-09 19:26:01.713726,0 days 00:00:39.427867,0.45,0.7,2,0.03,0.02,0.3,0.16,10,0.5,20,0.5,,,,,,PRUNED
54,0.14312032284937254,2026-05-09 19:26:01.738491,2026-05-09 19:30:20.998646,0 days 00:04:19.260155,0.45,0.8,2,0.03,0.02,0.45,0.16,10,0.6,5,0.5,,,,,,PRUNED
55,0.1800224001189058,2026-05-09 19:30:21.019996,2026-05-09 19:31:05.387133,0 days 00:00:44.367137,0.25,0.7,2,0.05,0.01,0.45,0.08,8,0.5,20,0.5,,,,,,PRUNED
56,-0.5964964341728674,2026-05-09 19:31:05.412427,2026-05-09 19:33:36.838327,0 days 00:02:31.425900,0.45,0.7,3,0.03,0.02,0.45,0.08,5,0.6,10,0.5,-0.2114723556790617,0.005473103894743798,0.7700481569876112,0.21694545957380548,,COMPLETE
57,0.12268069734018544,2026-05-09 19:33:36.868228,2026-05-09 19:34:22.926510,0 days 00:00:46.058282,0.35,0.7,4,0.03,0.02,0.45,0.16,10,0.6,20,0.5,,,,,,PRUNED
58,-0.11624391606497456,2026-05-09 19:34:22.949066,2026-05-09 19:35:13.195561,0 days 00:00:50.246495,0.25,0.7,3,0.03,0.02,0.6,0.08,10,0.6,20,0.8,,,,,,PRUNED
59,0.1950722109071733,2026-05-09 19:35:13.221039,2026-05-09 19:40:00.978962,0 days 00:04:47.757923,0.35,0.7,2,0.03,0.02,0.45,0.08,8,0.6,5,0.5,,,,,,PRUNED
60,0.051164053426121264,2026-05-09 19:40:01.001727,2026-05-09 19:40:49.996160,0 days 00:00:48.994433,0.25,0.7,2,0.03,0.02,0.45,0.16,12,0.6,20,0.5,,,,,,PRUNED
61,-0.35416444296376703,2026-05-09 19:40:50.018483,2026-05-09 19:40:50.547183,0 days 00:00:00.528700,0.45,0.7,2,0.03,0.02,0.45,0.08,10,0.6,20,0.5,0.008631905161557254,0.1831803245139286,0.7255926962506486,0.17454841935237134,,COMPLETE
62,0.19644079992522254,2026-05-09 19:40:50.572114,2026-05-09 19:41:38.614914,0 days 00:00:48.042800,0.25,0.7,2,0.03,0.01,0.6,0.08,10,0.5,20,0.5,,,,,,PRUNED
63,0.13787315724897115,2026-05-09 19:41:38.639959,2026-05-09 19:42:15.789644,0 days 00:00:37.149685,0.45,0.9,2,0.03,0.02,0.3,0.08,8,0.6,20,0.5,,,,,,PRUNED
64,0.11650268409627595,2026-05-09 19:42:15.816764,2026-05-09 19:43:01.702685,0 days 00:00:45.885921,0.45,0.7,3,0.03,0.02,0.45,0.08,10,0.6,20,0.65,,,,,,PRUNED
65,0.21180145201974712,2026-05-09 19:43:01.744171,2026-05-09 19:43:28.050650,0 days 00:00:26.306479,0.25,0.7,2,0.03,0.02,0.3,0.08,10,0.6,20,0.5,,,,,,PRUNED
66,-0.09049896035060614,2026-05-09 19:43:28.077597,2026-05-09 19:44:30.268559,0 days 00:01:02.190962,0.45,0.7,2,0.05,0.02,0.45,0.08,15,0.6,20,0.65,,,,,,PRUNED
67,0.209168426700356,2026-05-09 19:44:30.306717,2026-05-09 19:49:38.664052,0 days 00:05:08.357335,0.45,0.7,2,0.03,0.02,0.45,0.08,10,0.6,5,0.65,,,,,,PRUNED
68,-0.13231316627180942,2026-05-09 19:49:38.689526,2026-05-09 19:50:23.963615,0 days 00:00:45.274089,0.45,0.7,2,0.03,0.02,0.45,0.12,10,0.5,20,0.8,,,,,,PRUNED
69,0.1729886822813554,2026-05-09 19:50:23.989965,2026-05-09 19:51:13.133760,0 days 00:00:49.143795,0.25,0.9,2,0.05,0.02,0.45,0.16,10,0.6,20,0.5,,,,,,PRUNED
70,-9999.0,2026-05-09 19:51:13.158123,2026-05-09 19:51:13.435917,0 days 00:00:00.277794,0.45,0.7,2,0.03,0.02,0.6,0.08,10,0.7,20,0.5,,,,,BEAR_RATIO < NEUTRAL_RATIO < BULL_RATIO 约束违反: 0.45 / 0.7 / 0.7,COMPLETE
71,-0.35416444296376703,2026-05-09 19:51:13.461365,2026-05-09 19:51:13.964303,0 days 00:00:00.502938,0.45,0.7,2,0.03,0.02,0.45,0.08,10,0.6,20,0.5,0.008631905161557254,0.1831803245139286,0.7255926962506486,0.17454841935237134,,COMPLETE
72,0.11919870407025376,2026-05-09 19:51:13.990807,2026-05-09 19:51:41.648402,0 days 00:00:27.657595,0.45,0.7,3,0.03,0.02,0.6,0.16,10,0.6,20,0.5,,,,,,PRUNED
73,-0.34738623686815434,2026-05-09 19:51:41.671957,2026-05-09 19:53:11.831357,0 days 00:01:30.159400,0.45,0.7,2,0.05,0.02,0.6,0.08,10,0.6,20,0.5,0.02264985109231828,0.19404351208951698,0.7400721759209452,0.1713936609971987,,COMPLETE
74,-0.34738623686815434,2026-05-09 19:53:11.855554,2026-05-09 19:53:12.348638,0 days 00:00:00.493084,0.45,0.7,2,0.05,0.02,0.6,0.08,10,0.6,20,0.5,0.02264985109231828,0.19404351208951698,0.7400721759209452,0.1713936609971987,,COMPLETE
75,-0.34738623686815434,2026-05-09 19:53:12.375560,2026-05-09 19:53:12.877831,0 days 00:00:00.502271,0.45,0.7,2,0.05,0.02,0.6,0.08,10,0.6,20,0.5,0.02264985109231828,0.19404351208951698,0.7400721759209452,0.1713936609971987,,COMPLETE
76,0.13817351745528744,2026-05-09 19:53:12.906163,2026-05-09 19:54:04.678392,0 days 00:00:51.772229,0.45,0.7,2,0.05,0.02,0.6,0.08,12,0.6,20,0.5,,,,,,PRUNED
77,-0.3589864704679708,2026-05-09 19:54:04.706471,2026-05-09 19:54:51.356136,0 days 00:00:46.649665,0.45,0.8,2,0.05,0.02,0.6,0.08,10,0.6,20,0.5,0.008060119592623562,0.2079551768149182,0.7340931801211886,0.19989505722229464,,COMPLETE
78,0.1870261401692689,2026-05-09 19:54:51.382217,2026-05-09 19:55:17.319845,0 days 00:00:25.937628,0.45,0.7,2,0.05,0.02,0.6,0.16,10,0.6,20,0.5,,,,,,PRUNED
79,0.1731024727483722,2026-05-09 19:55:17.343425,2026-05-09 19:55:43.335914,0 days 00:00:25.992489,0.25,0.7,2,0.03,0.02,0.6,0.12,10,0.6,20,0.5,,,,,,PRUNED
80,-0.3479618081159242,2026-05-09 19:55:43.359679,2026-05-09 19:56:29.582510,0 days 00:00:46.222831,0.45,0.7,2,0.05,0.02,0.6,0.08,10,0.5,20,0.5,0.02141813308838472,0.1891141528650362,0.7387598824086178,0.16769601977665147,,COMPLETE
81,0.2131819001807054,2026-05-09 19:56:29.607741,2026-05-09 19:56:55.182102,0 days 00:00:25.574361,0.35,0.7,2,0.05,0.02,0.6,0.08,10,0.5,20,0.5,,,,,,PRUNED
82,0.20354235407223709,2026-05-09 19:56:55.207884,2026-05-09 19:57:21.393963,0 days 00:00:26.186079,0.45,0.7,3,0.05,0.02,0.6,0.08,10,0.5,20,0.5,,,,,,PRUNED
83,-0.09450309744972463,2026-05-09 19:57:21.420293,2026-05-09 19:57:51.779928,0 days 00:00:30.359635,0.45,0.7,2,0.05,0.02,0.6,0.08,10,0.5,20,0.8,,,,,,PRUNED
84,-0.34738623686815434,2026-05-09 19:57:51.802689,2026-05-09 19:57:52.284482,0 days 00:00:00.481793,0.45,0.7,2,0.05,0.02,0.6,0.08,10,0.6,20,0.5,0.02264985109231828,0.19404351208951698,0.7400721759209452,0.1713936609971987,,COMPLETE
85,0.19210092925516958,2026-05-09 19:57:52.324252,2026-05-09 20:02:57.860096,0 days 00:05:05.535844,0.45,0.9,2,0.05,0.02,0.6,0.08,10,0.5,5,0.5,,,,,,PRUNED
86,0.19817862773938283,2026-05-09 20:02:57.885945,2026-05-09 20:03:26.418395,0 days 00:00:28.532450,0.45,0.7,4,0.05,0.01,0.6,0.08,10,0.6,20,0.5,,,,,,PRUNED
87,0.24732887740121118,2026-05-09 20:03:26.444211,2026-05-09 20:04:38.191794,0 days 00:01:11.747583,0.45,0.7,2,0.05,0.02,0.6,0.12,10,0.5,10,0.5,,,,,,PRUNED
88,-9999.0,2026-05-09 20:04:38.216699,2026-05-09 20:04:38.497379,0 days 00:00:00.280680,0.45,0.7,2,0.05,0.02,0.6,0.08,10,0.7,10,0.65,,,,,BEAR_RATIO < NEUTRAL_RATIO < BULL_RATIO 约束违反: 0.45 / 0.7 / 0.7,COMPLETE
89,0.23264452642773453,2026-05-09 20:04:38.523600,2026-05-09 20:06:49.685201,0 days 00:02:11.161601,0.45,0.7,2,0.05,0.02,0.6,0.08,10,0.6,5,0.5,,,,,,PRUNED
90,-9999.0,2026-05-09 20:06:49.711635,2026-05-09 20:06:49.976276,0 days 00:00:00.264641,0.45,0.7,2,0.05,0.02,0.3,0.08,10,0.7,20,0.5,,,,,BEAR_RATIO < NEUTRAL_RATIO < BULL_RATIO 约束违反: 0.45 / 0.7 / 0.7,COMPLETE
91,-0.34738623686815434,2026-05-09 20:06:50.004810,2026-05-09 20:06:50.513512,0 days 00:00:00.508702,0.45,0.7,2,0.05,0.02,0.6,0.08,10,0.6,20,0.5,0.02264985109231828,0.19404351208951698,0.7400721759209452,0.1713936609971987,,COMPLETE
92,-0.1274243819988927,2026-05-09 20:06:50.544257,2026-05-09 20:07:23.297353,0 days 00:00:32.753096,0.45,0.9,3,0.05,0.02,0.6,0.08,5,0.6,20,0.5,,,,,,PRUNED
93,-0.36867501730038393,2026-05-09 20:07:23.322838,2026-05-09 20:08:39.007737,0 days 00:01:15.684899,0.45,0.9,2,0.05,0.02,0.45,0.08,10,0.6,20,0.5,-0.0008575176911329822,0.229185554731699,0.735634999218502,0.23004307242283198,,COMPLETE
94,0.017952266013448348,2026-05-09 20:08:39.032632,2026-05-09 20:09:36.783532,0 days 00:00:57.750900,0.45,0.7,2,0.05,0.02,0.6,0.08,15,0.5,20,0.5,,,,,,PRUNED
95,-0.10780248161424005,2026-05-09 20:09:36.812417,2026-05-09 20:10:16.687804,0 days 00:00:39.875387,0.45,0.7,2,0.05,0.02,0.6,0.12,8,0.6,20,0.65,,,,,,PRUNED
96,-0.34738623686815434,2026-05-09 20:10:16.712003,2026-05-09 20:10:17.246687,0 days 00:00:00.534684,0.45,0.7,2,0.05,0.02,0.6,0.08,10,0.6,20,0.5,0.02264985109231828,0.19404351208951698,0.7400721759209452,0.1713936609971987,,COMPLETE
97,-0.34738623686815434,2026-05-09 20:10:17.271155,2026-05-09 20:10:17.785640,0 days 00:00:00.514485,0.45,0.7,2,0.05,0.02,0.6,0.08,10,0.6,20,0.5,0.02264985109231828,0.19404351208951698,0.7400721759209452,0.1713936609971987,,COMPLETE
98,-0.34738623686815434,2026-05-09 20:10:17.810993,2026-05-09 20:10:18.299097,0 days 00:00:00.488104,0.45,0.7,2,0.05,0.02,0.6,0.08,10,0.6,20,0.5,0.02264985109231828,0.19404351208951698,0.7400721759209452,0.1713936609971987,,COMPLETE
99,0.22461008299395802,2026-05-09 20:10:18.324205,2026-05-09 20:10:44.382125,0 days 00:00:26.057920,0.25,0.7,2,0.05,0.02,0.45,0.08,10,0.6,20,0.5,,,,,,PRUNED
100,0.14951251755450495,2026-05-09 20:10:44.408079,2026-05-09 20:11:20.738140,0 days 00:00:36.330061,0.45,0.7,2,0.05,0.02,0.3,0.08,8,0.6,20,0.5,,,,,,PRUNED
101,-0.34738623686815434,2026-05-09 20:11:20.761164,2026-05-09 20:11:21.322256,0 days 00:00:00.561092,0.45,0.7,2,0.05,0.02,0.6,0.08,10,0.6,20,0.5,0.02264985109231828,0.19404351208951698,0.7400721759209452,0.1713936609971987,,COMPLETE
102,-0.3910540706443784,2026-05-09 20:11:21.345454,2026-05-09 20:15:34.148079,0 days 00:04:12.802625,0.45,0.7,2,0.05,0.01,0.6,0.08,10,0.6,10,0.5,-0.04314501978100397,0.15945873642998729,0.6958181017267488,0.20260375621099125,,COMPLETE
103,-9999.0,2026-05-09 20:15:34.172996,2026-05-09 20:15:34.451159,0 days 00:00:00.278163,0.25,0.7,2,0.05,0.02,0.6,0.08,10,0.7,20,0.5,,,,,BEAR_RATIO < NEUTRAL_RATIO < BULL_RATIO 约束违反: 0.25 / 0.7 / 0.7,COMPLETE
104,-0.12930514013542962,2026-05-09 20:15:34.477541,2026-05-09 20:16:06.000082,0 days 00:00:31.522541,0.45,0.7,2,0.05,0.01,0.45,0.08,5,0.6,20,0.5,,,,,,PRUNED
105,-0.34738623686815434,2026-05-09 20:16:06.025257,2026-05-09 20:16:06.527172,0 days 00:00:00.501915,0.45,0.7,2,0.05,0.01,0.45,0.08,10,0.6,20,0.5,0.02264985109231828,0.19404351208951698,0.7400721759209452,0.1713936609971987,,COMPLETE
106,0.19886129134616723,2026-05-09 20:16:06.554525,2026-05-09 20:16:32.323734,0 days 00:00:25.769209,0.45,0.7,2,0.05,0.02,0.3,0.12,10,0.6,20,0.5,,,,,,PRUNED
107,0.024966964276859016,2026-05-09 20:16:32.349523,2026-05-09 20:17:27.211442,0 days 00:00:54.861919,0.45,0.7,3,0.05,0.02,0.6,0.08,15,0.6,20,0.5,,,,,,PRUNED
108,0.15969345483654362,2026-05-09 20:17:27.237351,2026-05-09 20:18:11.068853,0 days 00:00:43.831502,0.45,0.7,2,0.05,0.02,0.6,0.08,10,0.6,20,0.65,,,,,,PRUNED
109,0.21180145201974712,2026-05-09 20:18:11.094103,2026-05-09 20:18:11.420957,0 days 00:00:00.326854,0.25,0.7,2,0.03,0.02,0.6,0.08,10,0.6,20,0.5,,,,,,PRUNED
110,0.14951251755450495,2026-05-09 20:18:11.444719,2026-05-09 20:18:49.805803,0 days 00:00:38.361084,0.45,0.7,2,0.05,0.02,0.6,0.08,8,0.6,20,0.5,,,,,,PRUNED
111,-0.619896639581549,2026-05-09 20:18:49.832376,2026-05-09 20:22:31.459151,0 days 00:03:41.626775,0.35,0.7,2,0.05,0.02,0.6,0.08,5,0.6,10,0.5,-0.22562353565931367,0.021888721562065876,0.7885462078444706,0.24751225722137954,,COMPLETE
112,-0.34738623686815434,2026-05-09 20:22:31.481547,2026-05-09 20:22:31.982673,0 days 00:00:00.501126,0.45,0.7,2,0.05,0.02,0.6,0.08,10,0.6,20,0.5,0.02264985109231828,0.19404351208951698,0.7400721759209452,0.1713936609971987,,COMPLETE
113,0.26901398694434364,2026-05-09 20:22:32.007632,2026-05-09 20:23:26.800157,0 days 00:00:54.792525,0.45,0.9,2,0.05,0.01,0.6,0.08,10,0.6,20,0.5,,,,,,PRUNED
114,0.21646083808463015,2026-05-09 20:23:26.825166,2026-05-09 20:23:53.311085,0 days 00:00:26.485919,0.35,0.7,2,0.05,0.02,0.6,0.08,10,0.6,20,0.5,,,,,,PRUNED
115,0.2582373913236444,2026-05-09 20:23:53.339175,2026-05-09 20:25:00.432758,0 days 00:01:07.093583,0.45,0.7,3,0.05,0.02,0.6,0.08,10,0.6,10,0.5,,,,,,PRUNED
116,-0.34738623686815434,2026-05-09 20:25:00.456999,2026-05-09 20:25:00.919300,0 days 00:00:00.462301,0.45,0.7,2,0.05,0.02,0.45,0.08,10,0.6,20,0.5,0.02264985109231828,0.19404351208951698,0.7400721759209452,0.1713936609971987,,COMPLETE
117,0.22461008299395802,2026-05-09 20:25:00.944042,2026-05-09 20:25:25.700073,0 days 00:00:24.756031,0.25,0.7,2,0.05,0.01,0.6,0.08,10,0.6,20,0.5,,,,,,PRUNED
118,0.26901398694434364,2026-05-09 20:25:25.749273,2026-05-09 20:25:59.743686,0 days 00:00:33.994413,0.45,0.9,2,0.05,0.02,0.6,0.08,10,0.6,20,0.5,,,,,,PRUNED
119,-0.12025571693934553,2026-05-09 20:25:59.770454,2026-05-09 20:27:03.265041,0 days 00:01:03.494587,0.45,0.7,2,0.05,0.02,0.6,0.08,10,0.6,10,0.8,,,,,,PRUNED
120,0.07578205367876871,2026-05-09 20:27:03.288230,2026-05-09 20:27:51.428416,0 days 00:00:48.140186,0.25,0.7,4,0.03,0.02,0.6,0.08,12,0.6,20,0.5,,,,,,PRUNED
121,0.26258002777891115,2026-05-09 20:27:51.451192,2026-05-09 20:28:47.589982,0 days 00:00:56.138790,0.25,0.7,2,0.05,0.02,0.6,0.08,10,0.6,10,0.5,,,,,,PRUNED
122,-0.34738623686815434,2026-05-09 20:28:47.624036,2026-05-09 20:28:48.161972,0 days 00:00:00.537936,0.45,0.7,2,0.05,0.01,0.45,0.08,10,0.6,20,0.5,0.02264985109231828,0.19404351208951698,0.7400721759209452,0.1713936609971987,,COMPLETE
123,0.18929600807842012,2026-05-09 20:28:48.186174,2026-05-09 20:29:17.416734,0 days 00:00:29.230560,0.25,0.7,3,0.05,0.02,0.6,0.08,10,0.6,20,0.5,,,,,,PRUNED
124,0.19886129134616723,2026-05-09 20:29:17.440119,2026-05-09 20:29:45.171925,0 days 00:00:27.731806,0.45,0.7,2,0.05,0.02,0.6,0.12,10,0.6,20,0.5,,,,,,PRUNED
125,0.19817862773938283,2026-05-09 20:29:45.197311,2026-05-09 20:30:11.785358,0 days 00:00:26.588047,0.45,0.7,4,0.05,0.02,0.6,0.08,10,0.6,20,0.5,,,,,,PRUNED
126,-0.07668093589519309,2026-05-09 20:30:11.805754,2026-05-09 20:30:45.635285,0 days 00:00:33.829531,0.45,0.7,2,0.05,0.02,0.3,0.08,10,0.6,20,0.8,,,,,,PRUNED
127,-0.07668093589519309,2026-05-09 20:30:44.090655,2026-05-09 20:31:12.160796,0 days 00:00:28.070141,0.45,0.7,2,0.05,0.02,0.6,0.08,10,0.6,20,0.8,,,,,,PRUNED
128,0.13989322288058423,2026-05-09 20:31:12.186365,2026-05-09 20:32:06.754926,0 days 00:00:54.568561,0.45,0.9,2,0.05,0.02,0.6,0.08,12,0.6,10,0.5,,,,,,PRUNED
129,-0.09353901045948368,2026-05-09 20:32:06.782099,2026-05-09 20:32:33.922258,0 days 00:00:27.140159,0.45,0.7,2,0.03,0.01,0.45,0.08,10,0.6,20,0.8,,,,,,PRUNED
130,-0.12930514013542962,2026-05-09 20:32:33.946399,2026-05-09 20:33:08.059535,0 days 00:00:34.113136,0.45,0.7,2,0.05,0.02,0.6,0.08,5,0.6,20,0.5,,,,,,PRUNED
131,-0.34738623686815434,2026-05-09 20:33:08.086022,2026-05-09 20:33:08.635084,0 days 00:00:00.549062,0.45,0.7,2,0.05,0.02,0.6,0.08,10,0.6,20,0.5,0.02264985109231828,0.19404351208951698,0.7400721759209452,0.1713936609971987,,COMPLETE
132,0.21418003015607504,2026-05-09 20:33:08.660589,2026-05-09 20:34:10.659499,0 days 00:01:01.998910,0.45,0.7,4,0.05,0.02,0.45,0.08,10,0.6,10,0.65,,,,,,PRUNED
133,0.22489728426866049,2026-05-09 20:34:10.686584,2026-05-09 20:34:57.360388,0 days 00:00:46.673804,0.45,0.7,2,0.03,0.01,0.6,0.08,10,0.6,20,0.5,,,,,,PRUNED
134,0.11795935792534026,2026-05-09 20:34:57.385909,2026-05-09 20:35:31.682179,0 days 00:00:34.296270,0.25,0.8,2,0.03,0.02,0.6,0.08,10,0.6,20,0.65,,,,,,PRUNED
135,-9999.0,2026-05-09 20:35:31.703960,2026-05-09 20:35:31.935089,0 days 00:00:00.231129,0.45,0.7,2,0.05,0.01,0.6,0.08,10,0.7,20,0.5,,,,,BEAR_RATIO < NEUTRAL_RATIO < BULL_RATIO 约束违反: 0.45 / 0.7 / 0.7,COMPLETE
136,-0.34734098131234337,2026-05-09 20:35:31.955908,2026-05-09 20:37:02.947140,0 days 00:01:30.991232,0.45,0.7,2,0.05,0.02,0.3,0.08,10,0.6,20,0.5,0.022712185002088787,0.19423434019710908,0.7401063326288643,0.1715221551950203,,COMPLETE
137,-0.12025571693934553,2026-05-09 20:37:02.973285,2026-05-09 20:38:03.760656,0 days 00:01:00.787371,0.45,0.7,2,0.05,0.01,0.45,0.08,10,0.6,10,0.8,,,,,,PRUNED
138,-0.3486917972799336,2026-05-09 20:38:03.786688,2026-05-09 20:38:49.731214,0 days 00:00:45.944526,0.45,0.7,2,0.05,0.01,0.3,0.08,10,0.5,20,0.5,0.020883287013311762,0.18916318876576788,0.7391501685864907,0.1682799017524561,,COMPLETE
139,0.13384899599993658,2026-05-09 20:38:49.756788,2026-05-09 20:39:39.929214,0 days 00:00:50.172426,0.45,0.7,2,0.03,0.01,0.45,0.08,12,0.6,20,0.5,,,,,,PRUNED
140,-0.34734098131234337,2026-05-09 20:39:39.956664,2026-05-09 20:39:40.463234,0 days 00:00:00.506570,0.45,0.7,2,0.05,0.02,0.3,0.08,10,0.6,20,0.5,0.022712185002088787,0.19423434019710908,0.7401063326288643,0.1715221551950203,,COMPLETE
141,-0.34734098131234337,2026-05-09 20:39:40.487877,2026-05-09 20:39:41.002029,0 days 00:00:00.514152,0.45,0.7,2,0.05,0.02,0.3,0.08,10,0.6,20,0.5,0.022712185002088787,0.19423434019710908,0.7401063326288643,0.1715221551950203,,COMPLETE
142,-0.34734098131234337,2026-05-09 20:39:41.029339,2026-05-09 20:39:41.536935,0 days 00:00:00.507596,0.45,0.7,2,0.05,0.02,0.3,0.08,10,0.6,20,0.5,0.022712185002088787,0.19423434019710908,0.7401063326288643,0.1715221551950203,,COMPLETE
143,-0.34734098131234337,2026-05-09 20:39:41.563831,2026-05-09 20:39:42.123603,0 days 00:00:00.559772,0.45,0.7,2,0.05,0.02,0.3,0.08,10,0.6,20,0.5,0.022712185002088787,0.19423434019710908,0.7401063326288643,0.1715221551950203,,COMPLETE
144,-0.34734098131234337,2026-05-09 20:39:42.149087,2026-05-09 20:39:42.649564,0 days 00:00:00.500477,0.45,0.7,2,0.05,0.02,0.3,0.08,10,0.6,20,0.5,0.022712185002088787,0.19423434019710908,0.7401063326288643,0.1715221551950203,,COMPLETE
145,0.2219692917989018,2026-05-09 20:39:42.674063,2026-05-09 20:43:26.445167,0 days 00:03:43.771104,0.45,0.8,2,0.05,0.02,0.3,0.08,10,0.6,5,0.5,,,,,,PRUNED
146,-0.34734098131234337,2026-05-09 20:43:26.473251,2026-05-09 20:43:26.993239,0 days 00:00:00.519988,0.45,0.7,2,0.05,0.02,0.3,0.08,10,0.6,20,0.5,0.022712185002088787,0.19423434019710908,0.7401063326288643,0.1715221551950203,,COMPLETE
147,0.02843297033605835,2026-05-09 20:43:27.020406,2026-05-09 20:44:24.316250,0 days 00:00:57.295844,0.25,0.7,2,0.05,0.02,0.3,0.08,15,0.6,20,0.5,,,,,,PRUNED
148,0.20346807882451792,2026-05-09 20:44:24.337626,2026-05-09 20:45:00.411785,0 days 00:00:36.074159,0.45,0.7,3,0.05,0.02,0.3,0.08,10,0.6,20,0.5,,,,,,PRUNED
149,-0.15537769243423774,2026-05-09 20:45:00.433045,2026-05-09 20:45:30.529052,0 days 00:00:30.096007,0.45,0.7,2,0.05,0.02,0.3,0.16,5,0.6,20,0.5,,,,,,PRUNED
150,-0.34734098131234337,2026-05-09 20:45:30.552438,2026-05-09 20:45:31.021380,0 days 00:00:00.468942,0.45,0.7,2,0.05,0.02,0.3,0.08,10,0.6,20,0.5,0.022712185002088787,0.19423434019710908,0.7401063326288643,0.1715221551950203,,COMPLETE
151,-0.34734098131234337,2026-05-09 20:45:31.045451,2026-05-09 20:45:31.580859,0 days 00:00:00.535408,0.45,0.7,2,0.05,0.02,0.3,0.08,10,0.6,20,0.5,0.022712185002088787,0.19423434019710908,0.7401063326288643,0.1715221551950203,,COMPLETE
152,-0.34734098131234337,2026-05-09 20:45:31.605746,2026-05-09 20:45:32.103383,0 days 00:00:00.497637,0.45,0.7,2,0.05,0.02,0.3,0.08,10,0.6,20,0.5,0.022712185002088787,0.19423434019710908,0.7401063326288643,0.1715221551950203,,COMPLETE
153,-0.34734098131234337,2026-05-09 20:45:32.147094,2026-05-09 20:45:32.629134,0 days 00:00:00.482040,0.45,0.7,2,0.05,0.02,0.3,0.08,10,0.6,20,0.5,0.022712185002088787,0.19423434019710908,0.7401063326288643,0.1715221551950203,,COMPLETE
154,-0.34734098131234337,2026-05-09 20:45:32.652135,2026-05-09 20:45:33.184541,0 days 00:00:00.532406,0.45,0.7,2,0.05,0.02,0.3,0.08,10,0.6,20,0.5,0.022712185002088787,0.19423434019710908,0.7401063326288643,0.1715221551950203,,COMPLETE
155,0.21646083808463015,2026-05-09 20:45:33.210382,2026-05-09 20:46:00.263652,0 days 00:00:27.053270,0.35,0.7,2,0.05,0.01,0.3,0.08,10,0.6,20,0.5,,,,,,PRUNED
156,-0.34734098131234337,2026-05-09 20:46:00.289120,2026-05-09 20:46:00.818315,0 days 00:00:00.529195,0.45,0.7,2,0.05,0.02,0.3,0.08,10,0.6,20,0.5,0.022712185002088787,0.19423434019710908,0.7401063326288643,0.1715221551950203,,COMPLETE
157,0.13123625780157405,2026-05-09 20:46:00.844655,2026-05-09 20:46:46.983361,0 days 00:00:46.138706,0.45,0.9,2,0.05,0.02,0.3,0.08,12,0.6,20,0.5,,,,,,PRUNED
158,0.17961154360658316,2026-05-09 20:46:47.008217,2026-05-09 20:51:50.134662,0 days 00:05:03.126445,0.35,0.7,4,0.05,0.02,0.3,0.08,10,0.6,5,0.5,,,,,,PRUNED
159,-0.34734098131234337,2026-05-09 20:51:50.158817,2026-05-09 20:51:50.666043,0 days 00:00:00.507226,0.45,0.7,2,0.05,0.02,0.3,0.08,10,0.6,20,0.5,0.022712185002088787,0.19423434019710908,0.7401063326288643,0.1715221551950203,,COMPLETE
160,0.22223474961729384,2026-05-09 20:51:50.690379,2026-05-09 20:52:16.204319,0 days 00:00:25.513940,0.25,0.9,2,0.05,0.02,0.3,0.08,10,0.6,20,0.5,,,,,,PRUNED
161,-0.34734098131234337,2026-05-09 20:52:16.228133,2026-05-09 20:52:16.702280,0 days 00:00:00.474147,0.45,0.7,2,0.05,0.02,0.3,0.08,10,0.6,20,0.5,0.022712185002088787,0.19423434019710908,0.7401063326288643,0.1715221551950203,,COMPLETE
162,-0.34734098131234337,2026-05-09 20:52:16.721567,2026-05-09 20:52:17.153037,0 days 00:00:00.431470,0.45,0.7,2,0.05,0.02,0.3,0.08,10,0.6,20,0.5,0.022712185002088787,0.19423434019710908,0.7401063326288643,0.1715221551950203,,COMPLETE
163,0.23003632388212722,2026-05-09 20:52:17.176028,2026-05-09 20:52:43.572373,0 days 00:00:26.396345,0.45,0.8,2,0.05,0.02,0.3,0.08,10,0.5,20,0.5,,,,,,PRUNED
164,-0.34734098131234337,2026-05-09 20:52:43.592455,2026-05-09 20:52:43.996893,0 days 00:00:00.404438,0.45,0.7,2,0.05,0.02,0.3,0.08,10,0.6,20,0.5,0.022712185002088787,0.19423434019710908,0.7401063326288643,0.1715221551950203,,COMPLETE
165,0.040873320073218394,2026-05-09 20:52:44.018148,2026-05-09 20:53:34.713741,0 days 00:00:50.695593,0.45,0.7,2,0.05,0.02,0.3,0.08,15,0.6,20,0.5,,,,,,PRUNED
166,0.19817862773938283,2026-05-09 20:53:34.738593,2026-05-09 20:54:02.119474,0 days 00:00:27.380881,0.45,0.7,4,0.05,0.02,0.3,0.08,10,0.6,20,0.5,,,,,,PRUNED
167,0.20415743389943455,2026-05-09 20:54:02.145081,2026-05-09 20:54:31.414183,0 days 00:00:29.269102,0.35,0.8,2,0.05,0.02,0.3,0.08,10,0.6,20,0.5,,,,,,PRUNED
168,0.14091527197190354,2026-05-09 20:54:31.440630,2026-05-09 20:55:00.756021,0 days 00:00:29.315391,0.45,0.7,2,0.05,0.02,0.3,0.08,12,0.5,20,0.5,,,,,,PRUNED
169,0.13817351745528744,2026-05-09 20:55:00.775828,2026-05-09 20:55:33.313240,0 days 00:00:32.537412,0.45,0.7,2,0.05,0.01,0.3,0.08,12,0.6,20,0.5,,,,,,PRUNED
170,-0.5087919532141589,2026-05-09 20:55:33.337564,2026-05-09 20:56:11.850220,0 days 00:00:38.512656,0.45,0.8,2,0.05,0.02,0.3,0.08,5,0.6,20,0.8,,,,,,PRUNED
171,-0.34734098131234337,2026-05-09 20:56:11.871497,2026-05-09 20:56:12.292143,0 days 00:00:00.420646,0.45,0.7,2,0.05,0.02,0.3,0.08,10,0.6,20,0.5,0.022712185002088787,0.19423434019710908,0.7401063326288643,0.1715221551950203,,COMPLETE
172,0.21646083808463015,2026-05-09 20:56:12.312073,2026-05-09 20:56:39.096094,0 days 00:00:26.784021,0.35,0.7,2,0.05,0.02,0.3,0.08,10,0.6,20,0.5,,,,,,PRUNED
173,0.23529456102740587,2026-05-09 20:56:39.119801,2026-05-09 21:01:27.831509,0 days 00:04:48.711708,0.45,0.7,2,0.05,0.02,0.3,0.08,10,0.6,5,0.5,,,,,,PRUNED
174,0.14238217899454597,2026-05-09 21:01:27.855001,2026-05-09 21:02:06.769186,0 days 00:00:38.914185,0.45,0.8,2,0.05,0.02,0.3,0.08,10,0.6,20,0.65,,,,,,PRUNED
175,0.22489728426866049,2026-05-09 21:02:06.793658,2026-05-09 21:02:33.416021,0 days 00:00:26.622363,0.45,0.7,2,0.03,0.02,0.3,0.08,10,0.6,20,0.5,,,,,,PRUNED
176,0.1870261401692689,2026-05-09 21:02:33.440054,2026-05-09 21:03:01.795594,0 days 00:00:28.355540,0.45,0.7,2,0.05,0.02,0.3,0.16,10,0.6,20,0.5,,,,,,PRUNED
177,0.24408507082259448,2026-05-09 21:03:01.819799,2026-05-09 21:03:28.637206,0 days 00:00:26.817407,0.45,0.9,2,0.05,0.02,0.3,0.08,10,0.6,20,0.5,,,,,,PRUNED
178,0.13083765893292076,2026-05-09 21:03:28.666461,2026-05-09 21:04:06.500640,0 days 00:00:37.834179,0.45,0.8,3,0.05,0.02,0.3,0.08,8,0.6,20,0.5,,,,,,PRUNED
179,0.15969345483654362,2026-05-09 21:04:06.524724,2026-05-09 21:04:31.569180,0 days 00:00:25.044456,0.45,0.7,2,0.05,0.01,0.3,0.08,10,0.6,20,0.65,,,,,,PRUNED
180,0.17139324643739967,2026-05-09 21:04:31.594771,2026-05-09 21:05:49.741220,0 days 00:01:18.146449,0.45,0.7,2,0.05,0.02,0.3,0.08,5,0.6,10,0.5,,,,,,PRUNED
181,-0.34734098131234337,2026-05-09 21:05:49.784797,2026-05-09 21:05:50.306634,0 days 00:00:00.521837,0.45,0.7,2,0.05,0.02,0.3,0.08,10,0.6,20,0.5,0.022712185002088787,0.19423434019710908,0.7401063326288643,0.1715221551950203,,COMPLETE
182,0.22461008299395802,2026-05-09 21:05:50.333173,2026-05-09 21:06:18.606243,0 days 00:00:28.273070,0.25,0.7,2,0.05,0.02,0.3,0.08,10,0.6,20,0.5,,,,,,PRUNED
183,0.15969345483654362,2026-05-09 21:06:18.631969,2026-05-09 21:06:44.240148,0 days 00:00:25.608179,0.45,0.7,2,0.05,0.02,0.3,0.08,10,0.6,20,0.65,,,,,,PRUNED
184,0.24108457766952116,2026-05-09 21:06:44.265601,2026-05-09 21:07:08.831796,0 days 00:00:24.566195,0.45,0.7,2,0.05,0.02,0.3,0.08,10,0.5,20,0.5,,,,,,PRUNED
185,-0.12930514013542962,2026-05-09 21:07:08.853050,2026-05-09 21:07:34.830162,0 days 00:00:25.977112,0.45,0.7,2,0.05,0.02,0.3,0.08,5,0.6,20,0.5,,,,,,PRUNED
186,0.234157000014063,2026-05-09 21:07:34.853618,2026-05-09 21:08:02.184866,0 days 00:00:27.331248,0.45,0.8,2,0.05,0.02,0.3,0.08,10,0.6,20,0.5,,,,,,PRUNED
187,0.1981250483001784,2026-05-09 21:08:02.208594,2026-05-09 21:08:27.515323,0 days 00:00:25.306729,0.45,0.8,4,0.05,0.01,0.3,0.08,10,0.6,20,0.5,,,,,,PRUNED
188,-0.34734098131234337,2026-05-09 21:08:27.619195,2026-05-09 21:08:28.110775,0 days 00:00:00.491580,0.45,0.7,2,0.05,0.02,0.3,0.08,10,0.6,20,0.5,0.022712185002088787,0.19423434019710908,0.7401063326288643,0.1715221551950203,,COMPLETE
189,0.19886129134616723,2026-05-09 21:08:28.132805,2026-05-09 21:08:51.933195,0 days 00:00:23.800390,0.45,0.7,2,0.05,0.01,0.3,0.12,10,0.6,20,0.5,,,,,,PRUNED
190,0.09306411074379736,2026-05-09 21:08:51.954863,2026-05-09 21:09:42.225290,0 days 00:00:50.270427,0.45,0.7,2,0.03,0.02,0.3,0.12,12,0.6,20,0.5,,,,,,PRUNED
191,-0.34734098131234337,2026-05-09 21:09:42.247160,2026-05-09 21:09:42.749101,0 days 00:00:00.501941,0.45,0.7,2,0.05,0.02,0.3,0.08,10,0.6,20,0.5,0.022712185002088787,0.19423434019710908,0.7401063326288643,0.1715221551950203,,COMPLETE
192,-9999.0,2026-05-09 21:09:42.772640,2026-05-09 21:09:43.037368,0 days 00:00:00.264728,0.45,0.7,4,0.03,0.02,0.3,0.08,10,0.7,20,0.5,,,,,BEAR_RATIO < NEUTRAL_RATIO < BULL_RATIO 约束违反: 0.45 / 0.7 / 0.7,COMPLETE
193,-0.34734098131234337,2026-05-09 21:09:43.063025,2026-05-09 21:09:43.547925,0 days 00:00:00.484900,0.45,0.7,2,0.05,0.02,0.3,0.08,10,0.6,20,0.5,0.022712185002088787,0.19423434019710908,0.7401063326288643,0.1715221551950203,,COMPLETE
194,0.09233263459133018,2026-05-09 21:09:43.572250,2026-05-09 21:10:08.925224,0 days 00:00:25.352974,0.25,0.7,4,0.03,0.02,0.6,0.08,10,0.6,20,0.65,,,,,,PRUNED
195,-0.34543435070083,2026-05-09 21:10:08.951252,2026-05-09 21:11:00.488924,0 days 00:00:51.537672,0.45,0.7,2,0.03,0.02,0.3,0.08,15,0.6,20,0.8,,,,,,PRUNED
196,-0.11063627131429868,2026-05-09 21:11:00.515750,2026-05-09 21:15:55.744300,0 days 00:04:55.228550,0.45,0.7,2,0.05,0.01,0.3,0.08,10,0.6,5,0.8,,,,,,PRUNED
197,0.19961509095289412,2026-05-09 21:15:55.767522,2026-05-09 21:16:37.313709,0 days 00:00:41.546187,0.45,0.9,2,0.05,0.01,0.3,0.16,10,0.6,20,0.5,,,,,,PRUNED
198,-0.34734098131234337,2026-05-09 21:16:37.339307,2026-05-09 21:16:37.841814,0 days 00:00:00.502507,0.45,0.7,2,0.05,0.02,0.3,0.08,10,0.6,20,0.5,0.022712185002088787,0.19423434019710908,0.7401063326288643,0.1715221551950203,,COMPLETE
199,-0.34734098131234337,2026-05-09 21:16:37.865752,2026-05-09 21:16:38.375706,0 days 00:00:00.509954,0.45,0.7,2,0.05,0.02,0.3,0.08,10,0.6,20,0.5,0.022712185002088787,0.19423434019710908,0.7401063326288643,0.1715221551950203,,COMPLETE
200,-0.34734098131234337,2026-05-09 21:16:38.401534,2026-05-09 21:17:59.332227,0 days 00:01:20.930693,0.45,0.7,2,0.05,0.01,0.3,0.08,10,0.6,20,0.5,0.022712185002088787,0.19423434019710908,0.7401063326288643,0.1715221551950203,,COMPLETE
201,-0.34734098131234337,2026-05-09 21:17:59.355317,2026-05-09 21:17:59.894029,0 days 00:00:00.538712,0.45,0.7,2,0.05,0.02,0.3,0.08,10,0.6,20,0.5,0.022712185002088787,0.19423434019710908,0.7401063326288643,0.1715221551950203,,COMPLETE
202,0.13817351745528744,2026-05-09 21:17:59.920047,2026-05-09 21:18:45.134546,0 days 00:00:45.214499,0.45,0.7,2,0.05,0.02,0.3,0.08,12,0.6,20,0.5,,,,,,PRUNED
203,-0.34734098131234337,2026-05-09 21:18:45.160433,2026-05-09 21:18:45.659396,0 days 00:00:00.498963,0.45,0.7,2,0.05,0.02,0.3,0.08,10,0.6,20,0.5,0.022712185002088787,0.19423434019710908,0.7401063326288643,0.1715221551950203,,COMPLETE
204,-9999.0,2026-05-09 21:18:45.682890,2026-05-09 21:18:45.968617,0 days 00:00:00.285727,0.45,0.7,2,0.05,0.02,0.3,0.08,5,0.7,20,0.8,,,,,BEAR_RATIO < NEUTRAL_RATIO < BULL_RATIO 约束违反: 0.45 / 0.7 / 0.7,COMPLETE
205,0.004637362387179905,2026-05-09 21:18:46.010917,2026-05-09 21:19:41.593884,0 days 00:00:55.582967,0.45,0.7,2,0.05,0.02,0.3,0.12,15,0.6,20,0.5,,,,,,PRUNED
206,0.14952417467786422,2026-05-09 21:19:41.616605,2026-05-09 21:20:21.041483,0 days 00:00:39.424878,0.35,0.7,2,0.05,0.02,0.45,0.08,10,0.6,20,0.65,,,,,,PRUNED
207,-9999.0,2026-05-09 21:20:21.064063,2026-05-09 21:20:21.319043,0 days 00:00:00.254980,0.45,0.7,2,0.05,0.02,0.3,0.16,8,0.7,20,0.5,,,,,BEAR_RATIO < NEUTRAL_RATIO < BULL_RATIO 约束违反: 0.45 / 0.7 / 0.7,COMPLETE
208,0.23738935254139487,2026-05-09 21:20:21.340288,2026-05-09 21:22:25.355576,0 days 00:02:04.015288,0.45,0.9,2,0.05,0.02,0.3,0.08,10,0.6,10,0.5,,,,,,PRUNED
209,0.03309563171620719,2026-05-09 21:22:25.379406,2026-05-09 21:22:52.637534,0 days 00:00:27.258128,0.45,0.9,2,0.05,0.02,0.3,0.08,15,0.7,20,0.5,,,,,,PRUNED
210,-0.34734098131234337,2026-05-09 21:22:52.661472,2026-05-09 21:22:53.119374,0 days 00:00:00.457902,0.45,0.7,2,0.05,0.02,0.3,0.08,10,0.6,20,0.5,0.022712185002088787,0.19423434019710908,0.7401063326288643,0.1715221551950203,,COMPLETE
211,0.2816859389960979,2026-05-09 21:22:53.141537,2026-05-09 21:24:09.304603,0 days 00:01:16.163066,0.45,0.7,2,0.05,0.02,0.45,0.08,10,0.6,10,0.5,,,,,,PRUNED
212,-0.34734098131234337,2026-05-09 21:24:09.328799,2026-05-09 21:24:09.830374,0 days 00:00:00.501575,0.45,0.7,2,0.05,0.02,0.3,0.08,10,0.6,20,0.5,0.022712185002088787,0.19423434019710908,0.7401063326288643,0.1715221551950203,,COMPLETE
213,0.21675343086151785,2026-05-09 21:24:09.857166,2026-05-09 21:24:46.769475,0 days 00:00:36.912309,0.25,0.9,2,0.03,0.02,0.6,0.08,10,0.6,20,0.5,,,,,,PRUNED
214,0.21267253884914986,2026-05-09 21:24:46.793787,2026-05-09 21:25:12.059472,0 days 00:00:25.265685,0.35,0.7,2,0.03,0.02,0.6,0.08,10,0.6,20,0.5,,,,,,PRUNED
215,-9999.0,2026-05-09 21:25:12.087207,2026-05-09 21:25:12.354691,0 days 00:00:00.267484,0.45,0.7,4,0.05,0.02,0.45,0.08,10,0.7,20,0.5,,,,,BEAR_RATIO < NEUTRAL_RATIO < BULL_RATIO 约束违反: 0.45 / 0.7 / 0.7,COMPLETE
216,0.19536318856270588,2026-05-09 21:25:12.381454,2026-05-09 21:25:37.399736,0 days 00:00:25.018282,0.45,0.7,4,0.03,0.01,0.3,0.08,10,0.6,20,0.5,,,,,,PRUNED
217,-0.07441750128125649,2026-05-09 21:25:37.427286,2026-05-09 21:26:13.391121,0 days 00:00:35.963835,0.45,0.7,2,0.05,0.02,0.3,0.08,8,0.6,20,0.65,,,,,,PRUNED
218,0.19181985105860935,2026-05-09 21:26:13.415107,2026-05-09 21:26:38.711951,0 days 00:00:25.296844,0.45,0.7,4,0.05,0.02,0.3,0.08,10,0.5,20,0.5,,,,,,PRUNED
219,-0.34734098131234337,2026-05-09 21:26:38.744317,2026-05-09 21:26:39.265961,0 days 00:00:00.521644,0.45,0.7,2,0.05,0.02,0.3,0.08,10,0.6,20,0.5,0.022712185002088787,0.19423434019710908,0.7401063326288643,0.1715221551950203,,COMPLETE
220,0.21170736370682233,2026-05-09 21:26:39.292445,2026-05-09 21:27:06.124758,0 days 00:00:26.832313,0.45,0.9,3,0.05,0.02,0.3,0.08,10,0.6,20,0.5,,,,,,PRUNED
221,0.2169151694627907,2026-05-09 21:27:06.148604,2026-05-09 21:27:54.402166,0 days 00:00:48.253562,0.45,0.7,3,0.05,0.02,0.3,0.16,10,0.6,10,0.5,,,,,,PRUNED
222,-0.07695659546243802,2026-05-09 21:27:54.438281,2026-05-09 21:28:33.377298,0 days 00:00:38.939017,0.35,0.7,2,0.05,0.02,0.3,0.08,10,0.6,20,0.8,,,,,,PRUNED
223,0.1643112821344895,2026-05-09 21:28:33.404870,2026-05-09 21:29:37.328110,0 days 00:01:03.923240,0.45,0.7,2,0.05,0.02,0.3,0.08,12,0.6,10,0.5,,,,,,PRUNED
224,0.2074652471351586,2026-05-09 21:29:37.351782,2026-05-09 21:30:06.439378,0 days 00:00:29.087596,0.45,0.9,2,0.05,0.02,0.3,0.12,10,0.6,20,0.5,,,,,,PRUNED
225,0.2073344058574609,2026-05-09 21:30:06.466406,2026-05-09 21:33:45.126147,0 days 00:03:38.659741,0.45,0.7,3,0.03,0.02,0.3,0.08,10,0.6,5,0.5,,,,,,PRUNED
226,0.26258002777891115,2026-05-09 21:33:45.151770,2026-05-09 21:35:03.018441,0 days 00:01:17.866671,0.25,0.7,2,0.05,0.02,0.3,0.08,10,0.6,10,0.5,,,,,,PRUNED
227,-0.1405153325715912,2026-05-09 21:35:03.043839,2026-05-09 21:35:44.023714,0 days 00:00:40.979875,0.45,0.7,4,0.05,0.02,0.3,0.08,10,0.6,20,0.8,,,,,,PRUNED
228,-0.13918144572793303,2026-05-09 21:35:44.051209,2026-05-09 21:36:19.191258,0 days 00:00:35.140049,0.45,0.7,4,0.05,0.02,0.3,0.08,5,0.6,20,0.5,,,,,,PRUNED
229,0.215798720953757,2026-05-09 21:36:19.218899,2026-05-09 21:37:03.731599,0 days 00:00:44.512700,0.45,0.7,2,0.05,0.02,0.3,0.16,10,0.6,10,0.5,,,,,,PRUNED
230,0.17633473073441353,2026-05-09 21:37:03.754209,2026-05-09 21:37:35.009852,0 days 00:00:31.255643,0.45,0.7,2,0.05,0.02,0.3,0.16,10,0.5,20,0.5,,,,,,PRUNED
231,-0.0944154963233077,2026-05-09 21:37:35.036844,2026-05-09 21:38:01.812902,0 days 00:00:26.776058,0.25,0.7,2,0.03,0.02,0.6,0.08,10,0.6,20,0.8,,,,,,PRUNED
232,-0.34734098131234337,2026-05-09 21:38:01.837043,2026-05-09 21:38:02.356954,0 days 00:00:00.519911,0.45,0.7,2,0.05,0.02,0.3,0.08,10,0.6,20,0.5,0.022712185002088787,0.19423434019710908,0.7401063326288643,0.1715221551950203,,COMPLETE
233,-0.43308120996663224,2026-05-09 21:38:02.382340,2026-05-09 21:38:32.043600,0 days 00:00:29.661260,0.45,0.7,3,0.05,0.02,0.3,0.08,5,0.6,20,0.65,,,,,,PRUNED
234,-0.1379094212202593,2026-05-09 21:38:32.086539,2026-05-09 21:38:56.956836,0 days 00:00:24.870297,0.45,0.7,2,0.05,0.02,0.3,0.12,10,0.6,20,0.8,,,,,,PRUNED
235,0.2816859389960979,2026-05-09 21:38:56.979793,2026-05-09 21:38:57.329126,0 days 00:00:00.349333,0.45,0.7,2,0.05,0.02,0.3,0.08,10,0.6,10,0.5,,,,,,PRUNED
236,0.18960685127493937,2026-05-09 21:38:57.354363,2026-05-09 21:39:22.180885,0 days 00:00:24.826522,0.25,0.7,3,0.03,0.02,0.6,0.08,10,0.6,20,0.5,,,,,,PRUNED
237,-0.34734098131234337,2026-05-09 21:39:22.205697,2026-05-09 21:39:22.728553,0 days 00:00:00.522856,0.45,0.7,2,0.05,0.02,0.3,0.08,10,0.6,20,0.5,0.022712185002088787,0.19423434019710908,0.7401063326288643,0.1715221551950203,,COMPLETE
238,-0.34734098131234337,2026-05-09 21:39:22.752661,2026-05-09 21:39:23.321875,0 days 00:00:00.569214,0.45,0.7,2,0.05,0.02,0.3,0.08,10,0.6,20,0.5,0.022712185002088787,0.19423434019710908,0.7401063326288643,0.1715221551950203,,COMPLETE
239,0.1916475768436112,2026-05-09 21:39:23.347225,2026-05-09 21:40:05.970353,0 days 00:00:42.623128,0.25,0.7,2,0.05,0.02,0.3,0.08,8,0.6,20,0.5,,,,,,PRUNED
240,-0.34734098131234337,2026-05-09 21:40:06.005437,2026-05-09 21:40:06.481318,0 days 00:00:00.475881,0.45,0.7,2,0.05,0.02,0.3,0.08,10,0.6,20,0.5,0.022712185002088787,0.19423434019710908,0.7401063326288643,0.1715221551950203,,COMPLETE
241,0.25773048485293965,2026-05-09 21:40:06.510549,2026-05-09 21:42:33.010142,0 days 00:02:26.499593,0.25,0.7,2,0.03,0.02,0.6,0.08,10,0.6,10,0.5,,,,,,PRUNED
242,-0.34734098131234337,2026-05-09 21:42:33.037965,2026-05-09 21:42:33.562493,0 days 00:00:00.524528,0.45,0.7,2,0.05,0.02,0.3,0.08,10,0.6,20,0.5,0.022712185002088787,0.19423434019710908,0.7401063326288643,0.1715221551950203,,COMPLETE
243,0.21568468876410282,2026-05-09 21:42:33.586075,2026-05-09 21:43:00.205832,0 days 00:00:26.619757,0.45,0.7,2,0.03,0.02,0.3,0.08,10,0.5,20,0.5,,,,,,PRUNED
244,0.12239862578003703,2026-05-09 21:43:00.228208,2026-05-09 21:43:41.906165,0 days 00:00:41.677957,0.25,0.7,2,0.05,0.02,0.3,0.08,10,0.6,20,0.65,,,,,,PRUNED
245,-0.34734098131234337,2026-05-09 21:43:41.930386,2026-05-09 21:43:42.485013,0 days 00:00:00.554627,0.45,0.7,2,0.05,0.02,0.3,0.08,10,0.6,20,0.5,0.022712185002088787,0.19423434019710908,0.7401063326288643,0.1715221551950203,,COMPLETE
246,0.19886129134616723,2026-05-09 21:43:42.510229,2026-05-09 21:44:07.798045,0 days 00:00:25.287816,0.45,0.7,2,0.05,0.02,0.45,0.12,10,0.6,20,0.5,,,,,,PRUNED
247,0.23529456102740587,2026-05-09 21:44:07.821553,2026-05-09 21:47:46.402453,0 days 00:03:38.580900,0.45,0.7,2,0.05,0.01,0.3,0.08,10,0.6,5,0.5,,,,,,PRUNED
248,0.20346807882451792,2026-05-09 21:47:46.441399,2026-05-09 21:48:10.741858,0 days 00:00:24.300459,0.45,0.7,3,0.05,0.01,0.3,0.08,10,0.6,20,0.5,,,,,,PRUNED
249,-9999.0,2026-05-09 21:48:10.767800,2026-05-09 21:48:11.100721,0 days 00:00:00.332921,0.25,0.7,2,0.05,0.02,0.3,0.16,10,0.7,20,0.5,,,,,BEAR_RATIO < NEUTRAL_RATIO < BULL_RATIO 约束违反: 0.25 / 0.7 / 0.7,COMPLETE
250,-9999.0,2026-05-09 21:48:11.127155,2026-05-09 21:48:11.422272,0 days 00:00:00.295117,0.45,0.7,2,0.05,0.02,0.3,0.08,8,0.7,20,0.5,,,,,BEAR_RATIO < NEUTRAL_RATIO < BULL_RATIO 约束违反: 0.45 / 0.7 / 0.7,COMPLETE
251,0.2360300953876301,2026-05-09 21:48:11.450264,2026-05-09 21:48:53.873856,0 days 00:00:42.423592,0.45,0.7,4,0.05,0.02,0.3,0.08,10,0.6,10,0.5,,,,,,PRUNED
252,0.17586399596282756,2026-05-09 21:48:53.898648,2026-05-09 21:49:20.458779,0 days 00:00:26.560131,0.45,0.7,2,0.03,0.02,0.3,0.16,10,0.6,20,0.5,,,,,,PRUNED
253,0.1789230583994496,2026-05-09 21:49:20.484095,2026-05-09 21:50:00.189176,0 days 00:00:39.705081,0.35,0.7,2,0.05,0.02,0.3,0.08,8,0.6,20,0.5,,,,,,PRUNED
254,0.18992319445498673,2026-05-09 21:50:00.216302,2026-05-09 21:50:24.178979,0 days 00:00:23.962677,0.25,0.7,2,0.03,0.02,0.45,0.08,8,0.6,20,0.5,,,,,,PRUNED
255,-0.34734098131234337,2026-05-09 21:50:24.202116,2026-05-09 21:50:24.690036,0 days 00:00:00.487920,0.45,0.7,2,0.05,0.02,0.3,0.08,10,0.6,20,0.5,0.022712185002088787,0.19423434019710908,0.7401063326288643,0.1715221551950203,,COMPLETE
256,-0.08222326702850569,2026-05-09 21:50:24.714567,2026-05-09 21:51:05.715751,0 days 00:00:41.001184,0.25,0.7,2,0.05,0.02,0.3,0.08,10,0.6,20,0.8,,,,,,PRUNED
257,0.14951251755450495,2026-05-09 21:51:05.740369,2026-05-09 21:51:29.854163,0 days 00:00:24.113794,0.45,0.7,2,0.05,0.01,0.3,0.08,8,0.6,20,0.5,,,,,,PRUNED
258,0.1192784913713848,2026-05-09 21:51:29.901511,2026-05-09 21:52:15.568774,0 days 00:00:45.667263,0.45,0.7,3,0.05,0.02,0.3,0.08,12,0.6,20,0.5,,,,,,PRUNED
259,0.171364435443836,2026-05-09 21:52:15.594287,2026-05-09 21:54:14.688201,0 days 00:01:59.093914,0.45,0.7,2,0.05,0.02,0.3,0.08,8,0.6,10,0.5,,,,,,PRUNED
260,-0.11786099012027637,2026-05-09 21:54:14.711402,2026-05-09 21:54:38.950746,0 days 00:00:24.239344,0.45,0.9,2,0.05,0.02,0.3,0.08,10,0.6,20,0.8,,,,,,PRUNED
261,-0.34734098131234337,2026-05-09 21:54:38.978019,2026-05-09 21:54:39.491219,0 days 00:00:00.513200,0.45,0.7,2,0.05,0.02,0.3,0.08,10,0.6,20,0.5,0.022712185002088787,0.19423434019710908,0.7401063326288643,0.1715221551950203,,COMPLETE
262,0.10592003879884018,2026-05-09 21:54:39.538164,2026-05-09 21:55:05.407524,0 days 00:00:25.869360,0.25,0.7,4,0.05,0.02,0.3,0.08,12,0.6,20,0.5,,,,,,PRUNED
263,0.17193305476224713,2026-05-09 21:55:05.436568,2026-05-09 21:55:47.337446,0 days 00:00:41.900878,0.35,0.7,2,0.05,0.02,0.3,0.16,10,0.6,20,0.5,,,,,,PRUNED
264,0.23537799988998234,2026-05-09 21:55:47.362375,2026-05-09 21:56:15.868440,0 days 00:00:28.506065,0.45,0.8,2,0.05,0.02,0.3,0.08,10,0.7,20,0.5,,,,,,PRUNED
265,0.2816859389960979,2026-05-09 21:56:15.892750,2026-05-09 21:57:39.913808,0 days 00:01:24.021058,0.45,0.7,2,0.05,0.01,0.3,0.08,10,0.6,10,0.5,,,,,,PRUNED
266,-0.3294436188045603,2026-05-09 21:57:39.938844,2026-05-09 21:58:32.219653,0 days 00:00:52.280809,0.45,0.7,2,0.05,0.02,0.3,0.08,15,0.6,20,0.8,,,,,,PRUNED
267,0.22104226582065917,2026-05-09 21:58:32.454867,2026-05-09 22:02:12.031208,0 days 00:03:39.576341,0.45,0.7,2,0.05,0.02,0.3,0.08,10,0.5,5,0.5,,,,,,PRUNED
268,-0.34734098131234337,2026-05-09 22:02:12.078771,2026-05-09 22:02:12.633140,0 days 00:00:00.554369,0.45,0.7,2,0.05,0.02,0.3,0.08,10,0.6,20,0.5,0.022712185002088787,0.19423434019710908,0.7401063326288643,0.1715221551950203,,COMPLETE
269,0.12174206439683369,2026-05-09 22:02:12.657318,2026-05-09 22:02:52.182729,0 days 00:00:39.525411,0.45,0.7,3,0.05,0.02,0.3,0.08,10,0.6,20,0.65,,,,,,PRUNED
270,-9999.0,2026-05-09 22:02:52.204359,2026-05-09 22:02:52.469181,0 days 00:00:00.264822,0.45,0.7,2,0.05,0.02,0.3,0.08,10,0.7,20,0.65,,,,,BEAR_RATIO < NEUTRAL_RATIO < BULL_RATIO 约束违反: 0.45 / 0.7 / 0.7,COMPLETE
271,0.18992319445498673,2026-05-09 22:02:52.493092,2026-05-09 22:03:30.071896,0 days 00:00:37.578804,0.25,0.7,2,0.03,0.02,0.6,0.08,8,0.6,20,0.5,,,,,,PRUNED
272,-0.002047949842442859,2026-05-09 22:03:30.111287,2026-05-09 22:04:26.282996,0 days 00:00:56.171709,0.35,0.7,2,0.03,0.02,0.3,0.08,15,0.6,20,0.5,,,,,,PRUNED
273,0.1622150812926551,2026-05-09 22:04:26.325154,2026-05-09 22:05:04.109539,0 days 00:00:37.784385,0.45,0.7,3,0.05,0.02,0.3,0.16,10,0.6,20,0.5,,,,,,PRUNED
274,0.1204758452685161,2026-05-09 22:05:04.133557,2026-05-09 22:05:29.366154,0 days 00:00:25.232597,0.45,0.7,2,0.05,0.02,0.45,0.16,8,0.6,20,0.5,,,,,,PRUNED
275,0.1370045870111832,2026-05-09 22:05:29.393565,2026-05-09 22:06:14.489303,0 days 00:00:45.095738,0.25,0.7,2,0.03,0.02,0.6,0.08,12,0.6,20,0.5,,,,,,PRUNED
276,-0.02304277043612979,2026-05-09 22:06:14.514149,2026-05-09 22:06:45.599564,0 days 00:00:31.085415,0.45,0.9,2,0.05,0.02,0.3,0.16,15,0.6,20,0.5,,,,,,PRUNED
277,0.22489728426866049,2026-05-09 22:06:45.625481,2026-05-09 22:07:10.863094,0 days 00:00:25.237613,0.45,0.7,2,0.03,0.01,0.3,0.08,10,0.6,20,0.5,,,,,,PRUNED
278,-0.14740699944274255,2026-05-09 22:07:10.887290,2026-05-09 22:07:46.280302,0 days 00:00:35.393012,0.45,0.7,2,0.05,0.02,0.3,0.08,8,0.6,20,0.8,,,,,,PRUNED
279,0.21881509386426598,2026-05-09 22:07:46.306753,2026-05-09 22:12:38.000719,0 days 00:04:51.693966,0.25,0.7,2,0.05,0.02,0.3,0.08,10,0.6,5,0.5,,,,,,PRUNED
280,0.1898175837236852,2026-05-09 22:12:38.025458,2026-05-09 22:13:02.100394,0 days 00:00:24.074936,0.25,0.8,2,0.03,0.02,0.45,0.08,10,0.5,20,0.5,,,,,,PRUNED
281,0.13953702119652386,2026-05-09 22:13:02.126553,2026-05-09 22:13:48.230862,0 days 00:00:46.104309,0.25,0.7,2,0.05,0.02,0.3,0.08,12,0.6,20,0.5,,,,,,PRUNED
282,0.19463874687575083,2026-05-09 22:13:48.254891,2026-05-09 22:14:12.882071,0 days 00:00:24.627180,0.45,0.7,2,0.03,0.02,0.3,0.12,10,0.6,20,0.5,,,,,,PRUNED
283,0.209112279978715,2026-05-09 22:14:12.905893,2026-05-09 22:14:38.162696,0 days 00:00:25.256803,0.45,0.7,2,0.05,0.02,0.3,0.12,10,0.5,20,0.5,,,,,,PRUNED
284,0.21180145201974712,2026-05-09 22:14:38.189576,2026-05-09 22:14:38.538206,0 days 00:00:00.348630,0.25,0.7,2,0.03,0.02,0.6,0.08,10,0.6,20,0.5,,,,,,PRUNED
285,-0.12515690819788175,2026-05-09 22:14:38.561716,2026-05-09 22:16:27.759734,0 days 00:01:49.198018,0.45,0.7,2,0.03,0.02,0.3,0.08,15,0.6,5,0.5,,,,,,PRUNED
286,0.19475677027240615,2026-05-09 22:16:27.786287,2026-05-09 22:18:02.811512,0 days 00:01:35.025225,0.45,0.7,2,0.05,0.02,0.3,0.12,10,0.6,5,0.65,,,,,,PRUNED
287,0.23708218293985417,2026-05-09 22:18:02.837492,2026-05-09 22:18:53.126426,0 days 00:00:50.288934,0.45,0.7,2,0.05,0.02,0.3,0.12,10,0.6,10,0.5,,,,,,PRUNED
288,0.19713952753589348,2026-05-09 22:18:53.174416,2026-05-09 22:20:25.907707,0 days 00:01:32.733291,0.35,0.7,2,0.05,0.02,0.3,0.08,10,0.6,5,0.5,,,,,,PRUNED
289,-9999.0,2026-05-09 22:20:25.931004,2026-05-09 22:20:26.192425,0 days 00:00:00.261421,0.35,0.7,3,0.05,0.02,0.45,0.08,10,0.7,20,0.5,,,,,BEAR_RATIO < NEUTRAL_RATIO < BULL_RATIO 约束违反: 0.35 / 0.7 / 0.7,COMPLETE
290,0.11511310999600624,2026-05-09 22:20:26.217983,2026-05-09 22:22:05.371985,0 days 00:01:39.154002,0.45,0.7,2,0.05,0.02,0.3,0.08,12,0.6,5,0.5,,,,,,PRUNED
291,-9999.0,2026-05-09 22:22:05.395912,2026-05-09 22:22:05.680551,0 days 00:00:00.284639,0.45,0.7,2,0.05,0.01,0.3,0.08,10,0.7,20,0.5,,,,,BEAR_RATIO < NEUTRAL_RATIO < BULL_RATIO 约束违反: 0.45 / 0.7 / 0.7,COMPLETE
292,-0.14433677594188907,2026-05-09 22:22:05.704914,2026-05-09 22:22:40.381721,0 days 00:00:34.676807,0.45,0.7,2,0.05,0.02,0.3,0.12,5,0.6,20,0.5,,,,,,PRUNED
293,0.1355932399095109,2026-05-09 22:22:40.407527,2026-05-09 22:23:18.848851,0 days 00:00:38.441324,0.45,0.9,2,0.05,0.02,0.3,0.08,10,0.5,20,0.65,,,,,,PRUNED
294,0.1981250483001784,2026-05-09 22:23:18.872391,2026-05-09 22:23:57.849586,0 days 00:00:38.977195,0.45,0.8,4,0.05,0.02,0.3,0.08,10,0.6,20,0.5,,,,,,PRUNED
295,0.1415431057614126,2026-05-09 22:23:57.874044,2026-05-09 22:24:21.454542,0 days 00:00:23.580498,0.45,0.9,2,0.05,0.02,0.3,0.08,10,0.6,20,0.65,,,,,,PRUNED
296,0.03676266643568055,2026-05-09 22:24:21.479428,2026-05-09 22:25:18.099432,0 days 00:00:56.620004,0.45,0.8,2,0.05,0.02,0.3,0.08,15,0.6,20,0.5,,,,,,PRUNED
297,-0.11063627131429868,2026-05-09 22:25:18.124048,2026-05-09 22:30:11.142378,0 days 00:04:53.018330,0.45,0.7,2,0.05,0.02,0.3,0.08,10,0.6,5,0.8,,,,,,PRUNED
298,-9999.0,2026-05-09 22:30:11.166393,2026-05-09 22:30:11.442493,0 days 00:00:00.276100,0.45,0.7,3,0.05,0.02,0.3,0.08,10,0.7,20,0.5,,,,,BEAR_RATIO < NEUTRAL_RATIO < BULL_RATIO 约束违反: 0.45 / 0.7 / 0.7,COMPLETE
299,0.14442062140428474,2026-05-09 22:30:11.483245,2026-05-09 22:30:47.693108,0 days 00:00:36.209863,0.45,0.9,2,0.05,0.02,0.3,0.08,8,0.6,20,0.5,,,,,,PRUNED
300,0.21408550470796597,2026-05-09 22:30:47.717540,2026-05-09 22:31:30.869020,0 days 00:00:43.151480,0.35,0.9,2,0.05,0.02,0.3,0.08,10,0.6,20,0.5,,,,,,PRUNED
301,0.13365365795608292,2026-05-09 22:31:30.893705,2026-05-09 22:31:53.129470,0 days 00:00:22.235765,0.45,0.7,3,0.05,0.02,0.3,0.08,8,0.6,20,0.5,,,,,,PRUNED
302,-9999.0,2026-05-09 22:31:53.162714,2026-05-09 22:31:53.443502,0 days 00:00:00.280788,0.45,0.7,2,0.03,0.02,0.3,0.08,10,0.7,20,0.5,,,,,BEAR_RATIO < NEUTRAL_RATIO < BULL_RATIO 约束违反: 0.45 / 0.7 / 0.7,COMPLETE
303,-0.09353901045948368,2026-05-09 22:31:53.467297,2026-05-09 22:32:34.477060,0 days 00:00:41.009763,0.45,0.7,2,0.03,0.02,0.3,0.08,10,0.6,20,0.8,,,,,,PRUNED
304,0.1976556841349559,2026-05-09 22:32:34.511179,2026-05-09 22:33:01.358032,0 days 00:00:26.846853,0.45,0.7,3,0.05,0.02,0.3,0.12,10,0.6,20,0.5,,,,,,PRUNED
305,-9999.0,2026-05-09 22:33:01.385693,2026-05-09 22:33:01.645658,0 days 00:00:00.259965,0.25,0.7,2,0.03,0.02,0.6,0.08,5,0.7,20,0.5,,,,,BEAR_RATIO < NEUTRAL_RATIO < BULL_RATIO 约束违反: 0.25 / 0.7 / 0.7,COMPLETE
306,0.14341671075093315,2026-05-09 22:33:01.672816,2026-05-09 22:33:26.699822,0 days 00:00:25.027006,0.25,0.7,2,0.03,0.02,0.6,0.16,10,0.6,20,0.5,,,,,,PRUNED
307,0.18385524468596892,2026-05-09 22:33:26.742437,2026-05-09 22:33:51.885194,0 days 00:00:25.142757,0.25,0.7,2,0.05,0.02,0.3,0.12,10,0.6,20,0.5,,,,,,PRUNED
308,-0.34734098131234337,2026-05-09 22:33:51.912558,2026-05-09 22:33:52.508196,0 days 00:00:00.595638,0.45,0.7,2,0.05,0.02,0.3,0.08,10,0.6,20,0.5,0.022712185002088787,0.19423434019710908,0.7401063326288643,0.1715221551950203,,COMPLETE
309,0.2278238093102085,2026-05-09 22:33:52.533110,2026-05-09 22:35:25.656989,0 days 00:01:33.123879,0.45,0.7,2,0.03,0.02,0.3,0.08,10,0.6,5,0.5,,,,,,PRUNED
310,-0.4119022802858134,2026-05-09 22:35:25.681313,2026-05-09 22:35:57.765276,0 days 00:00:32.083963,0.45,0.7,2,0.05,0.02,0.3,0.08,5,0.6,20,0.65,,,,,,PRUNED
311,0.22991543312088475,2026-05-09 22:35:57.785828,2026-05-09 22:37:30.701897,0 days 00:01:32.916069,0.45,0.7,2,0.05,0.02,0.3,0.08,10,0.6,10,0.65,,,,,,PRUNED
312,0.07692797405352458,2026-05-09 22:37:30.728814,2026-05-09 22:38:16.908183,0 days 00:00:46.179369,0.45,0.7,2,0.05,0.02,0.3,0.16,12,0.6,20,0.5,,,,,,PRUNED
313,0.1912492312116557,2026-05-09 22:38:16.949413,2026-05-09 22:39:03.887728,0 days 00:00:46.938315,0.35,0.7,3,0.03,0.02,0.3,0.08,10,0.6,20,0.5,,,,,,PRUNED
314,-0.34734098131234337,2026-05-09 22:39:03.912192,2026-05-09 22:39:04.408456,0 days 00:00:00.496264,0.45,0.7,2,0.05,0.02,0.3,0.08,10,0.6,20,0.5,0.022712185002088787,0.19423434019710908,0.7401063326288643,0.1715221551950203,,COMPLETE
315,0.22984926311043122,2026-05-09 22:39:04.433004,2026-05-09 22:39:31.392972,0 days 00:00:26.959968,0.45,0.9,2,0.03,0.02,0.3,0.08,10,0.6,20,0.5,,,,,,PRUNED
316,-9999.0,2026-05-09 22:39:31.420150,2026-05-09 22:39:31.690732,0 days 00:00:00.270582,0.45,0.7,2,0.05,0.02,0.3,0.12,10,0.7,20,0.5,,,,,BEAR_RATIO < NEUTRAL_RATIO < BULL_RATIO 约束违反: 0.45 / 0.7 / 0.7,COMPLETE
317,-0.12055737957817944,2026-05-09 22:39:31.716502,2026-05-09 22:40:02.260168,0 days 00:00:30.543666,0.45,0.9,2,0.05,0.02,0.3,0.08,5,0.6,20,0.5,,,,,,PRUNED
318,0.14986728396404603,2026-05-09 22:40:02.285878,2026-05-09 22:40:37.432874,0 days 00:00:35.146996,0.45,0.7,2,0.05,0.02,0.3,0.08,10,0.5,20,0.65,,,,,,PRUNED
319,0.21969853946013335,2026-05-09 22:40:37.458059,2026-05-09 22:45:34.497370,0 days 00:04:57.039311,0.45,0.7,2,0.05,0.02,0.3,0.08,8,0.6,5,0.5,,,,,,PRUNED
320,-0.15102742121826923,2026-05-09 22:45:34.539248,2026-05-09 22:46:33.207106,0 days 00:00:58.667858,0.45,0.7,3,0.05,0.02,0.3,0.08,10,0.6,10,0.8,,,,,,PRUNED
321,-9999.0,2026-05-09 22:46:33.229371,2026-05-09 22:46:33.467443,0 days 00:00:00.238072,0.45,0.7,2,0.05,0.02,0.3,0.08,10,0.7,20,0.5,,,,,BEAR_RATIO < NEUTRAL_RATIO < BULL_RATIO 约束违反: 0.45 / 0.7 / 0.7,COMPLETE
322,0.13384899599993658,2026-05-09 22:46:33.513644,2026-05-09 22:47:17.196883,0 days 00:00:43.683239,0.45,0.7,2,0.03,0.02,0.3,0.08,12,0.6,20,0.5,,,,,,PRUNED
323,0.21180145201974712,2026-05-09 22:47:17.220884,2026-05-09 22:48:03.542435,0 days 00:00:46.321551,0.25,0.7,2,0.03,0.01,0.6,0.08,10,0.6,20,0.5,,,,,,PRUNED
324,-0.09450309744972463,2026-05-09 22:48:03.570406,2026-05-09 22:48:35.532098,0 days 00:00:31.961692,0.45,0.7,2,0.05,0.02,0.3,0.08,10,0.5,20,0.8,,,,,,PRUNED
325,0.2131819001807054,2026-05-09 22:48:35.555471,2026-05-09 22:49:01.851610,0 days 00:00:26.296139,0.35,0.7,2,0.05,0.02,0.3,0.08,10,0.5,20,0.5,,,,,,PRUNED
326,0.14601215017286545,2026-05-09 22:49:01.874803,2026-05-09 22:49:38.230835,0 days 00:00:36.356032,0.45,0.7,2,0.05,0.02,0.3,0.08,8,0.5,20,0.5,,,,,,PRUNED
327,0.24607396349993774,2026-05-09 22:49:38.256198,2026-05-09 22:50:05.159782,0 days 00:00:26.903584,0.45,0.9,2,0.05,0.02,0.3,0.08,10,0.7,20,0.5,,,,,,PRUNED
328,0.2630280919586934,2026-05-09 22:50:05.185913,2026-05-09 22:52:37.320011,0 days 00:02:32.134098,0.45,0.7,2,0.05,0.02,0.3,0.08,10,0.5,10,0.5,,,,,,PRUNED
329,0.2153350509806746,2026-05-09 22:52:37.342111,2026-05-09 22:53:02.628672,0 days 00:00:25.286561,0.45,0.8,2,0.03,0.02,0.3,0.08,10,0.6,20,0.5,,,,,,PRUNED
330,0.18929600807842012,2026-05-09 22:53:02.651875,2026-05-09 22:53:26.753391,0 days 00:00:24.101516,0.25,0.7,3,0.05,0.02,0.3,0.08,10,0.6,20,0.5,,,,,,PRUNED
331,-9999.0,2026-05-09 22:53:26.776787,2026-05-09 22:53:27.031243,0 days 00:00:00.254456,0.35,0.7,2,0.05,0.02,0.3,0.16,5,0.7,10,0.8,,,,,BEAR_RATIO < NEUTRAL_RATIO < BULL_RATIO 约束违反: 0.35 / 0.7 / 0.7,COMPLETE
332,0.21646083808463015,2026-05-09 22:53:27.054777,2026-05-09 22:53:54.633239,0 days 00:00:27.578462,0.35,0.7,2,0.05,0.02,0.45,0.08,10,0.6,20,0.5,,,,,,PRUNED
333,0.255691999288825,2026-05-09 22:53:54.658404,2026-05-09 22:54:50.673864,0 days 00:00:56.015460,0.45,0.8,2,0.05,0.02,0.3,0.08,10,0.6,10,0.5,,,,,,PRUNED
334,0.19886129134616723,2026-05-09 22:54:50.723595,2026-05-09 22:54:51.137481,0 days 00:00:00.413886,0.45,0.7,2,0.05,0.02,0.3,0.12,10,0.6,20,0.5,,,,,,PRUNED
335,0.1337289756304959,2026-05-09 22:54:51.164850,2026-05-09 22:55:31.321925,0 days 00:00:40.157075,0.25,0.7,2,0.03,0.02,0.6,0.08,10,0.6,20,0.65,,,,,,PRUNED
336,0.180257605028767,2026-05-09 22:55:31.368389,2026-05-09 22:55:58.137712,0 days 00:00:26.769323,0.45,0.8,2,0.05,0.02,0.3,0.16,10,0.6,20,0.5,,,,,,PRUNED
337,-9999.0,2026-05-09 22:55:58.159938,2026-05-09 22:55:58.425910,0 days 00:00:00.265972,0.45,0.7,2,0.05,0.02,0.3,0.08,10,0.7,5,0.5,,,,,BEAR_RATIO < NEUTRAL_RATIO < BULL_RATIO 约束违反: 0.45 / 0.7 / 0.7,COMPLETE
338,-0.01721385697613151,2026-05-09 22:55:58.451928,2026-05-09 22:56:51.395689,0 days 00:00:52.943761,0.45,0.7,4,0.03,0.02,0.3,0.08,15,0.6,20,0.5,,,,,,PRUNED
339,-0.136836951312543,2026-05-09 22:56:51.419889,2026-05-09 22:57:23.585408,0 days 00:00:32.165519,0.35,0.7,2,0.05,0.02,0.3,0.08,5,0.6,20,0.5,,,,,,PRUNED
340,-0.34734098131234337,2026-05-09 22:57:23.609584,2026-05-09 22:57:24.170707,0 days 00:00:00.561123,0.45,0.7,2,0.05,0.02,0.3,0.08,10,0.6,20,0.5,0.022712185002088787,0.19423434019710908,0.7401063326288643,0.1715221551950203,,COMPLETE
341,0.11789192236328982,2026-05-09 22:57:24.195176,2026-05-09 22:57:47.884539,0 days 00:00:23.689363,0.45,0.7,2,0.05,0.02,0.3,0.12,10,0.6,20,0.65,,,,,,PRUNED
342,0.15969345483654362,2026-05-09 22:57:47.906300,2026-05-09 22:58:13.457930,0 days 00:00:25.551630,0.45,0.7,2,0.05,0.02,0.45,0.08,10,0.6,20,0.65,,,,,,PRUNED
343,0.1870261401692689,2026-05-09 22:58:13.482908,2026-05-09 22:58:40.489146,0 days 00:00:27.006238,0.45,0.7,2,0.05,0.01,0.3,0.16,10,0.6,20,0.5,,,,,,PRUNED
344,0.10700785697851978,2026-05-09 22:58:40.511683,2026-05-09 22:59:29.441807,0 days 00:00:48.930124,0.45,0.7,2,0.05,0.02,0.3,0.12,12,0.6,20,0.5,,,,,,PRUNED
345,0.19817862773938283,2026-05-09 22:59:29.463466,2026-05-09 22:59:54.110300,0 days 00:00:24.646834,0.45,0.7,4,0.05,0.02,0.45,0.08,10,0.6,20,0.5,,,,,,PRUNED
346,0.2069093447817813,2026-05-09 22:59:54.134154,2026-05-09 23:00:18.013546,0 days 00:00:23.879392,0.45,0.9,4,0.05,0.02,0.3,0.08,10,0.6,20,0.5,,,,,,PRUNED
347,0.234157000014063,2026-05-09 23:00:18.041461,2026-05-09 23:00:44.957409,0 days 00:00:26.915948,0.45,0.8,2,0.05,0.01,0.3,0.08,10,0.6,20,0.5,,,,,,PRUNED
348,0.23755803039359985,2026-05-09 23:00:44.980779,2026-05-09 23:02:41.043252,0 days 00:01:56.062473,0.35,0.7,2,0.05,0.02,0.3,0.08,10,0.6,10,0.5,,,,,,PRUNED
349,-9999.0,2026-05-09 23:02:41.067478,2026-05-09 23:02:41.318873,0 days 00:00:00.251395,0.45,0.7,2,0.05,0.02,0.3,0.08,10,0.7,20,0.8,,,,,BEAR_RATIO < NEUTRAL_RATIO < BULL_RATIO 约束违反: 0.45 / 0.7 / 0.7,COMPLETE
350,0.09952621367194597,2026-05-09 23:02:41.341284,2026-05-09 23:03:07.502661,0 days 00:00:26.161377,0.45,0.7,4,0.05,0.02,0.3,0.08,12,0.6,20,0.5,,,,,,PRUNED
351,-0.34734098131234337,2026-05-09 23:03:07.526342,2026-05-09 23:03:08.019610,0 days 00:00:00.493268,0.45,0.7,2,0.05,0.02,0.3,0.08,10,0.6,20,0.5,0.022712185002088787,0.19423434019710908,0.7401063326288643,0.1715221551950203,,COMPLETE
352,-0.25920627141152824,2026-05-09 23:03:08.042054,2026-05-09 23:04:14.913919,0 days 00:01:06.871865,0.25,0.8,4,0.05,0.01,0.3,0.16,12,0.6,10,0.8,,,,,,PRUNED
353,0.09317566894165225,2026-05-09 23:04:14.945911,2026-05-09 23:04:57.537048,0 days 00:00:42.591137,0.45,0.7,2,0.05,0.02,0.3,0.16,10,0.6,20,0.65,,,,,,PRUNED
354,0.024966964276859016,2026-05-09 23:04:57.561853,2026-05-09 23:05:49.021647,0 days 00:00:51.459794,0.45,0.7,3,0.05,0.02,0.3,0.08,15,0.6,20,0.5,,,,,,PRUNED
355,0.21498763673223872,2026-05-09 23:05:49.047743,2026-05-09 23:09:32.897965,0 days 00:03:43.850222,0.45,0.7,2,0.05,0.02,0.3,0.08,10,0.6,5,0.65,,,,,,PRUNED
356,0.21861142597680877,2026-05-09 23:09:32.926767,2026-05-09 23:11:14.218931,0 days 00:01:41.292164,0.45,0.7,3,0.05,0.02,0.3,0.08,10,0.6,5,0.5,,,,,,PRUNED
357,0.13817351745528744,2026-05-09 23:11:14.245126,2026-05-09 23:11:57.304851,0 days 00:00:43.059725,0.45,0.7,2,0.05,0.02,0.45,0.08,12,0.6,20,0.5,,,,,,PRUNED
358,-0.07668093589519309,2026-05-09 23:11:57.329407,2026-05-09 23:11:57.676456,0 days 00:00:00.347049,0.45,0.7,2,0.05,0.02,0.3,0.08,10,0.6,20,0.8,,,,,,PRUNED
359,-9999.0,2026-05-09 23:11:57.702179,2026-05-09 23:11:57.987923,0 days 00:00:00.285744,0.25,0.7,2,0.03,0.02,0.6,0.08,10,0.7,20,0.5,,,,,BEAR_RATIO < NEUTRAL_RATIO < BULL_RATIO 约束违反: 0.25 / 0.7 / 0.7,COMPLETE
360,0.16489562141339523,2026-05-09 23:11:58.014629,2026-05-09 23:12:35.978015,0 days 00:00:37.963386,0.25,0.7,4,0.03,0.02,0.6,0.08,10,0.6,20,0.5,,,,,,PRUNED
361,0.1378858988584621,2026-05-09 23:12:36.003986,2026-05-09 23:13:00.656055,0 days 00:00:24.652069,0.25,0.8,4,0.03,0.02,0.6,0.12,10,0.5,20,0.5,,,,,,PRUNED
362,0.23529456102740587,2026-05-09 23:13:00.680865,2026-05-09 23:14:27.992873,0 days 00:01:27.312008,0.45,0.7,2,0.05,0.02,0.45,0.08,10,0.6,5,0.5,,,,,,PRUNED
363,-0.07668093589519309,2026-05-09 23:14:28.014385,2026-05-09 23:15:09.205826,0 days 00:00:41.191441,0.45,0.7,2,0.05,0.02,0.45,0.08,10,0.6,20,0.8,,,,,,PRUNED
364,0.14951251755450495,2026-05-09 23:15:09.229237,2026-05-09 23:15:09.565383,0 days 00:00:00.336146,0.45,0.7,2,0.05,0.02,0.3,0.08,8,0.6,20,0.5,,,,,,PRUNED
365,-9999.0,2026-05-09 23:15:09.589810,2026-05-09 23:15:09.869446,0 days 00:00:00.279636,0.45,0.7,4,0.05,0.02,0.3,0.08,10,0.7,20,0.5,,,,,BEAR_RATIO < NEUTRAL_RATIO < BULL_RATIO 约束违反: 0.45 / 0.7 / 0.7,COMPLETE
366,-0.1724544475439035,2026-05-09 23:15:09.907322,2026-05-09 23:15:57.043764,0 days 00:00:47.136442,0.25,0.9,4,0.03,0.02,0.3,0.08,5,0.6,10,0.65,,,,,,PRUNED
367,-0.1133754910066655,2026-05-09 23:15:57.069957,2026-05-09 23:16:28.857244,0 days 00:00:31.787287,0.45,0.7,2,0.05,0.02,0.3,0.08,5,0.5,20,0.5,,,,,,PRUNED
368,0.22461008299395802,2026-05-09 23:16:28.878284,2026-05-09 23:17:08.242118,0 days 00:00:39.363834,0.25,0.7,2,0.05,0.01,0.3,0.08,10,0.6,20,0.5,,,,,,PRUNED
369,-0.12742074072308363,2026-05-09 23:17:08.285664,2026-05-09 23:17:31.592694,0 days 00:00:23.307030,0.45,0.7,2,0.03,0.02,0.3,0.08,5,0.6,20,0.5,,,,,,PRUNED
370,0.07996961109211168,2026-05-09 23:17:31.616085,2026-05-09 23:18:18.223399,0 days 00:00:46.607314,0.45,0.7,2,0.05,0.02,0.3,0.08,12,0.6,20,0.65,,,,,,PRUNED
371,0.054768997714224305,2026-05-09 23:18:18.247371,2026-05-09 23:22:08.193077,0 days 00:03:49.945706,0.25,0.8,2,0.05,0.01,0.3,0.08,8,0.5,5,0.8,,,,,,PRUNED
372,0.23981051730401817,2026-05-09 23:22:08.217498,2026-05-09 23:23:06.541859,0 days 00:00:58.324361,0.45,0.8,3,0.03,0.02,0.3,0.08,10,0.6,10,0.65,,,,,,PRUNED
373,-0.17768766972162825,2026-05-09 23:23:06.569109,2026-05-09 23:24:12.600725,0 days 00:01:06.031616,0.35,0.8,3,0.05,0.01,0.3,0.08,12,0.6,10,0.8,,,,,,PRUNED
374,0.22489728426866049,2026-05-09 23:24:12.624820,2026-05-09 23:24:54.805938,0 days 00:00:42.181118,0.45,0.7,2,0.03,0.02,0.6,0.08,10,0.6,20,0.5,,,,,,PRUNED
375,-0.028719684639440385,2026-05-09 23:24:54.830202,2026-05-09 23:25:48.061423,0 days 00:00:53.231221,0.45,0.7,2,0.05,0.02,0.3,0.16,15,0.6,20,0.5,,,,,,PRUNED
376,-0.34734098131234337,2026-05-09 23:25:48.089929,2026-05-09 23:25:48.616415,0 days 00:00:00.526486,0.45,0.7,2,0.05,0.02,0.3,0.08,10,0.6,20,0.5,0.022712185002088787,0.19423434019710908,0.7401063326288643,0.1715221551950203,,COMPLETE
377,0.1593170469829664,2026-05-09 23:25:48.642034,2026-05-09 23:29:31.306161,0 days 00:03:42.664127,0.25,0.8,4,0.03,0.02,0.45,0.08,10,0.6,5,0.5,,,,,,PRUNED
378,-0.1353387499850162,2026-05-09 23:29:31.328209,2026-05-09 23:30:03.061971,0 days 00:00:31.733762,0.25,0.7,2,0.05,0.02,0.3,0.08,5,0.6,20,0.5,,,,,,PRUNED
379,0.20354235407223709,2026-05-09 23:30:03.089765,2026-05-09 23:30:29.262721,0 days 00:00:26.172956,0.45,0.7,3,0.05,0.02,0.3,0.08,10,0.5,20,0.5,,,,,,PRUNED
380,0.040873320073218394,2026-05-09 23:30:29.285934,2026-05-09 23:30:56.862585,0 days 00:00:27.576651,0.45,0.7,2,0.05,0.02,0.45,0.08,15,0.6,20,0.5,,,,,,PRUNED
381,0.2071186685718563,2026-05-09 23:30:56.887439,2026-05-09 23:32:15.221577,0 days 00:01:18.334138,0.45,0.9,2,0.05,0.02,0.3,0.08,10,0.6,5,0.5,,,,,,PRUNED
382,-9999.0,2026-05-09 23:32:15.245476,2026-05-09 23:32:15.524983,0 days 00:00:00.279507,0.35,0.7,2,0.05,0.02,0.3,0.08,10,0.7,20,0.5,,,,,BEAR_RATIO < NEUTRAL_RATIO < BULL_RATIO 约束违反: 0.35 / 0.7 / 0.7,COMPLETE
383,0.19536318856270588,2026-05-09 23:32:15.549607,2026-05-09 23:32:42.706715,0 days 00:00:27.157108,0.45,0.7,4,0.03,0.02,0.3,0.08,10,0.6,20,0.5,,,,,,PRUNED
384,0.19250903447186812,2026-05-09 23:32:42.736033,2026-05-09 23:34:08.228653,0 days 00:01:25.492620,0.45,0.7,2,0.05,0.02,0.3,0.16,10,0.6,5,0.5,,,,,,PRUNED
385,-0.05280894476932793,2026-05-09 23:34:08.253320,2026-05-09 23:35:05.485292,0 days 00:00:57.231972,0.45,0.7,2,0.05,0.02,0.3,0.08,15,0.6,10,0.5,,,,,,PRUNED
386,-9999.0,2026-05-09 23:35:05.509792,2026-05-09 23:35:05.761674,0 days 00:00:00.251882,0.35,0.7,2,0.03,0.02,0.3,0.08,15,0.7,10,0.65,,,,,BEAR_RATIO < NEUTRAL_RATIO < BULL_RATIO 约束违反: 0.35 / 0.7 / 0.7,COMPLETE
387,-0.12575114145264266,2026-05-09 23:35:05.785280,2026-05-09 23:35:33.864674,0 days 00:00:28.079394,0.45,0.8,2,0.05,0.02,0.3,0.08,5,0.6,20,0.5,,,,,,PRUNED
388,-0.19837239234378792,2026-05-09 23:35:33.886045,2026-05-09 23:36:22.056285,0 days 00:00:48.170240,0.45,0.9,3,0.03,0.01,0.6,0.16,15,0.5,10,0.5,,,,,,PRUNED
389,-0.34734098131234337,2026-05-09 23:36:22.078930,2026-05-09 23:36:22.506292,0 days 00:00:00.427362,0.45,0.7,2,0.05,0.02,0.3,0.08,10,0.6,20,0.5,0.022712185002088787,0.19423434019710908,0.7401063326288643,0.1715221551950203,,COMPLETE
390,0.234157000014063,2026-05-09 23:36:22.544173,2026-05-09 23:36:46.018614,0 days 00:00:23.474441,0.45,0.8,2,0.05,0.02,0.45,0.08,10,0.6,20,0.5,,,,,,PRUNED
391,0.18270455795907997,2026-05-09 23:36:46.045493,2026-05-09 23:37:11.534972,0 days 00:00:25.489479,0.35,0.7,3,0.05,0.02,0.3,0.08,10,0.6,20,0.5,,,,,,PRUNED
392,-0.34738623686815434,2026-05-09 23:37:11.558905,2026-05-09 23:37:12.052417,0 days 00:00:00.493512,0.45,0.7,2,0.05,0.02,0.45,0.08,10,0.6,20,0.5,0.02264985109231828,0.19404351208951698,0.7400721759209452,0.1713936609971987,,COMPLETE
393,0.03557849912433017,2026-05-09 23:37:12.074518,2026-05-09 23:37:55.101807,0 days 00:00:43.027289,0.45,0.9,2,0.05,0.02,0.3,0.08,15,0.6,20,0.5,,,,,,PRUNED
394,0.21120166396085793,2026-05-09 23:37:55.125200,2026-05-09 23:41:35.773148,0 days 00:03:40.647948,0.45,0.7,4,0.05,0.02,0.3,0.08,10,0.6,5,0.5,,,,,,PRUNED
395,0.058777753209650785,2026-05-09 23:41:35.798031,2026-05-09 23:42:49.986501,0 days 00:01:14.188470,0.25,0.7,4,0.03,0.01,0.3,0.08,15,0.6,10,0.65,,,,,,PRUNED
396,0.19957658158310995,2026-05-09 23:42:50.009764,2026-05-09 23:45:13.489493,0 days 00:02:23.479729,0.45,0.7,2,0.05,0.02,0.3,0.08,5,0.6,5,0.5,,,,,,PRUNED
397,0.04011174151102892,2026-05-09 23:45:13.533084,2026-05-09 23:45:59.639640,0 days 00:00:46.106556,0.35,0.9,3,0.05,0.02,0.3,0.08,12,0.7,20,0.65,,,,,,PRUNED
398,0.19817862773938283,2026-05-09 23:45:59.664699,2026-05-09 23:46:45.787281,0 days 00:00:46.122582,0.45,0.7,4,0.05,0.01,0.3,0.08,10,0.6,20,0.5,,,,,,PRUNED
399,0.14288700967958212,2026-05-09 23:46:45.811591,2026-05-09 23:48:20.755743,0 days 00:01:34.944152,0.45,0.9,3,0.05,0.02,0.45,0.12,10,0.7,5,0.65,,,,,,PRUNED
400,-9999.0,2026-05-09 23:48:20.777519,2026-05-09 23:48:21.001857,0 days 00:00:00.224338,0.45,0.7,2,0.05,0.02,0.3,0.08,15,0.7,20,0.5,,,,,BEAR_RATIO < NEUTRAL_RATIO < BULL_RATIO 约束违反: 0.45 / 0.7 / 0.7,COMPLETE
401,0.16039973149773018,2026-05-09 23:48:21.025231,2026-05-09 23:48:45.704416,0 days 00:00:24.679185,0.25,0.7,2,0.05,0.02,0.3,0.16,10,0.6,20,0.5,,,,,,PRUNED
402,-9999.0,2026-05-09 23:48:45.728669,2026-05-09 23:48:45.998698,0 days 00:00:00.270029,0.45,0.7,2,0.05,0.02,0.3,0.16,10,0.7,20,0.5,,,,,BEAR_RATIO < NEUTRAL_RATIO < BULL_RATIO 约束违反: 0.45 / 0.7 / 0.7,COMPLETE
403,-0.21243715490827003,2026-05-09 23:48:46.022408,2026-05-09 23:49:34.437763,0 days 00:00:48.415355,0.45,0.7,4,0.05,0.02,0.45,0.16,5,0.6,10,0.8,,,,,,PRUNED
404,-0.15808360354956097,2026-05-09 23:49:34.463936,2026-05-09 23:50:22.001437,0 days 00:00:47.537501,0.45,0.7,2,0.05,0.02,0.3,0.16,10,0.6,20,0.8,,,,,,PRUNED
405,0.18075433711340677,2026-05-09 23:50:22.027561,2026-05-09 23:50:46.141014,0 days 00:00:24.113453,0.25,0.7,4,0.05,0.02,0.3,0.08,10,0.6,20,0.5,,,,,,PRUNED
406,-0.12025571693934553,2026-05-09 23:50:46.168104,2026-05-09 23:51:36.827125,0 days 00:00:50.659021,0.45,0.7,2,0.05,0.02,0.3,0.08,10,0.6,10,0.8,,,,,,PRUNED
407,0.12909201132700782,2026-05-09 23:51:36.852127,2026-05-09 23:52:23.275267,0 days 00:00:46.423140,0.45,0.8,2,0.05,0.02,0.3,0.08,12,0.6,20,0.5,,,,,,PRUNED
408,0.12045232092529157,2026-05-09 23:52:23.299013,2026-05-09 23:53:02.881030,0 days 00:00:39.582017,0.45,0.7,2,0.05,0.02,0.3,0.12,8,0.6,20,0.5,,,,,,PRUNED
409,0.19978965480169705,2026-05-09 23:53:02.905062,2026-05-09 23:53:28.560494,0 days 00:00:25.655432,0.45,0.7,3,0.03,0.02,0.3,0.08,10,0.6,20,0.5,,,,,,PRUNED
410,-9999.0,2026-05-09 23:53:28.583947,2026-05-09 23:53:28.833362,0 days 00:00:00.249415,0.45,0.7,2,0.05,0.02,0.3,0.08,5,0.7,20,0.5,,,,,BEAR_RATIO < NEUTRAL_RATIO < BULL_RATIO 约束违反: 0.45 / 0.7 / 0.7,COMPLETE
411,-9999.0,2026-05-09 23:53:28.860058,2026-05-09 23:53:29.121635,0 days 00:00:00.261577,0.45,0.7,2,0.05,0.02,0.6,0.08,12,0.7,20,0.5,,,,,BEAR_RATIO < NEUTRAL_RATIO < BULL_RATIO 约束违反: 0.45 / 0.7 / 0.7,COMPLETE
412,0.05867229882270747,2026-05-09 23:53:29.148179,2026-05-09 23:58:14.699891,0 days 00:04:45.551712,0.35,0.9,4,0.03,0.02,0.3,0.08,12,0.6,5,0.65,,,,,,PRUNED
413,0.22461008299395802,2026-05-09 23:58:14.724842,2026-05-09 23:58:37.967717,0 days 00:00:23.242875,0.25,0.7,2,0.05,0.02,0.6,0.08,10,0.6,20,0.5,,,,,,PRUNED
414,-0.4224279322617907,2026-05-09 23:58:37.993181,2026-05-10 00:00:31.426300,0 days 00:01:53.433119,0.35,0.9,4,0.05,0.02,0.3,0.16,15,0.6,5,0.8,,,,,,PRUNED
415,0.01375829564247702,2026-05-10 00:00:31.450448,2026-05-10 00:01:53.390206,0 days 00:01:21.939758,0.35,0.9,3,0.05,0.01,0.6,0.08,12,0.5,5,0.65,,,,,,PRUNED
416,-0.4239212839572926,2026-05-10 00:01:53.414093,2026-05-10 00:03:15.140238,0 days 00:01:21.726145,0.35,0.8,3,0.05,0.01,0.45,0.16,15,0.7,5,0.8,,,,,,PRUNED
417,-0.2960814454225324,2026-05-10 00:03:15.179658,2026-05-10 00:04:05.428199,0 days 00:00:50.248541,0.45,0.9,2,0.03,0.01,0.3,0.12,12,0.5,20,0.8,,,,,,PRUNED
418,-0.09234358012828209,2026-05-10 00:04:05.454958,2026-05-10 00:04:55.620722,0 days 00:00:50.165764,0.35,0.8,4,0.05,0.02,0.45,0.08,15,0.7,20,0.65,,,,,,PRUNED
419,-9999.0,2026-05-10 00:04:55.647264,2026-05-10 00:04:55.869074,0 days 00:00:00.221810,0.25,0.7,2,0.05,0.02,0.3,0.08,10,0.7,20,0.5,,,,,BEAR_RATIO < NEUTRAL_RATIO < BULL_RATIO 约束违反: 0.25 / 0.7 / 0.7,COMPLETE
420,0.21267253884914986,2026-05-10 00:04:55.891614,2026-05-10 00:05:42.232676,0 days 00:00:46.341062,0.35,0.7,2,0.03,0.02,0.3,0.08,10,0.6,20,0.5,,,,,,PRUNED
421,0.14412829530722104,2026-05-10 00:05:42.257941,2026-05-10 00:06:17.383496,0 days 00:00:35.125555,0.45,0.7,2,0.03,0.02,0.3,0.08,8,0.6,20,0.5,,,,,,PRUNED
422,0.19961509095289412,2026-05-10 00:06:17.407713,2026-05-10 00:06:44.379511,0 days 00:00:26.971798,0.45,0.9,2,0.05,0.02,0.3,0.16,10,0.6,20,0.5,,,,,,PRUNED
423,0.24408507082259448,2026-05-10 00:06:44.403797,2026-05-10 00:07:09.845572,0 days 00:00:25.441775,0.45,0.9,2,0.05,0.01,0.3,0.08,10,0.6,20,0.5,,,,,,PRUNED
424,-0.12930514013542962,2026-05-10 00:07:09.868865,2026-05-10 00:07:38.706000,0 days 00:00:28.837135,0.45,0.7,2,0.05,0.02,0.45,0.08,5,0.6,20,0.5,,,,,,PRUNED
425,0.040873320073218394,2026-05-10 00:07:38.730094,2026-05-10 00:07:39.047624,0 days 00:00:00.317530,0.45,0.7,2,0.05,0.02,0.3,0.08,15,0.6,20,0.5,,,,,,PRUNED
426,-0.14276851048835856,2026-05-10 00:07:39.071441,2026-05-10 00:08:02.557622,0 days 00:00:23.486181,0.25,0.7,2,0.05,0.02,0.45,0.12,5,0.5,20,0.5,,,,,,PRUNED
427,0.20223921873176123,2026-05-10 00:08:02.599045,2026-05-10 00:08:28.894176,0 days 00:00:26.295131,0.25,0.8,2,0.03,0.02,0.6,0.08,10,0.6,20,0.5,,,,,,PRUNED
428,0.1443559098042641,2026-05-10 00:08:28.917774,2026-05-10 00:09:10.898466,0 days 00:00:41.980692,0.45,0.7,2,0.03,0.02,0.3,0.08,10,0.6,20,0.65,,,,,,PRUNED
429,-9999.0,2026-05-10 00:09:10.921494,2026-05-10 00:09:11.198202,0 days 00:00:00.276708,0.25,0.7,4,0.05,0.02,0.6,0.12,12,0.7,5,0.5,,,,,BEAR_RATIO < NEUTRAL_RATIO < BULL_RATIO 约束违反: 0.25 / 0.7 / 0.7,COMPLETE
430,0.21180145201974712,2026-05-10 00:09:11.222170,2026-05-10 00:09:37.088351,0 days 00:00:25.866181,0.25,0.7,2,0.03,0.02,0.45,0.08,10,0.6,20,0.5,,,,,,PRUNED
431,0.1495942649373268,2026-05-10 00:09:37.113956,2026-05-10 00:10:02.388228,0 days 00:00:25.274272,0.45,0.8,2,0.05,0.02,0.3,0.08,8,0.6,20,0.5,,,,,,PRUNED
432,0.21689916750224147,2026-05-10 00:10:02.415747,2026-05-10 00:10:27.930682,0 days 00:00:25.514935,0.25,0.7,2,0.05,0.02,0.3,0.08,10,0.5,20,0.5,,,,,,PRUNED
433,-0.006045583592071246,2026-05-10 00:10:27.952125,2026-05-10 00:11:22.005591,0 days 00:00:54.053466,0.45,0.7,4,0.05,0.02,0.3,0.08,15,0.6,20,0.5,,,,,,PRUNED
434,0.07488070470211855,2026-05-10 00:11:22.052725,2026-05-10 00:12:06.281190,0 days 00:00:44.228465,0.45,0.7,3,0.05,0.01,0.3,0.08,12,0.6,20,0.65,,,,,,PRUNED
435,0.20346807882451792,2026-05-10 00:12:06.308010,2026-05-10 00:12:06.634146,0 days 00:00:00.326136,0.45,0.7,3,0.05,0.02,0.3,0.08,10,0.6,20,0.5,,,,,,PRUNED
436,0.23529456102740587,2026-05-10 00:12:06.661102,2026-05-10 00:12:06.999164,0 days 00:00:00.338062,0.45,0.7,2,0.05,0.02,0.3,0.08,10,0.6,5,0.5,,,,,,PRUNED
437,0.040873320073218394,2026-05-10 00:12:07.026513,2026-05-10 00:12:36.358852,0 days 00:00:29.332339,0.45,0.7,2,0.05,0.02,0.6,0.08,15,0.6,20,0.5,,,,,,PRUNED
438,-9999.0,2026-05-10 00:12:36.385608,2026-05-10 00:12:36.636678,0 days 00:00:00.251070,0.45,0.7,2,0.05,0.01,0.3,0.16,8,0.7,5,0.65,,,,,BEAR_RATIO < NEUTRAL_RATIO < BULL_RATIO 约束违反: 0.45 / 0.7 / 0.7,COMPLETE
439,-0.34734098131234337,2026-05-10 00:12:36.662458,2026-05-10 00:12:37.200553,0 days 00:00:00.538095,0.45,0.7,2,0.05,0.02,0.3,0.08,10,0.6,20,0.5,0.022712185002088787,0.19423434019710908,0.7401063326288643,0.1715221551950203,,COMPLETE
440,0.19817862773938283,2026-05-10 00:12:37.224861,2026-05-10 00:12:37.564435,0 days 00:00:00.339574,0.45,0.7,4,0.05,0.02,0.3,0.08,10,0.6,20,0.5,,,,,,PRUNED
441,0.14952417467786422,2026-05-10 00:12:37.587817,2026-05-10 00:13:17.920126,0 days 00:00:40.332309,0.35,0.7,2,0.05,0.02,0.3,0.08,10,0.6,20,0.65,,,,,,PRUNED
442,-0.00470031317152575,2026-05-10 00:13:17.941029,2026-05-10 00:13:47.243473,0 days 00:00:29.302444,0.25,0.7,3,0.03,0.02,0.3,0.08,15,0.6,20,0.5,,,,,,PRUNED
443,0.22461008299395802,2026-05-10 00:13:47.268435,2026-05-10 00:13:47.615653,0 days 00:00:00.347218,0.25,0.7,2,0.05,0.02,0.3,0.08,10,0.6,20,0.5,,,,,,PRUNED
444,0.13259976154281053,2026-05-10 00:13:47.659876,2026-05-10 00:14:34.721051,0 days 00:00:47.061175,0.25,0.9,2,0.05,0.02,0.6,0.08,12,0.6,20,0.5,,,,,,PRUNED
445,-9999.0,2026-05-10 00:14:34.745737,2026-05-10 00:14:35.025331,0 days 00:00:00.279594,0.25,0.7,3,0.03,0.01,0.3,0.16,10,0.7,5,0.8,,,,,BEAR_RATIO < NEUTRAL_RATIO < BULL_RATIO 约束违反: 0.25 / 0.7 / 0.7,COMPLETE
446,0.1310613883002899,2026-05-10 00:14:35.050649,2026-05-10 00:19:24.131673,0 days 00:04:49.081024,0.35,0.9,3,0.03,0.02,0.6,0.16,8,0.6,5,0.65,,,,,,PRUNED
447,0.1709806623521024,2026-05-10 00:19:24.155844,2026-05-10 00:20:06.865813,0 days 00:00:42.709969,0.35,0.7,4,0.05,0.02,0.3,0.08,10,0.6,20,0.5,,,,,,PRUNED
448,0.013922994398632926,2026-05-10 00:20:06.888743,2026-05-10 00:20:59.870926,0 days 00:00:52.982183,0.35,0.7,2,0.05,0.02,0.3,0.08,15,0.6,20,0.5,,,,,,PRUNED
449,-9999.0,2026-05-10 00:20:59.896150,2026-05-10 00:21:00.144697,0 days 00:00:00.248547,0.25,0.7,2,0.03,0.01,0.45,0.12,5,0.7,20,0.5,,,,,BEAR_RATIO < NEUTRAL_RATIO < BULL_RATIO 约束违反: 0.25 / 0.7 / 0.7,COMPLETE
450,0.20237904198882245,2026-05-10 00:21:00.168212,2026-05-10 00:22:33.781979,0 days 00:01:33.613767,0.45,0.7,2,0.05,0.02,0.3,0.12,10,0.6,5,0.5,,,,,,PRUNED
451,0.03284878909651606,2026-05-10 00:22:33.803811,2026-05-10 00:23:12.553550,0 days 00:00:38.749739,0.45,0.7,4,0.05,0.02,0.6,0.16,10,0.5,20,0.65,,,,,,PRUNED
452,0.17130886752918295,2026-05-10 00:23:12.574109,2026-05-10 00:24:36.039767,0 days 00:01:23.465658,0.45,0.7,2,0.05,0.02,0.6,0.16,5,0.6,10,0.5,,,,,,PRUNED
453,0.018943213941810977,2026-05-10 00:24:36.063962,2026-05-10 00:25:27.867127,0 days 00:00:51.803165,0.25,0.7,2,0.03,0.02,0.6,0.08,15,0.6,20,0.5,,,,,,PRUNED
454,0.21646083808463015,2026-05-10 00:25:27.890794,2026-05-10 00:25:28.222135,0 days 00:00:00.331341,0.35,0.7,2,0.05,0.02,0.3,0.08,10,0.6,20,0.5,,,,,,PRUNED
455,-9999.0,2026-05-10 00:25:28.245604,2026-05-10 00:25:28.529141,0 days 00:00:00.283537,0.45,0.7,3,0.05,0.01,0.6,0.16,10,0.7,5,0.5,,,,,BEAR_RATIO < NEUTRAL_RATIO < BULL_RATIO 约束违反: 0.45 / 0.7 / 0.7,COMPLETE
456,0.029593623213207354,2026-05-10 00:25:28.554247,2026-05-10 00:26:31.667144,0 days 00:01:03.112897,0.45,0.7,4,0.05,0.02,0.3,0.16,12,0.6,10,0.5,,,,,,PRUNED
457,0.11579583475581853,2026-05-10 00:26:31.691609,2026-05-10 00:30:19.272299,0 days 00:03:47.580690,0.25,0.7,4,0.05,0.01,0.6,0.16,10,0.6,5,0.5,,,,,,PRUNED
458,0.15267256878369062,2026-05-10 00:30:19.296459,2026-05-10 00:31:55.080110,0 days 00:01:35.783651,0.45,0.9,2,0.03,0.01,0.3,0.08,8,0.6,5,0.65,,,,,,PRUNED
459,0.15969345483654362,2026-05-10 00:31:55.101690,2026-05-10 00:31:55.390962,0 days 00:00:00.289272,0.45,0.7,2,0.05,0.02,0.3,0.08,10,0.6,20,0.65,,,,,,PRUNED
460,-0.3583273934492266,2026-05-10 00:31:55.412021,2026-05-10 00:32:46.424661,0 days 00:00:51.012640,0.25,0.7,3,0.03,0.01,0.45,0.12,15,0.6,20,0.8,,,,,,PRUNED
461,0.24408507082259448,2026-05-10 00:32:46.468590,2026-05-10 00:32:46.821474,0 days 00:00:00.352884,0.45,0.9,2,0.05,0.02,0.3,0.08,10,0.6,20,0.5,,,,,,PRUNED
462,0.15972476960974516,2026-05-10 00:32:46.849073,2026-05-10 00:33:24.980815,0 days 00:00:38.131742,0.25,0.8,2,0.05,0.02,0.3,0.12,8,0.6,20,0.5,,,,,,PRUNED
463,-0.0009746525107299508,2026-05-10 00:33:25.004761,2026-05-10 00:34:30.752958,0 days 00:01:05.748197,0.25,0.8,4,0.03,0.02,0.3,0.16,12,0.6,10,0.5,,,,,,PRUNED
464,0.06099568291597912,2026-05-10 00:34:30.775753,2026-05-10 00:35:17.640169,0 days 00:00:46.864416,0.45,0.8,3,0.05,0.02,0.45,0.16,12,0.6,10,0.5,,,,,,PRUNED
465,-0.12930514013542962,2026-05-10 00:35:17.666146,2026-05-10 00:35:17.976824,0 days 00:00:00.310678,0.45,0.7,2,0.05,0.02,0.3,0.08,5,0.6,20,0.5,,,,,,PRUNED
466,-0.34734098131234337,2026-05-10 00:35:18.000815,2026-05-10 00:35:18.509672,0 days 00:00:00.508857,0.45,0.7,2,0.05,0.02,0.3,0.08,10,0.6,20,0.5,0.022712185002088787,0.19423434019710908,0.7401063326288643,0.1715221551950203,,COMPLETE
467,-9999.0,2026-05-10 00:35:18.532833,2026-05-10 00:35:18.785771,0 days 00:00:00.252938,0.35,0.7,4,0.03,0.01,0.6,0.08,12,0.7,5,0.8,,,,,BEAR_RATIO < NEUTRAL_RATIO < BULL_RATIO 约束违反: 0.35 / 0.7 / 0.7,COMPLETE
468,0.2375960170393098,2026-05-10 00:35:18.808175,2026-05-10 00:35:59.994057,0 days 00:00:41.185882,0.45,0.9,2,0.05,0.02,0.3,0.08,10,0.5,20,0.5,,,,,,PRUNED
469,0.18374130524195798,2026-05-10 00:36:00.017970,2026-05-10 00:36:25.025734,0 days 00:00:25.007764,0.35,0.7,2,0.05,0.02,0.3,0.12,10,0.6,20,0.5,,,,,,PRUNED
470,0.11335231883960017,2026-05-10 00:36:25.048268,2026-05-10 00:37:16.783633,0 days 00:00:51.735365,0.45,0.8,2,0.05,0.01,0.6,0.16,8,0.7,10,0.5,,,,,,PRUNED
471,-0.3136120383110431,2026-05-10 00:37:16.808294,2026-05-10 00:38:03.163950,0 days 00:00:46.355656,0.45,0.8,4,0.03,0.01,0.6,0.12,12,0.6,20,0.8,,,,,,PRUNED
472,-9999.0,2026-05-10 00:38:03.189291,2026-05-10 00:38:03.479814,0 days 00:00:00.290523,0.35,0.7,2,0.03,0.02,0.6,0.08,12,0.7,5,0.65,,,,,BEAR_RATIO < NEUTRAL_RATIO < BULL_RATIO 约束违反: 0.35 / 0.7 / 0.7,COMPLETE
473,0.14185241151643524,2026-05-10 00:38:03.504502,2026-05-10 00:41:45.150911,0 days 00:03:41.646409,0.25,0.9,3,0.03,0.02,0.6,0.08,8,0.5,5,0.5,,,,,,PRUNED
474,0.021383421832013028,2026-05-10 00:41:45.177768,2026-05-10 00:42:38.910081,0 days 00:00:53.732313,0.45,0.7,2,0.03,0.02,0.3,0.08,15,0.6,20,0.5,,,,,,PRUNED
475,0.22489728426866049,2026-05-10 00:42:38.933161,2026-05-10 00:42:39.238083,0 days 00:00:00.304922,0.45,0.7,2,0.03,0.02,0.3,0.08,10,0.6,20,0.5,,,,,,PRUNED
476,-9999.0,2026-05-10 00:42:39.280934,2026-05-10 00:42:39.542195,0 days 00:00:00.261261,0.45,0.7,2,0.05,0.02,0.3,0.08,10,0.7,10,0.5,,,,,BEAR_RATIO < NEUTRAL_RATIO < BULL_RATIO 约束违反: 0.45 / 0.7 / 0.7,COMPLETE
477,0.24108457766952116,2026-05-10 00:42:39.564987,2026-05-10 00:42:39.891010,0 days 00:00:00.326023,0.45,0.7,2,0.05,0.02,0.3,0.08,10,0.5,20,0.5,,,,,,PRUNED
478,-0.12930514013542962,2026-05-10 00:42:39.933913,2026-05-10 00:43:06.166548,0 days 00:00:26.232635,0.45,0.7,2,0.05,0.01,0.3,0.08,5,0.6,20,0.5,,,,,,PRUNED
479,0.1870261401692689,2026-05-10 00:43:06.189008,2026-05-10 00:43:53.733603,0 days 00:00:47.544595,0.45,0.7,2,0.05,0.02,0.45,0.16,10,0.6,20,0.5,,,,,,PRUNED
480,0.1870261401692689,2026-05-10 00:43:53.755871,2026-05-10 00:43:54.039499,0 days 00:00:00.283628,0.45,0.7,2,0.05,0.02,0.3,0.16,10,0.6,20,0.5,,,,,,PRUNED
481,0.07210673037231233,2026-05-10 00:43:54.060672,2026-05-10 00:45:31.038804,0 days 00:01:36.978132,0.45,0.9,4,0.03,0.01,0.3,0.16,10,0.7,5,0.5,,,,,,PRUNED
482,-9999.0,2026-05-10 00:45:31.062914,2026-05-10 00:45:31.352501,0 days 00:00:00.289587,0.35,0.7,4,0.05,0.02,0.3,0.12,8,0.7,20,0.5,,,,,BEAR_RATIO < NEUTRAL_RATIO < BULL_RATIO 约束违反: 0.35 / 0.7 / 0.7,COMPLETE
483,0.21230667880876236,2026-05-10 00:45:31.376724,2026-05-10 00:45:58.361454,0 days 00:00:26.984730,0.25,0.8,2,0.05,0.02,0.3,0.08,10,0.6,20,0.5,,,,,,PRUNED
484,-0.34738623686815434,2026-05-10 00:45:58.390061,2026-05-10 00:47:21.100235,0 days 00:01:22.710174,0.45,0.7,2,0.05,0.01,0.6,0.08,10,0.6,20,0.5,0.02264985109231828,0.19404351208951698,0.7400721759209452,0.1713936609971987,,COMPLETE
485,-0.49120040100994744,2026-05-10 00:47:21.125670,2026-05-10 00:47:51.152033,0 days 00:00:30.026363,0.45,0.7,2,0.05,0.02,0.3,0.08,5,0.6,20,0.8,,,,,,PRUNED
486,0.17013542633047354,2026-05-10 00:47:51.176146,2026-05-10 00:48:18.061179,0 days 00:00:26.885033,0.45,0.7,4,0.05,0.02,0.3,0.12,10,0.6,20,0.5,,,,,,PRUNED
487,-0.11847293628702804,2026-05-10 00:48:18.087481,2026-05-10 00:49:02.989799,0 days 00:00:44.902318,0.45,0.7,3,0.05,0.02,0.3,0.08,10,0.6,20,0.8,,,,,,PRUNED
488,0.209076352891773,2026-05-10 00:49:03.114267,2026-05-10 00:53:53.868918,0 days 00:04:50.754651,0.45,0.7,4,0.05,0.02,0.45,0.08,8,0.6,5,0.5,,,,,,PRUNED
489,0.04315771714480077,2026-05-10 00:53:53.896029,2026-05-10 00:54:34.606483,0 days 00:00:40.710454,0.25,0.8,3,0.03,0.02,0.6,0.16,10,0.5,20,0.65,,,,,,PRUNED
490,0.234157000014063,2026-05-10 00:54:34.631223,2026-05-10 00:54:34.954527,0 days 00:00:00.323304,0.45,0.8,2,0.05,0.02,0.3,0.08,10,0.6,20,0.5,,,,,,PRUNED
491,0.13817351745528744,2026-05-10 00:54:34.980726,2026-05-10 00:54:35.329993,0 days 00:00:00.349267,0.45,0.7,2,0.05,0.02,0.3,0.08,12,0.6,20,0.5,,,,,,PRUNED
492,-0.34734098131234337,2026-05-10 00:54:35.376456,2026-05-10 00:54:35.904229,0 days 00:00:00.527773,0.45,0.7,2,0.05,0.01,0.3,0.08,10,0.6,20,0.5,0.022712185002088787,0.19423434019710908,0.7401063326288643,0.1715221551950203,,COMPLETE
493,-0.08808154528814718,2026-05-10 00:54:35.927267,2026-05-10 00:55:51.037029,0 days 00:01:15.109762,0.45,0.8,3,0.03,0.02,0.3,0.12,15,0.7,10,0.5,,,,,,PRUNED
494,-0.04459548498289376,2026-05-10 00:55:51.082724,2026-05-10 00:56:35.352894,0 days 00:00:44.270170,0.45,0.8,2,0.05,0.02,0.6,0.08,15,0.6,10,0.5,,,,,,PRUNED
495,-0.34734098131234337,2026-05-10 00:56:35.378116,2026-05-10 00:56:35.959683,0 days 00:00:00.581567,0.45,0.7,2,0.05,0.02,0.3,0.08,10,0.6,20,0.5,0.022712185002088787,0.19423434019710908,0.7401063326288643,0.1715221551950203,,COMPLETE
496,-0.34734098131234337,2026-05-10 00:56:35.986723,2026-05-10 00:56:36.526664,0 days 00:00:00.539941,0.45,0.7,2,0.05,0.02,0.3,0.08,10,0.6,20,0.5,0.022712185002088787,0.19423434019710908,0.7401063326288643,0.1715221551950203,,COMPLETE
497,-0.19388698777211166,2026-05-10 00:56:36.551246,2026-05-10 00:57:14.015725,0 days 00:00:37.464479,0.35,0.9,3,0.05,0.02,0.45,0.16,8,0.7,20,0.65,,,,,,PRUNED
498,-0.09049896035060614,2026-05-10 00:57:14.042405,2026-05-10 00:58:08.319331,0 days 00:00:54.276926,0.45,0.7,2,0.05,0.02,0.3,0.08,15,0.6,20,0.65,,,,,,PRUNED
499,-0.05691994151683147,2026-05-10 00:58:08.343923,2026-05-10 00:58:55.177025,0 days 00:00:46.833102,0.25,0.8,2,0.05,0.02,0.3,0.12,15,0.5,10,0.5,,,,,,PRUNED
500,-0.29893564111355586,2026-05-10 00:58:55.201722,2026-05-10 00:59:45.262847,0 days 00:00:50.061125,0.25,0.7,2,0.05,0.01,0.3,0.08,15,0.6,20,0.8,,,,,,PRUNED
501,0.243429051501395,2026-05-10 00:59:45.286408,2026-05-10 01:00:52.103066,0 days 00:01:06.816658,0.45,0.7,3,0.05,0.02,0.3,0.08,10,0.6,10,0.5,,,,,,PRUNED
502,-0.2790023184122647,2026-05-10 01:00:52.123058,2026-05-10 01:01:48.108546,0 days 00:00:55.985488,0.25,0.8,4,0.03,0.02,0.6,0.12,15,0.6,10,0.8,,,,,,PRUNED
503,0.027625930165557144,2026-05-10 01:01:48.133150,2026-05-10 01:02:36.164973,0 days 00:00:48.031823,0.25,0.8,2,0.05,0.02,0.3,0.08,15,0.7,20,0.5,,,,,,PRUNED
504,-0.03766118411768615,2026-05-10 01:02:36.189410,2026-05-10 01:03:02.719682,0 days 00:00:26.530272,0.25,0.7,3,0.03,0.02,0.6,0.12,15,0.6,20,0.5,,,,,,PRUNED
505,-0.34734098131234337,2026-05-10 01:03:02.740551,2026-05-10 01:03:03.192352,0 days 00:00:00.451801,0.45,0.7,2,0.05,0.02,0.3,0.08,10,0.6,20,0.5,0.022712185002088787,0.19423434019710908,0.7401063326288643,0.1715221551950203,,COMPLETE
506,-0.4873765704777826,2026-05-10 01:03:03.214018,2026-05-10 01:03:31.580945,0 days 00:00:28.366927,0.25,0.9,4,0.03,0.01,0.6,0.16,15,0.5,20,0.8,,,,,,PRUNED
507,0.19098931824634677,2026-05-10 01:03:31.604900,2026-05-10 01:04:05.699657,0 days 00:00:34.094757,0.45,0.8,2,0.05,0.02,0.3,0.12,10,0.6,20,0.5,,,,,,PRUNED
508,-9999.0,2026-05-10 01:04:05.924516,2026-05-10 01:04:06.752113,0 days 00:00:00.827597,0.45,0.7,3,0.05,0.02,0.3,0.16,10,0.7,20,0.65,,,,,BEAR_RATIO < NEUTRAL_RATIO < BULL_RATIO 约束违反: 0.45 / 0.7 / 0.7,COMPLETE
509,-9999.0,2026-05-10 01:04:06.778453,2026-05-10 01:04:07.057232,0 days 00:00:00.278779,0.45,0.7,2,0.05,0.02,0.6,0.08,10,0.7,20,0.5,,,,,BEAR_RATIO < NEUTRAL_RATIO < BULL_RATIO 约束违反: 0.45 / 0.7 / 0.7,COMPLETE
510,0.17612420878798363,2026-05-10 01:04:07.084829,2026-05-10 01:04:49.763646,0 days 00:00:42.678817,0.35,0.7,4,0.03,0.02,0.3,0.12,10,0.6,10,0.5,,,,,,PRUNED
511,0.08193885918734459,2026-05-10 01:04:49.787821,2026-05-10 01:05:50.025987,0 days 00:01:00.238166,0.45,0.8,4,0.05,0.02,0.45,0.12,8,0.6,10,0.5,,,,,,PRUNED
512,0.28065838940892374,2026-05-10 01:05:50.075095,2026-05-10 01:07:07.531272,0 days 00:01:17.456177,0.45,0.7,2,0.03,0.02,0.3,0.08,10,0.6,10,0.5,,,,,,PRUNED
513,-0.09512873397931232,2026-05-10 01:07:07.560191,2026-05-10 01:07:49.973620,0 days 00:00:42.413429,0.35,0.8,3,0.05,0.02,0.3,0.08,10,0.6,20,0.8,,,,,,PRUNED
514,0.20346807882451792,2026-05-10 01:07:49.998228,2026-05-10 01:08:17.516179,0 days 00:00:27.517951,0.45,0.7,3,0.05,0.02,0.6,0.08,10,0.6,20,0.5,,,,,,PRUNED
515,-0.34734098131234337,2026-05-10 01:08:17.542352,2026-05-10 01:08:18.068082,0 days 00:00:00.525730,0.45,0.7,2,0.05,0.02,0.3,0.08,10,0.6,20,0.5,0.022712185002088787,0.19423434019710908,0.7401063326288643,0.1715221551950203,,COMPLETE
516,0.2816859389960979,2026-05-10 01:08:18.092068,2026-05-10 01:08:18.466355,0 days 00:00:00.374287,0.45,0.7,2,0.05,0.02,0.3,0.08,10,0.6,10,0.5,,,,,,PRUNED
517,0.10363332713302181,2026-05-10 01:08:18.493566,2026-05-10 01:09:05.217363,0 days 00:00:46.723797,0.45,0.9,3,0.03,0.02,0.3,0.08,12,0.6,20,0.5,,,,,,PRUNED
518,0.19644079992522254,2026-05-10 01:09:05.470553,2026-05-10 01:09:34.451269,0 days 00:00:28.980716,0.25,0.7,2,0.03,0.02,0.6,0.08,10,0.5,20,0.5,,,,,,PRUNED
519,-0.34734098131234337,2026-05-10 01:09:34.472998,2026-05-10 01:09:34.907926,0 days 00:00:00.434928,0.45,0.7,2,0.05,0.02,0.3,0.08,10,0.6,20,0.5,0.022712185002088787,0.19423434019710908,0.7401063326288643,0.1715221551950203,,COMPLETE
520,0.20453544440858515,2026-05-10 01:09:34.930916,2026-05-10 01:10:55.913341,0 days 00:01:20.982425,0.45,0.8,3,0.05,0.01,0.45,0.12,12,0.7,10,0.65,,,,,,PRUNED
521,-0.4619615762723731,2026-05-10 01:10:55.938058,2026-05-10 01:11:26.091305,0 days 00:00:30.153247,0.35,0.7,2,0.03,0.02,0.6,0.12,5,0.6,20,0.65,,,,,,PRUNED
522,-0.34734098131234337,2026-05-10 01:11:26.118187,2026-05-10 01:11:26.623846,0 days 00:00:00.505659,0.45,0.7,2,0.05,0.02,0.3,0.08,10,0.6,20,0.5,0.022712185002088787,0.19423434019710908,0.7401063326288643,0.1715221551950203,,COMPLETE
523,-0.34734098131234337,2026-05-10 01:11:26.651116,2026-05-10 01:11:27.187546,0 days 00:00:00.536430,0.45,0.7,2,0.05,0.02,0.3,0.08,10,0.6,20,0.5,0.022712185002088787,0.19423434019710908,0.7401063326288643,0.1715221551950203,,COMPLETE
524,-0.34734098131234337,2026-05-10 01:11:27.214356,2026-05-10 01:11:27.795257,0 days 00:00:00.580901,0.45,0.7,2,0.05,0.02,0.3,0.08,10,0.6,20,0.5,0.022712185002088787,0.19423434019710908,0.7401063326288643,0.1715221551950203,,COMPLETE
525,0.09424337669052579,2026-05-10 01:11:27.820211,2026-05-10 01:12:10.595917,0 days 00:00:42.775706,0.45,0.9,4,0.03,0.01,0.45,0.16,8,0.6,20,0.5,,,,,,PRUNED
526,0.21180145201974712,2026-05-10 01:12:10.619656,2026-05-10 01:12:10.915862,0 days 00:00:00.296206,0.25,0.7,2,0.03,0.02,0.6,0.08,10,0.6,20,0.5,,,,,,PRUNED
527,-0.24474464939435042,2026-05-10 01:12:10.938247,2026-05-10 01:13:15.196191,0 days 00:01:04.257944,0.45,0.8,4,0.03,0.02,0.45,0.12,12,0.6,10,0.8,,,,,,PRUNED
528,-0.34734098131234337,2026-05-10 01:13:15.223348,2026-05-10 01:13:15.678001,0 days 00:00:00.454653,0.45,0.7,2,0.05,0.02,0.3,0.08,10,0.6,20,0.5,0.022712185002088787,0.19423434019710908,0.7401063326288643,0.1715221551950203,,COMPLETE
529,-0.5116434447063818,2026-05-10 01:13:15.700654,2026-05-10 01:13:41.052786,0 days 00:00:25.352132,0.25,0.9,4,0.03,0.01,0.45,0.12,5,0.6,20,0.65,,,,,,PRUNED
