timestamp,action,name,code,price,shares,position,profit,level,date,year_month,label
2019-01-02 09:30:00,重装建仓,纳指ETF,513100.XSHG,2.243,22200.0,22200,,,2019-01-02,2019-01,"纳指ETF
513100.XSHG"
2019-01-02 09:30:00,重装建仓,黄金ETF,518880.XSHG,2.826,17600.0,17600,,,2019-01-02,2019-01,"黄金ETF
518880.XSHG"
2019-01-02 09:30:00,重装建仓,500ETF,510500.XSHG,4.453,11200.0,11200,,,2019-01-02,2019-01,"500ETF
510500.XSHG"
2019-01-02 09:30:00,重装建仓,医药ETF,512010.XSHG,1.328,37600.0,37600,,,2019-01-02,2019-01,"医药ETF
512010.XSHG"
2019-01-02 09:30:00,重装建仓,中概互联,513050.XSHG,1.054,47400.0,47400,,,2019-01-02,2019-01,"中概互联
513050.XSHG"
2019-01-03 09:33:00,加仓,医药ETF,512010.XSHG,1.266,3700.0,41300,,1.0,2019-01-03,2019-01,"医药ETF
512010.XSHG"
2019-01-04 09:31:00,加仓,中概互联,513050.XSHG,1.007,4700.0,52100,,1.0,2019-01-04,2019-01,"中概互联
513050.XSHG"
2019-01-07 09:31:00,止盈,中概互联,513050.XSHG,1.065,4700.0,47400,272.1,0.0,2019-01-07,2019-01,"中概互联
513050.XSHG"
2019-01-08 11:16:00,止盈,纳指ETF,513100.XSHG,2.333,2200.0,20000,197.49,-1.0,2019-01-08,2019-01,"纳指ETF
513100.XSHG"
2019-01-09 10:00:00,止盈,500ETF,510500.XSHG,4.634,1100.0,10100,198.59,-1.0,2019-01-09,2019-01,"500ETF
510500.XSHG"
2019-01-09 10:38:00,止盈,医药ETF,512010.XSHG,1.317,3700.0,37600,188.21,0.0,2019-01-09,2019-01,"医药ETF
512010.XSHG"
2019-01-10 09:31:00,止盈,中概互联,513050.XSHG,1.114,4700.0,42700,229.78,-1.0,2019-01-10,2019-01,"中概互联
513050.XSHG"
2019-01-21 09:34:00,止盈,医药ETF,512010.XSHG,1.37,3700.0,33900,195.59,-1.0,2019-01-21,2019-01,"医药ETF
512010.XSHG"
2019-01-28 09:31:00,止盈,中概互联,513050.XSHG,1.163,4700.0,38000,229.75,-2.0,2019-01-28,2019-01,"中概互联
513050.XSHG"
2019-01-31 14:14:00,加仓,500ETF,510500.XSHG,4.448,1100.0,11200,,0.0,2019-01-31,2019-01,"500ETF
510500.XSHG"
2019-02-11 09:30:00,止盈,纳指ETF,513100.XSHG,2.427,2200.0,17800,206.27,-2.0,2019-02-11,2019-02,"纳指ETF
513100.XSHG"
2019-02-11 09:33:00,止盈,500ETF,510500.XSHG,4.629,1100.0,10100,198.59,-1.0,2019-02-11,2019-02,"500ETF
510500.XSHG"
2019-02-12 09:39:00,止盈,医药ETF,512010.XSHG,1.426,3700.0,30200,206.67,-2.0,2019-02-12,2019-02,"医药ETF
512010.XSHG"
2019-02-12 14:22:00,止盈,中概互联,513050.XSHG,1.21,4700.0,33300,220.33,-3.0,2019-02-12,2019-02,"中概互联
513050.XSHG"
2019-02-13 13:39:00,止盈,500ETF,510500.XSHG,4.815,1100.0,9000,204.07,-2.0,2019-02-13,2019-02,"500ETF
510500.XSHG"
2019-02-18 10:38:00,止盈,医药ETF,512010.XSHG,1.484,3700.0,26500,214.05,-3.0,2019-02-18,2019-02,"医药ETF
512010.XSHG"
2019-02-18 14:59:00,止盈,500ETF,510500.XSHG,5.008,1100.0,7900,211.75,-3.0,2019-02-18,2019-02,"500ETF
510500.XSHG"
2019-02-25 09:31:00,止盈,500ETF,510500.XSHG,5.215,1100.0,6800,227.13,-4.0,2019-02-25,2019-02,"500ETF
510500.XSHG"
2019-02-25 14:33:00,止盈,500ETF,510500.XSHG,5.431,1100.0,5700,237.0,-5.0,2019-02-25,2019-02,"500ETF
510500.XSHG"
2019-02-26 09:51:00,止盈,医药ETF,512010.XSHG,1.548,3700.0,22800,236.23,-4.0,2019-02-26,2019-02,"医药ETF
512010.XSHG"
2019-02-26 10:01:00,止盈,医药ETF,512010.XSHG,1.61,3700.0,19100,228.8,-5.0,2019-02-26,2019-02,"医药ETF
512010.XSHG"
2019-02-26 14:36:00,加仓,医药ETF,512010.XSHG,1.543,3700.0,22800,,-4.0,2019-02-26,2019-02,"医药ETF
512010.XSHG"
2019-03-04 11:25:00,止盈,医药ETF,512010.XSHG,1.605,3700.0,19100,228.81,-5.0,2019-03-04,2019-03,"医药ETF
512010.XSHG"
2019-03-04 13:57:00,止盈,中概互联,513050.XSHG,1.259,4700.0,28600,229.71,-4.0,2019-03-04,2019-03,"中概互联
513050.XSHG"
2019-03-05 14:44:00,止盈,500ETF,510500.XSHG,5.65,1100.0,4600,240.28,-6.0,2019-03-05,2019-03,"500ETF
510500.XSHG"
2019-03-07 14:36:00,止盈,500ETF,510500.XSHG,5.877,1100.0,3500,249.05,-7.0,2019-03-07,2019-03,"500ETF
510500.XSHG"
2019-03-08 14:44:00,加仓,500ETF,510500.XSHG,5.64,1100.0,4600,,-6.0,2019-03-08,2019-03,"500ETF
510500.XSHG"
2019-03-12 09:31:00,止盈,500ETF,510500.XSHG,5.877,1100.0,3500,260.05,-7.0,2019-03-12,2019-03,"500ETF
510500.XSHG"
2019-03-14 09:32:00,止盈,纳指ETF,513100.XSHG,2.527,2200.0,15600,219.44,-3.0,2019-03-14,2019-03,"纳指ETF
513100.XSHG"
2019-03-14 13:42:00,加仓,500ETF,510500.XSHG,5.641,1100.0,4600,,-6.0,2019-03-14,2019-03,"500ETF
510500.XSHG"
2019-03-18 13:26:00,止盈,医药ETF,512010.XSHG,1.67,3700.0,15400,239.88,-6.0,2019-03-18,2019-03,"医药ETF
512010.XSHG"
2019-03-18 14:25:00,止盈,500ETF,510500.XSHG,5.869,1100.0,3500,250.15,-7.0,2019-03-18,2019-03,"500ETF
510500.XSHG"
2019-03-26 14:37:00,加仓,医药ETF,512010.XSHG,1.603,3700.0,19100,,-5.0,2019-03-26,2019-03,"医药ETF
512010.XSHG"
2019-03-28 10:48:00,止盈,医药ETF,512010.XSHG,1.67,3700.0,15400,247.28,-6.0,2019-03-28,2019-03,"医药ETF
512010.XSHG"
2019-04-01 09:40:00,止盈,医药ETF,512010.XSHG,1.743,3700.0,11700,269.46,-7.0,2019-04-01,2019-04,"医药ETF
512010.XSHG"
2019-04-01 10:15:00,止盈,500ETF,510500.XSHG,6.104,1100.0,2400,257.83,-8.0,2019-04-01,2019-04,"500ETF
510500.XSHG"
2019-04-02 09:31:00,止盈,纳指ETF,513100.XSHG,2.631,2200.0,13400,228.22,-4.0,2019-04-02,2019-04,"纳指ETF
513100.XSHG"
2019-04-08 09:33:00,破顶,500ETF,510500.XSHG,6.349,,7800,,,2019-04-08,2019-04,"500ETF
510500.XSHG"
2019-04-08 10:45:00,止盈,中概互联,513050.XSHG,1.31,4700.0,23900,239.08,-5.0,2019-04-08,2019-04,"中概互联
513050.XSHG"
2019-04-12 13:36:00,加仓,500ETF,510500.XSHG,6.092,700.0,8500,,1.0,2019-04-12,2019-04,"500ETF
510500.XSHG"
2019-04-24 09:42:00,止盈,纳指ETF,513100.XSHG,2.737,2200.0,11200,232.6,-5.0,2019-04-24,2019-04,"纳指ETF
513100.XSHG"
2019-04-26 09:31:00,加仓,500ETF,510500.XSHG,5.838,700.0,9200,,2.0,2019-04-26,2019-04,"500ETF
510500.XSHG"
2019-04-26 09:47:00,加仓,医药ETF,512010.XSHG,1.672,3700.0,15400,,-6.0,2019-04-26,2019-04,"医药ETF
512010.XSHG"
2019-05-06 09:31:00,加仓,500ETF,510500.XSHG,5.462,700.0,9900,,3.0,2019-05-06,2019-05,"500ETF
510500.XSHG"
2019-05-06 10:59:00,加仓,医药ETF,512010.XSHG,1.603,3700.0,19100,,-5.0,2019-05-06,2019-05,"医药ETF
512010.XSHG"
2019-05-06 14:03:00,加仓,500ETF,510500.XSHG,5.243,700.0,10600,,4.0,2019-05-06,2019-05,"500ETF
510500.XSHG"
2019-05-13 14:28:00,加仓,中概互联,513050.XSHG,1.257,4700.0,28600,,-4.0,2019-05-13,2019-05,"中概互联
513050.XSHG"
2019-05-14 09:31:00,加仓,纳指ETF,513100.XSHG,2.613,2200.0,13400,,-4.0,2019-05-14,2019-05,"纳指ETF
513100.XSHG"
2019-05-16 13:00:00,止盈,500ETF,510500.XSHG,5.453,700.0,9900,146.62,3.0,2019-05-16,2019-05,"500ETF
510500.XSHG"
2019-05-17 09:32:00,止盈,纳指ETF,513100.XSHG,2.719,2200.0,11200,232.6,-5.0,2019-05-17,2019-05,"纳指ETF
513100.XSHG"
2019-05-20 09:45:00,加仓,500ETF,510500.XSHG,5.233,700.0,10600,,4.0,2019-05-20,2019-05,"500ETF
510500.XSHG"
2019-05-21 09:31:00,加仓,中概互联,513050.XSHG,1.178,4700.0,33300,,-3.0,2019-05-21,2019-05,"中概互联
513050.XSHG"
2019-05-27 10:24:00,加仓,医药ETF,512010.XSHG,1.537,3700.0,22800,,-4.0,2019-05-27,2019-05,"医药ETF
512010.XSHG"
2019-05-27 10:40:00,加仓,中概互联,513050.XSHG,1.13,4700.0,38000,,-2.0,2019-05-27,2019-05,"中概互联
513050.XSHG"
2019-05-29 09:31:00,加仓,纳指ETF,513100.XSHG,2.603,2200.0,13400,,-4.0,2019-05-29,2019-05,"纳指ETF
513100.XSHG"
2019-06-04 09:31:00,止盈,黄金ETF,518880.XSHG,2.945,1700.0,15900,201.8,-1.0,2019-06-04,2019-06,"黄金ETF
518880.XSHG"
2019-06-06 09:33:00,加仓,医药ETF,512010.XSHG,1.474,3700.0,26500,,-3.0,2019-06-06,2019-06,"医药ETF
512010.XSHG"
2019-06-06 14:31:00,加仓,500ETF,510500.XSHG,5.022,700.0,11300,,5.0,2019-06-06,2019-06,"500ETF
510500.XSHG"
2019-06-11 11:24:00,止盈,500ETF,510500.XSHG,5.224,700.0,10600,141.03,4.0,2019-06-11,2019-06,"500ETF
510500.XSHG"
2019-06-11 14:45:00,止盈,医药ETF,512010.XSHG,1.533,3700.0,22800,217.73,-4.0,2019-06-11,2019-06,"医药ETF
512010.XSHG"
2019-06-19 09:31:00,止盈,纳指ETF,513100.XSHG,2.733,2200.0,11200,285.4,-5.0,2019-06-19,2019-06,"纳指ETF
513100.XSHG"
2019-06-19 09:31:00,止盈,中概互联,513050.XSHG,1.181,4700.0,33300,239.14,-3.0,2019-06-19,2019-06,"中概互联
513050.XSHG"
2019-06-20 10:54:00,止盈,医药ETF,512010.XSHG,1.595,3700.0,19100,228.81,-5.0,2019-06-20,2019-06,"医药ETF
512010.XSHG"
2019-06-21 09:31:00,止盈,黄金ETF,518880.XSHG,3.077,1700.0,14200,223.88,-2.0,2019-06-21,2019-06,"黄金ETF
518880.XSHG"
2019-07-01 09:31:00,止盈,500ETF,510500.XSHG,5.44,700.0,9900,150.82,3.0,2019-07-01,2019-07,"500ETF
510500.XSHG"
2019-07-01 09:31:00,止盈,医药ETF,512010.XSHG,1.664,3700.0,15400,254.68,-6.0,2019-07-01,2019-07,"医药ETF
512010.XSHG"
2019-07-01 09:32:00,止盈,中概互联,513050.XSHG,1.232,4700.0,28600,239.12,-4.0,2019-07-01,2019-07,"中概互联
513050.XSHG"
2019-07-09 11:21:00,加仓,500ETF,510500.XSHG,5.218,700.0,10600,,4.0,2019-07-09,2019-07,"500ETF
510500.XSHG"
2019-07-16 09:31:00,止盈,纳指ETF,513100.XSHG,2.843,2200.0,9000,241.37,-6.0,2019-07-16,2019-07,"纳指ETF
513100.XSHG"
2019-08-05 09:31:00,止盈,黄金ETF,518880.XSHG,3.24,1700.0,12500,276.55,-3.0,2019-08-05,2019-08,"黄金ETF
518880.XSHG"
2019-08-05 09:31:00,加仓,中概互联,513050.XSHG,1.171,4700.0,33300,,-3.0,2019-08-05,2019-08,"中概互联
513050.XSHG"
2019-08-05 09:43:00,加仓,医药ETF,512010.XSHG,1.597,3700.0,19100,,-5.0,2019-08-05,2019-08,"医药ETF
512010.XSHG"
2019-08-06 09:31:00,加仓,纳指ETF,513100.XSHG,2.703,2200.0,11200,,-5.0,2019-08-06,2019-08,"纳指ETF
513100.XSHG"
2019-08-06 09:31:00,加仓,中概互联,513050.XSHG,1.118,4700.0,38000,,-2.0,2019-08-06,2019-08,"中概互联
513050.XSHG"
2019-08-06 10:14:00,加仓,500ETF,510500.XSHG,5.005,700.0,11300,,5.0,2019-08-06,2019-08,"500ETF
510500.XSHG"
2019-08-07 14:32:00,止盈,黄金ETF,518880.XSHG,3.371,1700.0,10800,222.13,-4.0,2019-08-07,2019-08,"黄金ETF
518880.XSHG"
2019-08-09 09:31:00,止盈,纳指ETF,513100.XSHG,2.824,2200.0,9000,265.58,-6.0,2019-08-09,2019-08,"纳指ETF
513100.XSHG"
2019-08-14 09:31:00,止盈,中概互联,513050.XSHG,1.171,4700.0,33300,248.55,-3.0,2019-08-14,2019-08,"中概互联
513050.XSHG"
2019-08-15 10:51:00,止盈,医药ETF,512010.XSHG,1.663,3700.0,15400,243.58,-6.0,2019-08-15,2019-08,"医药ETF
512010.XSHG"
2019-08-19 11:01:00,止盈,500ETF,510500.XSHG,5.206,700.0,10600,140.34,4.0,2019-08-19,2019-08,"500ETF
510500.XSHG"
2019-08-19 14:48:00,止盈,中概互联,513050.XSHG,1.219,4700.0,28600,225.03,-4.0,2019-08-19,2019-08,"中概互联
513050.XSHG"
2019-08-23 10:24:00,止盈,医药ETF,512010.XSHG,1.731,3700.0,11700,250.96,-7.0,2019-08-23,2019-08,"医药ETF
512010.XSHG"
2019-08-26 09:31:00,止盈,黄金ETF,518880.XSHG,3.524,1700.0,9100,259.5,-5.0,2019-08-26,2019-08,"黄金ETF
518880.XSHG"
2019-08-27 09:51:00,止盈,医药ETF,512010.XSHG,1.803,3700.0,8000,265.73,-8.0,2019-08-27,2019-08,"医药ETF
512010.XSHG"
2019-09-02 13:26:00,止盈,500ETF,510500.XSHG,5.418,700.0,9900,148.02,3.0,2019-09-02,2019-09,"500ETF
510500.XSHG"
2019-09-09 13:14:00,止盈,500ETF,510500.XSHG,5.639,700.0,9200,154.31,2.0,2019-09-09,2019-09,"500ETF
510500.XSHG"
2019-09-10 09:31:00,加仓,黄金ETF,518880.XSHG,3.38,1700.0,10800,,-4.0,2019-09-10,2019-09,"黄金ETF
518880.XSHG"
2019-09-11 13:02:00,止盈,中概互联,513050.XSHG,1.268,4700.0,23900,229.7,-5.0,2019-09-11,2019-09,"中概互联
513050.XSHG"
2019-09-25 10:01:00,加仓,中概互联,513050.XSHG,1.216,4700.0,28600,,-4.0,2019-09-25,2019-09,"中概互联
513050.XSHG"
2019-09-26 11:23:00,加仓,500ETF,510500.XSHG,5.413,700.0,9900,,3.0,2019-09-26,2019-09,"500ETF
510500.XSHG"
2019-10-28 11:09:00,破顶,医药ETF,512010.XSHG,1.876,,26600,,,2019-10-28,2019-10,"医药ETF
512010.XSHG"
2019-10-29 09:31:00,止盈,纳指ETF,513100.XSHG,2.958,2200.0,6800,294.15,-7.0,2019-10-29,2019-10,"纳指ETF
513100.XSHG"
2019-11-05 09:31:00,止盈,中概互联,513050.XSHG,1.273,4700.0,23900,267.3,-5.0,2019-11-05,2019-11,"中概互联
513050.XSHG"
2019-11-07 10:45:00,止盈,医药ETF,512010.XSHG,1.952,2600.0,24000,197.09,-1.0,2019-11-07,2019-11,"医药ETF
512010.XSHG"
2019-11-12 13:31:00,加仓,黄金ETF,518880.XSHG,3.244,1700.0,12500,,-3.0,2019-11-12,2019-11,"黄金ETF
518880.XSHG"
2019-11-25 09:42:00,加仓,医药ETF,512010.XSHG,1.869,2600.0,26600,,0.0,2019-11-25,2019-11,"医药ETF
512010.XSHG"
2019-11-26 09:32:00,止盈,纳指ETF,513100.XSHG,3.079,2200.0,4600,265.52,-8.0,2019-11-26,2019-11,"纳指ETF
513100.XSHG"
2019-11-28 09:31:00,止盈,中概互联,513050.XSHG,1.326,4700.0,19200,248.48,-6.0,2019-11-28,2019-11,"中概互联
513050.XSHG"
2019-12-03 09:35:00,加仓,医药ETF,512010.XSHG,1.792,2600.0,29200,,1.0,2019-12-03,2019-12,"医药ETF
512010.XSHG"
2019-12-13 09:38:00,止盈,中概互联,513050.XSHG,1.38,4700.0,14500,253.15,-7.0,2019-12-13,2019-12,"中概互联
513050.XSHG"
2019-12-16 09:31:00,止盈,医药ETF,512010.XSHG,1.864,2600.0,26600,186.72,0.0,2019-12-16,2019-12,"医药ETF
512010.XSHG"
2019-12-17 11:26:00,止盈,500ETF,510500.XSHG,5.633,700.0,9200,153.61,2.0,2019-12-17,2019-12,"500ETF
510500.XSHG"
2019-12-24 11:27:00,止盈,中概互联,513050.XSHG,1.436,4700.0,9800,262.53,-8.0,2019-12-24,2019-12,"中概互联
513050.XSHG"
2019-12-27 09:31:00,破顶,纳指ETF,513100.XSHG,3.209,,15500,,,2019-12-27,2019-12,"纳指ETF
513100.XSHG"
2019-12-27 10:28:00,止盈,黄金ETF,518880.XSHG,3.374,1700.0,10800,220.43,-4.0,2019-12-27,2019-12,"黄金ETF
518880.XSHG"
2020-01-06 09:51:00,止盈,500ETF,510500.XSHG,5.86,700.0,8500,158.49,1.0,2020-01-06,2020-01,"500ETF
510500.XSHG"
2020-01-06 09:58:00,止盈,黄金ETF,518880.XSHG,3.51,1700.0,9100,230.6,-5.0,2020-01-06,2020-01,"黄金ETF
518880.XSHG"
2020-01-09 14:45:00,破顶,中概互联,513050.XSHG,1.494,,33400,,,2020-01-09,2020-01,"中概互联
513050.XSHG"
2020-01-10 10:06:00,止盈,纳指ETF,513100.XSHG,3.338,1500.0,14000,193.0,-1.0,2020-01-10,2020-01,"纳指ETF
513100.XSHG"
2020-01-13 14:50:00,止盈,医药ETF,512010.XSHG,1.939,2600.0,24000,194.5,-1.0,2020-01-13,2020-01,"医药ETF
512010.XSHG"
2020-01-14 09:31:00,加仓,黄金ETF,518880.XSHG,3.366,1700.0,10800,,-4.0,2020-01-14,2020-01,"黄金ETF
518880.XSHG"
2020-01-14 09:31:00,止盈,中概互联,513050.XSHG,1.557,3300.0,30100,207.39,-1.0,2020-01-14,2020-01,"中概互联
513050.XSHG"
2020-01-17 09:31:00,止盈,纳指ETF,513100.XSHG,3.495,1500.0,12500,234.98,-2.0,2020-01-17,2020-01,"纳指ETF
513100.XSHG"
2020-01-21 09:33:00,止盈,医药ETF,512010.XSHG,2.018,2600.0,21400,204.88,-2.0,2020-01-21,2020-01,"医药ETF
512010.XSHG"
2020-01-21 09:38:00,加仓,中概互联,513050.XSHG,1.494,3300.0,33400,,0.0,2020-01-21,2020-01,"中概互联
513050.XSHG"
2020-01-21 13:57:00,加仓,纳指ETF,513100.XSHG,3.355,1500.0,14000,,-1.0,2020-01-21,2020-01,"纳指ETF
513100.XSHG"
2020-01-23 10:51:00,加仓,医药ETF,512010.XSHG,1.937,2600.0,24000,,-1.0,2020-01-23,2020-01,"医药ETF
512010.XSHG"
2020-02-03 09:31:00,止盈,黄金ETF,518880.XSHG,3.514,1700.0,9100,251.0,-5.0,2020-02-03,2020-02,"黄金ETF
518880.XSHG"
2020-02-03 09:31:00,加仓,500ETF,510500.XSHG,5.343,700.0,9200,,2.0,2020-02-03,2020-02,"500ETF
510500.XSHG"
2020-02-03 09:31:00,加仓,中概互联,513050.XSHG,1.382,3300.0,36700,,1.0,2020-02-03,2020-02,"中概互联
513050.XSHG"
2020-02-03 09:32:00,加仓,医药ETF,512010.XSHG,1.809,2600.0,26600,,0.0,2020-02-03,2020-02,"医药ETF
512010.XSHG"
2020-02-04 09:31:00,止盈,中概互联,513050.XSHG,1.445,3300.0,33400,207.42,0.0,2020-02-04,2020-02,"中概互联
513050.XSHG"
2020-02-04 13:05:00,止盈,医药ETF,512010.XSHG,1.882,2600.0,24000,189.31,-1.0,2020-02-04,2020-02,"医药ETF
512010.XSHG"
2020-02-05 09:31:00,止盈,纳指ETF,513100.XSHG,3.502,1500.0,12500,219.97,-2.0,2020-02-05,2020-02,"纳指ETF
513100.XSHG"
2020-02-05 09:31:00,止盈,中概互联,513050.XSHG,1.506,3300.0,30100,200.8,-1.0,2020-02-05,2020-02,"中概互联
513050.XSHG"
2020-02-05 10:21:00,止盈,500ETF,510500.XSHG,5.558,700.0,8500,150.11,1.0,2020-02-05,2020-02,"500ETF
510500.XSHG"
2020-02-05 14:51:00,止盈,医药ETF,512010.XSHG,1.958,2600.0,21400,197.09,-2.0,2020-02-05,2020-02,"医药ETF
512010.XSHG"
2020-02-06 09:34:00,止盈,纳指ETF,513100.XSHG,3.649,1500.0,11000,219.95,-3.0,2020-02-06,2020-02,"纳指ETF
513100.XSHG"
2020-02-10 09:51:00,止盈,500ETF,510500.XSHG,5.786,700.0,7800,159.19,0.0,2020-02-10,2020-02,"500ETF
510500.XSHG"
2020-02-11 09:31:00,止盈,纳指ETF,513100.XSHG,3.828,1500.0,9500,267.93,-4.0,2020-02-11,2020-02,"纳指ETF
513100.XSHG"
2020-02-12 14:47:00,止盈,纳指ETF,513100.XSHG,3.982,1500.0,8000,230.4,-5.0,2020-02-12,2020-02,"纳指ETF
513100.XSHG"
2020-02-13 14:27:00,止盈,纳指ETF,513100.XSHG,4.147,1500.0,6500,246.88,-6.0,2020-02-13,2020-02,"纳指ETF
513100.XSHG"
2020-02-17 09:32:00,加仓,纳指ETF,513100.XSHG,3.977,1500.0,8000,,-5.0,2020-02-17,2020-02,"纳指ETF
513100.XSHG"
2020-02-17 13:18:00,止盈,500ETF,510500.XSHG,6.018,700.0,7100,161.98,-1.0,2020-02-17,2020-02,"500ETF
510500.XSHG"
2020-02-19 09:31:00,加仓,纳指ETF,513100.XSHG,3.794,1500.0,9500,,-4.0,2020-02-19,2020-02,"纳指ETF
513100.XSHG"
2020-02-21 11:29:00,止盈,500ETF,510500.XSHG,6.262,700.0,6400,170.36,-2.0,2020-02-21,2020-02,"500ETF
510500.XSHG"
2020-02-24 09:31:00,加仓,纳指ETF,513100.XSHG,3.619,1500.0,11000,,-3.0,2020-02-24,2020-02,"纳指ETF
513100.XSHG"
2020-02-24 09:31:00,止盈,黄金ETF,518880.XSHG,3.726,1700.0,7400,359.77,-6.0,2020-02-24,2020-02,"黄金ETF
518880.XSHG"
2020-02-25 09:32:00,加仓,纳指ETF,513100.XSHG,3.448,1500.0,12500,,-2.0,2020-02-25,2020-02,"纳指ETF
513100.XSHG"
2020-02-25 10:12:00,止盈,纳指ETF,513100.XSHG,3.587,1500.0,11000,207.96,-3.0,2020-02-25,2020-02,"纳指ETF
513100.XSHG"
2020-02-28 09:31:00,加仓,纳指ETF,513100.XSHG,3.428,1500.0,12500,,-2.0,2020-02-28,2020-02,"纳指ETF
513100.XSHG"
2020-02-28 09:31:00,加仓,中概互联,513050.XSHG,1.43,3300.0,33400,,0.0,2020-02-28,2020-02,"中概互联
513050.XSHG"
2020-02-28 10:27:00,加仓,500ETF,510500.XSHG,6.01,700.0,7100,,-1.0,2020-02-28,2020-02,"500ETF
510500.XSHG"
2020-03-02 09:31:00,加仓,黄金ETF,518880.XSHG,3.55,1700.0,9100,,-5.0,2020-03-02,2020-03,"黄金ETF
518880.XSHG"
2020-03-03 09:31:00,止盈,纳指ETF,513100.XSHG,3.678,1500.0,11000,374.45,-3.0,2020-03-03,2020-03,"纳指ETF
513100.XSHG"
2020-03-03 10:02:00,止盈,500ETF,510500.XSHG,6.259,700.0,6400,173.86,-2.0,2020-03-03,2020-03,"500ETF
510500.XSHG"
2020-03-04 09:31:00,加仓,纳指ETF,513100.XSHG,3.503,1500.0,12500,,-2.0,2020-03-04,2020-03,"纳指ETF
513100.XSHG"
2020-03-05 09:31:00,止盈,纳指ETF,513100.XSHG,3.655,1500.0,11000,227.45,-3.0,2020-03-05,2020-03,"纳指ETF
513100.XSHG"
2020-03-05 10:23:00,止盈,医药ETF,512010.XSHG,2.038,2600.0,18800,207.47,-3.0,2020-03-05,2020-03,"医药ETF
512010.XSHG"
2020-03-06 09:31:00,加仓,纳指ETF,513100.XSHG,3.492,1500.0,12500,,-2.0,2020-03-06,2020-03,"纳指ETF
513100.XSHG"
2020-03-06 13:02:00,止盈,黄金ETF,518880.XSHG,3.693,1700.0,7400,242.47,-6.0,2020-03-06,2020-03,"黄金ETF
518880.XSHG"
2020-03-09 13:03:00,加仓,纳指ETF,513100.XSHG,3.352,1500.0,14000,,-1.0,2020-03-09,2020-03,"纳指ETF
513100.XSHG"
2020-03-09 13:21:00,加仓,500ETF,510500.XSHG,6.008,700.0,7100,,-1.0,2020-03-09,2020-03,"500ETF
510500.XSHG"
2020-03-12 09:32:00,加仓,纳指ETF,513100.XSHG,3.193,1500.0,15500,,0.0,2020-03-12,2020-03,"纳指ETF
513100.XSHG"
2020-03-12 10:03:00,加仓,医药ETF,512010.XSHG,1.956,2600.0,21400,,-2.0,2020-03-12,2020-03,"医药ETF
512010.XSHG"
2020-03-12 10:03:00,加仓,中概互联,513050.XSHG,1.372,3300.0,36700,,1.0,2020-03-12,2020-03,"中概互联
513050.XSHG"
2020-03-13 09:31:00,加仓,纳指ETF,513100.XSHG,2.987,1500.0,17000,,1.0,2020-03-13,2020-03,"纳指ETF
513100.XSHG"
2020-03-13 09:31:00,加仓,黄金ETF,518880.XSHG,3.463,1700.0,9100,,-5.0,2020-03-13,2020-03,"黄金ETF
518880.XSHG"
2020-03-13 09:31:00,加仓,500ETF,510500.XSHG,5.7,700.0,7800,,0.0,2020-03-13,2020-03,"500ETF
510500.XSHG"
2020-03-13 09:31:00,加仓,医药ETF,512010.XSHG,1.841,2600.0,24000,,-1.0,2020-03-13,2020-03,"医药ETF
512010.XSHG"
2020-03-13 09:31:00,加仓,中概互联,513050.XSHG,1.282,3300.0,40000,,2.0,2020-03-13,2020-03,"中概互联
513050.XSHG"
2020-03-13 10:32:00,止盈,中概互联,513050.XSHG,1.334,3300.0,36700,171.16,1.0,2020-03-13,2020-03,"中概互联
513050.XSHG"
2020-03-13 13:02:00,止盈,纳指ETF,513100.XSHG,3.168,1500.0,15500,271.02,0.0,2020-03-13,2020-03,"纳指ETF
513100.XSHG"
2020-03-13 13:07:00,止盈,500ETF,510500.XSHG,5.93,700.0,7100,160.58,-1.0,2020-03-13,2020-03,"500ETF
510500.XSHG"
2020-03-13 13:20:00,止盈,纳指ETF,513100.XSHG,3.296,1500.0,14000,191.51,-1.0,2020-03-13,2020-03,"纳指ETF
513100.XSHG"
2020-03-16 09:31:00,加仓,纳指ETF,513100.XSHG,3.134,1500.0,15500,,0.0,2020-03-16,2020-03,"纳指ETF
513100.XSHG"
2020-03-16 14:03:00,加仓,500ETF,510500.XSHG,5.692,700.0,7800,,0.0,2020-03-16,2020-03,"500ETF
510500.XSHG"
2020-03-16 14:55:00,加仓,纳指ETF,513100.XSHG,3.007,1500.0,17000,,1.0,2020-03-16,2020-03,"纳指ETF
513100.XSHG"
2020-03-17 09:31:00,加仓,黄金ETF,518880.XSHG,3.312,1700.0,10800,,-4.0,2020-03-17,2020-03,"黄金ETF
518880.XSHG"
2020-03-17 09:32:00,止盈,纳指ETF,513100.XSHG,3.14,1500.0,15500,199.03,0.0,2020-03-17,2020-03,"纳指ETF
513100.XSHG"
2020-03-17 10:19:00,加仓,纳指ETF,513100.XSHG,3.014,1500.0,17000,,1.0,2020-03-17,2020-03,"纳指ETF
513100.XSHG"
2020-03-18 09:38:00,止盈,纳指ETF,513100.XSHG,3.14,1500.0,15500,188.53,0.0,2020-03-18,2020-03,"纳指ETF
513100.XSHG"
2020-03-18 14:23:00,加仓,纳指ETF,513100.XSHG,3.006,1500.0,17000,,1.0,2020-03-18,2020-03,"纳指ETF
513100.XSHG"
2020-03-18 14:43:00,加仓,中概互联,513050.XSHG,1.28,3300.0,40000,,2.0,2020-03-18,2020-03,"中概互联
513050.XSHG"
2020-03-19 10:56:00,加仓,医药ETF,512010.XSHG,1.766,2600.0,26600,,0.0,2020-03-19,2020-03,"医药ETF
512010.XSHG"
2020-03-19 11:00:00,加仓,500ETF,510500.XSHG,5.463,700.0,8500,,1.0,2020-03-19,2020-03,"500ETF
510500.XSHG"
2020-03-20 10:11:00,止盈,中概互联,513050.XSHG,1.333,3300.0,36700,174.46,1.0,2020-03-20,2020-03,"中概互联
513050.XSHG"
2020-03-20 10:56:00,止盈,纳指ETF,513100.XSHG,3.129,1500.0,15500,184.03,0.0,2020-03-20,2020-03,"纳指ETF
513100.XSHG"
2020-03-20 14:53:00,止盈,医药ETF,512010.XSHG,1.837,2600.0,24000,184.12,-1.0,2020-03-20,2020-03,"医药ETF
512010.XSHG"
2020-03-24 09:31:00,止盈,黄金ETF,518880.XSHG,3.549,1700.0,9100,402.3,-5.0,2020-03-24,2020-03,"黄金ETF
518880.XSHG"
2020-03-25 09:31:00,止盈,纳指ETF,513100.XSHG,3.32,1500.0,14000,286.0,-1.0,2020-03-25,2020-03,"纳指ETF
513100.XSHG"
2020-03-25 09:31:00,止盈,中概互联,513050.XSHG,1.413,3300.0,33400,263.53,0.0,2020-03-25,2020-03,"中概互联
513050.XSHG"
2020-03-25 10:59:00,止盈,医药ETF,512010.XSHG,1.914,2600.0,21400,199.7,-2.0,2020-03-25,2020-03,"医药ETF
512010.XSHG"
2020-03-27 09:47:00,止盈,医药ETF,512010.XSHG,1.991,2600.0,18800,199.68,-3.0,2020-03-27,2020-03,"医药ETF
512010.XSHG"
2020-03-27 14:50:00,加仓,纳指ETF,513100.XSHG,3.178,1500.0,15500,,0.0,2020-03-27,2020-03,"纳指ETF
513100.XSHG"
2020-04-07 10:04:00,止盈,黄金ETF,518880.XSHG,3.691,1700.0,7400,240.77,-6.0,2020-04-07,2020-04,"黄金ETF
518880.XSHG"
2020-04-07 11:13:00,止盈,500ETF,510500.XSHG,5.682,700.0,7800,152.9,0.0,2020-04-07,2020-04,"500ETF
510500.XSHG"
2020-04-09 11:13:00,止盈,医药ETF,512010.XSHG,2.071,2600.0,16200,207.46,-4.0,2020-04-09,2020-04,"医药ETF
512010.XSHG"
2020-04-17 09:31:00,止盈,纳指ETF,513100.XSHG,3.342,1500.0,14000,245.5,-1.0,2020-04-17,2020-04,"纳指ETF
513100.XSHG"
2020-04-17 09:31:00,止盈,中概互联,513050.XSHG,1.484,3300.0,30100,233.81,-1.0,2020-04-17,2020-04,"中概互联
513050.XSHG"
2020-04-23 09:34:00,止盈,纳指ETF,513100.XSHG,3.494,1500.0,12500,227.48,-2.0,2020-04-23,2020-04,"纳指ETF
513100.XSHG"
2020-04-28 09:34:00,止盈,纳指ETF,513100.XSHG,3.658,1500.0,11000,245.45,-3.0,2020-04-28,2020-04,"纳指ETF
513100.XSHG"
2020-04-30 09:31:00,止盈,纳指ETF,513100.XSHG,3.842,1500.0,9500,275.42,-4.0,2020-04-30,2020-04,"纳指ETF
513100.XSHG"
2020-04-30 14:38:00,加仓,纳指ETF,513100.XSHG,3.676,1500.0,11000,,-3.0,2020-04-30,2020-04,"纳指ETF
513100.XSHG"
2020-05-06 14:44:00,止盈,500ETF,510500.XSHG,5.91,700.0,7100,159.19,-1.0,2020-05-06,2020-05,"500ETF
510500.XSHG"
2020-05-08 09:48:00,止盈,纳指ETF,513100.XSHG,3.827,1500.0,9500,225.93,-4.0,2020-05-08,2020-05,"纳指ETF
513100.XSHG"
2020-05-08 10:06:00,止盈,医药ETF,512010.XSHG,2.154,2600.0,13600,215.24,-5.0,2020-05-08,2020-05,"医药ETF
512010.XSHG"
2020-05-12 10:58:00,加仓,纳指ETF,513100.XSHG,3.673,1500.0,11000,,-3.0,2020-05-12,2020-05,"纳指ETF
513100.XSHG"
2020-05-15 14:24:00,止盈,黄金ETF,518880.XSHG,3.839,1700.0,5700,250.95,-7.0,2020-05-15,2020-05,"黄金ETF
518880.XSHG"
2020-05-19 09:31:00,止盈,中概互联,513050.XSHG,1.582,3300.0,26800,322.88,-2.0,2020-05-19,2020-05,"中概互联
513050.XSHG"
2020-05-25 09:33:00,加仓,中概互联,513050.XSHG,1.516,3300.0,30100,,-1.0,2020-05-25,2020-05,"中概互联
513050.XSHG"
2020-05-26 10:23:00,止盈,中概互联,513050.XSHG,1.58,3300.0,26800,210.68,-2.0,2020-05-26,2020-05,"中概互联
513050.XSHG"
2020-05-27 13:03:00,止盈,纳指ETF,513100.XSHG,3.82,1500.0,9500,219.93,-4.0,2020-05-27,2020-05,"纳指ETF
513100.XSHG"
2020-06-04 09:31:00,止盈,中概互联,513050.XSHG,1.645,3300.0,23500,213.96,-3.0,2020-06-04,2020-06,"中概互联
513050.XSHG"
2020-06-09 13:21:00,止盈,医药ETF,512010.XSHG,2.242,2600.0,11000,228.22,-6.0,2020-06-09,2020-06,"医药ETF
512010.XSHG"
2020-06-11 09:41:00,止盈,中概互联,513050.XSHG,1.711,3300.0,20200,217.24,-4.0,2020-06-11,2020-06,"中概互联
513050.XSHG"
2020-06-11 11:11:00,止盈,500ETF,510500.XSHG,6.147,700.0,6400,165.47,-2.0,2020-06-11,2020-06,"500ETF
510500.XSHG"
2020-06-12 09:31:00,加仓,纳指ETF,513100.XSHG,3.657,1500.0,11000,,-3.0,2020-06-12,2020-06,"纳指ETF
513100.XSHG"
2020-06-12 09:31:00,加仓,中概互联,513050.XSHG,1.641,3300.0,23500,,-3.0,2020-06-12,2020-06,"中概互联
513050.XSHG"
2020-06-16 09:57:00,止盈,医药ETF,512010.XSHG,2.333,2600.0,8400,235.99,-7.0,2020-06-16,2020-06,"医药ETF
512010.XSHG"
2020-06-16 10:52:00,止盈,纳指ETF,513100.XSHG,3.806,1500.0,9500,222.93,-4.0,2020-06-16,2020-06,"纳指ETF
513100.XSHG"
2020-06-17 09:31:00,止盈,中概互联,513050.XSHG,1.715,3300.0,20200,243.63,-4.0,2020-06-17,2020-06,"中概互联
513050.XSHG"
2020-06-19 09:37:00,止盈,中概互联,513050.XSHG,1.784,3300.0,16900,227.11,-5.0,2020-06-19,2020-06,"中概互联
513050.XSHG"
2020-06-19 09:42:00,止盈,医药ETF,512010.XSHG,2.427,2600.0,5800,243.77,-8.0,2020-06-19,2020-06,"医药ETF
512010.XSHG"
2020-06-24 09:32:00,破顶,医药ETF,512010.XSHG,2.529,,19700,,,2020-06-24,2020-06,"医药ETF
512010.XSHG"
2020-06-24 09:38:00,止盈,中概互联,513050.XSHG,1.858,3300.0,13600,243.59,-6.0,2020-06-24,2020-06,"中概互联
513050.XSHG"
2020-06-30 10:27:00,止盈,500ETF,510500.XSHG,6.394,700.0,5700,172.45,-3.0,2020-06-30,2020-06,"500ETF
510500.XSHG"
2020-07-06 09:31:00,止盈,500ETF,510500.XSHG,6.681,700.0,5000,200.43,-4.0,2020-07-06,2020-07,"500ETF
510500.XSHG"
2020-07-06 13:11:00,止盈,500ETF,510500.XSHG,6.95,700.0,4300,187.81,-5.0,2020-07-06,2020-07,"500ETF
510500.XSHG"
2020-07-07 09:32:00,止盈,中概互联,513050.XSHG,1.947,3300.0,10300,293.06,-7.0,2020-07-07,2020-07,"中概互联
513050.XSHG"
2020-07-07 13:40:00,止盈,医药ETF,512010.XSHG,2.631,1900.0,17800,193.3,-1.0,2020-07-07,2020-07,"医药ETF
512010.XSHG"
2020-07-09 09:35:00,止盈,中概互联,513050.XSHG,2.026,3300.0,7000,260.03,-8.0,2020-07-09,2020-07,"中概互联
513050.XSHG"
2020-07-09 09:52:00,止盈,500ETF,510500.XSHG,7.229,700.0,3600,194.79,-6.0,2020-07-09,2020-07,"500ETF
510500.XSHG"
2020-07-10 09:38:00,止盈,医药ETF,512010.XSHG,2.738,1900.0,15900,202.78,-2.0,2020-07-10,2020-07,"医药ETF
512010.XSHG"
2020-07-13 13:13:00,止盈,500ETF,510500.XSHG,7.521,700.0,2900,203.87,-7.0,2020-07-13,2020-07,"500ETF
510500.XSHG"
2020-07-13 14:44:00,止盈,医药ETF,512010.XSHG,2.849,1900.0,14000,210.36,-3.0,2020-07-13,2020-07,"医药ETF
512010.XSHG"
2020-07-15 10:08:00,止盈,医药ETF,512010.XSHG,2.969,1900.0,12100,227.44,-4.0,2020-07-15,2020-07,"医药ETF
512010.XSHG"
2020-07-15 10:37:00,加仓,中概互联,513050.XSHG,1.943,3300.0,10300,,-7.0,2020-07-15,2020-07,"中概互联
513050.XSHG"
2020-07-16 10:06:00,加仓,医药ETF,512010.XSHG,2.847,1900.0,14000,,-3.0,2020-07-16,2020-07,"医药ETF
512010.XSHG"
2020-07-16 11:20:00,加仓,500ETF,510500.XSHG,7.215,700.0,3600,,-6.0,2020-07-16,2020-07,"500ETF
510500.XSHG"
2020-07-16 13:24:00,加仓,中概互联,513050.XSHG,1.863,3300.0,13600,,-6.0,2020-07-16,2020-07,"中概互联
513050.XSHG"
2020-07-16 13:31:00,加仓,医药ETF,512010.XSHG,2.732,1900.0,15900,,-2.0,2020-07-16,2020-07,"医药ETF
512010.XSHG"
2020-07-16 14:37:00,加仓,500ETF,510500.XSHG,6.919,700.0,4300,,-5.0,2020-07-16,2020-07,"500ETF
510500.XSHG"
2020-07-21 09:31:00,止盈,中概互联,513050.XSHG,1.952,3300.0,10300,293.06,-7.0,2020-07-21,2020-07,"中概互联
513050.XSHG"
2020-07-21 09:36:00,止盈,500ETF,510500.XSHG,7.202,700.0,3600,197.6,-6.0,2020-07-21,2020-07,"500ETF
510500.XSHG"
2020-07-21 11:03:00,止盈,纳指ETF,513100.XSHG,3.959,1500.0,8000,228.91,-5.0,2020-07-21,2020-07,"纳指ETF
513100.XSHG"
2020-07-21 13:51:00,止盈,医药ETF,512010.XSHG,2.843,1900.0,14000,210.36,-3.0,2020-07-21,2020-07,"医药ETF
512010.XSHG"
2020-07-22 09:31:00,止盈,黄金ETF,518880.XSHG,4.051,1700.0,4000,359.71,-8.0,2020-07-22,2020-07,"黄金ETF
518880.XSHG"
2020-07-24 14:08:00,加仓,500ETF,510500.XSHG,6.91,700.0,4300,,-5.0,2020-07-24,2020-07,"500ETF
510500.XSHG"
2020-07-27 10:51:00,破顶,黄金ETF,518880.XSHG,4.216,,11800,,,2020-07-27,2020-07,"黄金ETF
518880.XSHG"
2020-07-27 13:06:00,加仓,中概互联,513050.XSHG,1.873,3300.0,13600,,-6.0,2020-07-27,2020-07,"中概互联
513050.XSHG"
2020-07-29 14:58:00,止盈,中概互联,513050.XSHG,1.948,3300.0,10300,246.86,-7.0,2020-07-29,2020-07,"中概互联
513050.XSHG"
2020-07-30 09:31:00,止盈,500ETF,510500.XSHG,7.187,700.0,3600,193.4,-6.0,2020-07-30,2020-07,"500ETF
510500.XSHG"
2020-07-30 09:31:00,止盈,医药ETF,512010.XSHG,2.964,1900.0,12100,229.34,-4.0,2020-07-30,2020-07,"医药ETF
512010.XSHG"
2020-08-03 14:56:00,止盈,医药ETF,512010.XSHG,3.085,1900.0,10200,229.31,-5.0,2020-08-03,2020-08,"医药ETF
512010.XSHG"
2020-08-05 14:45:00,止盈,中概互联,513050.XSHG,2.026,3300.0,7000,256.73,-8.0,2020-08-05,2020-08,"中概互联
513050.XSHG"
2020-08-07 09:31:00,止盈,黄金ETF,518880.XSHG,4.403,1100.0,10700,205.22,-1.0,2020-08-07,2020-08,"黄金ETF
518880.XSHG"
2020-08-07 10:20:00,加仓,医药ETF,512010.XSHG,2.96,1900.0,12100,,-4.0,2020-08-07,2020-08,"医药ETF
512010.XSHG"
2020-08-07 13:01:00,加仓,中概互联,513050.XSHG,1.933,3300.0,10300,,-7.0,2020-08-07,2020-08,"中概互联
513050.XSHG"
2020-08-12 09:31:00,加仓,黄金ETF,518880.XSHG,4.02,1100.0,11800,,0.0,2020-08-12,2020-08,"黄金ETF
518880.XSHG"
2020-08-12 10:20:00,加仓,医药ETF,512010.XSHG,2.839,1900.0,14000,,-3.0,2020-08-12,2020-08,"医药ETF
512010.XSHG"
2020-08-18 09:31:00,止盈,黄金ETF,518880.XSHG,4.205,1100.0,10700,203.04,-1.0,2020-08-18,2020-08,"黄金ETF
518880.XSHG"
2020-08-18 11:29:00,止盈,500ETF,510500.XSHG,7.478,700.0,2900,203.18,-7.0,2020-08-18,2020-08,"500ETF
510500.XSHG"
2020-08-20 14:38:00,止盈,纳指ETF,513100.XSHG,4.121,1500.0,6500,242.38,-6.0,2020-08-20,2020-08,"纳指ETF
513100.XSHG"
2020-08-24 09:31:00,止盈,中概互联,513050.XSHG,2.026,3300.0,7000,306.23,-8.0,2020-08-24,2020-08,"中概互联
513050.XSHG"
2020-08-24 09:37:00,止盈,纳指ETF,513100.XSHG,4.295,1500.0,5000,260.36,-7.0,2020-08-24,2020-08,"纳指ETF
513100.XSHG"
2020-08-25 09:32:00,止盈,纳指ETF,513100.XSHG,4.531,1500.0,3500,353.32,-8.0,2020-08-25,2020-08,"纳指ETF
513100.XSHG"
2020-08-25 10:00:00,破顶,中概互联,513050.XSHG,2.109,,23700,,,2020-08-25,2020-08,"中概互联
513050.XSHG"
2020-08-26 13:59:00,加仓,500ETF,510500.XSHG,7.177,700.0,3600,,-6.0,2020-08-26,2020-08,"500ETF
510500.XSHG"
2020-08-28 09:49:00,破顶,纳指ETF,513100.XSHG,4.715,,10600,,,2020-08-28,2020-08,"纳指ETF
513100.XSHG"
2020-08-31 09:31:00,止盈,医药ETF,512010.XSHG,2.954,1900.0,12100,217.94,-4.0,2020-08-31,2020-08,"医药ETF
512010.XSHG"
2020-08-31 09:32:00,止盈,纳指ETF,513100.XSHG,4.932,1000.0,9600,216.51,-1.0,2020-08-31,2020-08,"纳指ETF
513100.XSHG"
2020-09-01 09:32:00,止盈,纳指ETF,513100.XSHG,5.218,1000.0,8600,285.48,-2.0,2020-09-01,2020-09,"纳指ETF
513100.XSHG"
2020-09-01 13:50:00,加仓,纳指ETF,513100.XSHG,5.009,1000.0,9600,,-1.0,2020-09-01,2020-09,"纳指ETF
513100.XSHG"
2020-09-03 09:31:00,止盈,纳指ETF,513100.XSHG,5.289,1000.0,8600,279.47,-2.0,2020-09-03,2020-09,"纳指ETF
513100.XSHG"
2020-09-04 09:31:00,加仓,纳指ETF,513100.XSHG,4.953,1000.0,9600,,-1.0,2020-09-04,2020-09,"纳指ETF
513100.XSHG"
2020-09-04 09:33:00,加仓,中概互联,513050.XSHG,2.023,2300.0,26000,,1.0,2020-09-04,2020-09,"中概互联
513050.XSHG"
2020-09-04 09:41:00,加仓,医药ETF,512010.XSHG,2.831,1900.0,14000,,-3.0,2020-09-04,2020-09,"医药ETF
512010.XSHG"
2020-09-07 09:32:00,加仓,纳指ETF,513100.XSHG,4.749,1000.0,10600,,0.0,2020-09-07,2020-09,"纳指ETF
513100.XSHG"
2020-09-07 13:19:00,加仓,纳指ETF,513100.XSHG,4.554,1000.0,11600,,1.0,2020-09-07,2020-09,"纳指ETF
513100.XSHG"
2020-09-09 09:31:00,加仓,中概互联,513050.XSHG,1.926,2300.0,28300,,2.0,2020-09-09,2020-09,"中概互联
513050.XSHG"
2020-09-09 09:32:00,加仓,医药ETF,512010.XSHG,2.711,1900.0,15900,,-2.0,2020-09-09,2020-09,"医药ETF
512010.XSHG"
2020-09-10 14:34:00,加仓,500ETF,510500.XSHG,6.884,700.0,4300,,-5.0,2020-09-10,2020-09,"500ETF
510500.XSHG"
2020-09-14 14:58:00,止盈,中概互联,513050.XSHG,2.004,2300.0,26000,178.94,1.0,2020-09-14,2020-09,"中概互联
513050.XSHG"
2020-09-15 09:37:00,止盈,纳指ETF,513100.XSHG,4.738,1000.0,10600,183.53,0.0,2020-09-15,2020-09,"纳指ETF
513100.XSHG"
2020-09-16 09:32:00,止盈,纳指ETF,513100.XSHG,4.958,1000.0,9600,219.5,-1.0,2020-09-16,2020-09,"纳指ETF
513100.XSHG"
2020-09-17 09:31:00,加仓,纳指ETF,513100.XSHG,4.684,1000.0,10600,,0.0,2020-09-17,2020-09,"纳指ETF
513100.XSHG"
2020-09-17 09:52:00,加仓,医药ETF,512010.XSHG,2.602,1900.0,17800,,-1.0,2020-09-17,2020-09,"医药ETF
512010.XSHG"
2020-09-22 09:31:00,加仓,黄金ETF,518880.XSHG,3.978,1100.0,11800,,0.0,2020-09-22,2020-09,"黄金ETF
518880.XSHG"
2020-09-23 11:20:00,止盈,医药ETF,512010.XSHG,2.708,1900.0,15900,200.89,-2.0,2020-09-23,2020-09,"医药ETF
512010.XSHG"
2020-09-24 10:52:00,加仓,中概互联,513050.XSHG,1.923,2300.0,28300,,2.0,2020-09-24,2020-09,"中概互联
513050.XSHG"
2020-09-24 11:24:00,加仓,纳指ETF,513100.XSHG,4.492,1000.0,11600,,1.0,2020-09-24,2020-09,"纳指ETF
513100.XSHG"
2020-10-09 09:31:00,止盈,纳指ETF,513100.XSHG,4.684,1000.0,10600,191.53,0.0,2020-10-09,2020-10,"纳指ETF
513100.XSHG"
2020-10-09 09:31:00,止盈,中概互联,513050.XSHG,2.059,2300.0,26000,312.33,1.0,2020-10-09,2020-10,"中概互联
513050.XSHG"
2020-10-12 11:01:00,止盈,500ETF,510500.XSHG,7.163,700.0,3600,194.8,-6.0,2020-10-12,2020-10,"500ETF
510500.XSHG"
2020-10-12 11:11:00,止盈,医药ETF,512010.XSHG,2.817,1900.0,14000,206.56,-3.0,2020-10-12,2020-10,"医药ETF
512010.XSHG"
2020-10-23 13:23:00,加仓,医药ETF,512010.XSHG,2.703,1900.0,15900,,-2.0,2020-10-23,2020-10,"医药ETF
512010.XSHG"
2020-10-23 14:05:00,加仓,500ETF,510500.XSHG,6.873,700.0,4300,,-5.0,2020-10-23,2020-10,"500ETF
510500.XSHG"
2020-10-23 14:12:00,加仓,纳指ETF,513100.XSHG,4.496,1000.0,11600,,1.0,2020-10-23,2020-10,"纳指ETF
513100.XSHG"
2020-10-28 09:31:00,止盈,中概互联,513050.XSHG,2.15,2300.0,23700,208.81,0.0,2020-10-28,2020-10,"中概互联
513050.XSHG"
2020-10-29 09:31:00,加仓,纳指ETF,513100.XSHG,4.244,1000.0,12600,,2.0,2020-10-29,2020-10,"纳指ETF
513100.XSHG"
2020-10-29 11:01:00,止盈,医药ETF,512010.XSHG,2.815,1900.0,14000,212.27,-3.0,2020-10-29,2020-10,"医药ETF
512010.XSHG"
2020-11-03 14:10:00,止盈,纳指ETF,513100.XSHG,4.416,1000.0,11600,171.56,1.0,2020-11-03,2020-11,"纳指ETF
513100.XSHG"
2020-11-04 11:09:00,止盈,纳指ETF,513100.XSHG,4.596,1000.0,10600,179.54,0.0,2020-11-04,2020-11,"纳指ETF
513100.XSHG"
2020-11-04 13:44:00,止盈,纳指ETF,513100.XSHG,4.782,1000.0,9600,185.52,-1.0,2020-11-04,2020-11,"纳指ETF
513100.XSHG"
2020-11-04 14:50:00,加仓,纳指ETF,513100.XSHG,4.583,1000.0,10600,,0.0,2020-11-04,2020-11,"纳指ETF
513100.XSHG"
2020-11-05 09:31:00,止盈,纳指ETF,513100.XSHG,4.824,1000.0,9600,240.52,-1.0,2020-11-05,2020-11,"纳指ETF
513100.XSHG"
2020-11-05 09:31:00,止盈,中概互联,513050.XSHG,2.239,2300.0,21400,204.19,-1.0,2020-11-05,2020-11,"中概互联
513050.XSHG"
2020-11-06 10:24:00,加仓,纳指ETF,513100.XSHG,4.622,1000.0,10600,,0.0,2020-11-06,2020-11,"纳指ETF
513100.XSHG"
2020-11-06 13:06:00,加仓,医药ETF,512010.XSHG,2.702,1900.0,15900,,-2.0,2020-11-06,2020-11,"医药ETF
512010.XSHG"
2020-11-10 09:31:00,止盈,医药ETF,512010.XSHG,2.82,1900.0,14000,223.66,-3.0,2020-11-10,2020-11,"医药ETF
512010.XSHG"
2020-11-11 09:31:00,加仓,纳指ETF,513100.XSHG,4.427,1000.0,11600,,1.0,2020-11-11,2020-11,"纳指ETF
513100.XSHG"
2020-11-11 09:31:00,加仓,中概互联,513050.XSHG,2.105,2300.0,23700,,0.0,2020-11-11,2020-11,"中概互联
513050.XSHG"
2020-11-11 10:12:00,加仓,医药ETF,512010.XSHG,2.706,1900.0,15900,,-2.0,2020-11-11,2020-11,"医药ETF
512010.XSHG"
2020-11-19 09:33:00,加仓,纳指ETF,513100.XSHG,4.248,1000.0,12600,,2.0,2020-11-19,2020-11,"纳指ETF
513100.XSHG"
2020-11-23 13:07:00,止盈,500ETF,510500.XSHG,7.149,700.0,3600,192.7,-6.0,2020-11-23,2020-11,"500ETF
510500.XSHG"
2020-11-24 09:31:00,加仓,黄金ETF,518880.XSHG,3.768,1100.0,12900,,1.0,2020-11-24,2020-11,"黄金ETF
518880.XSHG"
2020-11-25 09:43:00,加仓,医药ETF,512010.XSHG,2.597,1900.0,17800,,-1.0,2020-11-25,2020-11,"医药ETF
512010.XSHG"
2020-11-30 10:59:00,加仓,黄金ETF,518880.XSHG,3.614,1100.0,14000,,2.0,2020-11-30,2020-11,"黄金ETF
518880.XSHG"
2020-12-03 10:30:00,止盈,医药ETF,512010.XSHG,2.702,1900.0,15900,198.99,-2.0,2020-12-03,2020-12,"医药ETF
512010.XSHG"
2020-12-04 10:36:00,止盈,黄金ETF,518880.XSHG,3.76,1100.0,12900,160.19,1.0,2020-12-04,2020-12,"黄金ETF
518880.XSHG"
2020-12-11 11:24:00,加仓,500ETF,510500.XSHG,6.862,700.0,4300,,-5.0,2020-12-11,2020-12,"500ETF
510500.XSHG"
2020-12-16 14:02:00,止盈,医药ETF,512010.XSHG,2.812,1900.0,14000,208.47,-3.0,2020-12-16,2020-12,"医药ETF
512010.XSHG"
2020-12-17 09:57:00,止盈,医药ETF,512010.XSHG,2.926,1900.0,12100,216.04,-4.0,2020-12-17,2020-12,"医药ETF
512010.XSHG"
2020-12-24 11:03:00,加仓,中概互联,513050.XSHG,2.02,2300.0,26000,,1.0,2020-12-24,2020-12,"中概互联
513050.XSHG"
2021-01-04 10:00:00,止盈,中概互联,513050.XSHG,2.102,2300.0,23700,188.12,0.0,2021-01-04,2021-01,"中概互联
513050.XSHG"
2021-01-04 11:05:00,止盈,500ETF,510500.XSHG,7.139,700.0,3600,193.4,-6.0,2021-01-04,2021-01,"500ETF
510500.XSHG"
2021-01-05 09:31:00,止盈,黄金ETF,518880.XSHG,3.925,1100.0,11800,181.07,0.0,2021-01-05,2021-01,"黄金ETF
518880.XSHG"
2021-01-05 09:48:00,止盈,医药ETF,512010.XSHG,3.044,1900.0,10200,223.62,-5.0,2021-01-05,2021-01,"医药ETF
512010.XSHG"
2021-01-07 14:55:00,止盈,医药ETF,512010.XSHG,3.166,1900.0,8300,231.2,-6.0,2021-01-07,2021-01,"医药ETF
512010.XSHG"
2021-01-11 09:31:00,加仓,黄金ETF,518880.XSHG,3.722,1100.0,12900,,1.0,2021-01-11,2021-01,"黄金ETF
518880.XSHG"
2021-01-15 09:32:00,加仓,医药ETF,512010.XSHG,3.039,1900.0,10200,,-5.0,2021-01-15,2021-01,"医药ETF
512010.XSHG"
2021-01-15 10:43:00,止盈,中概互联,513050.XSHG,2.189,2300.0,21400,199.6,-1.0,2021-01-15,2021-01,"中概互联
513050.XSHG"
2021-01-19 09:31:00,止盈,中概互联,513050.XSHG,2.283,2300.0,19100,215.67,-2.0,2021-01-19,2021-01,"中概互联
513050.XSHG"
2021-01-21 09:32:00,止盈,纳指ETF,513100.XSHG,4.427,1000.0,11600,178.56,1.0,2021-01-21,2021-01,"纳指ETF
513100.XSHG"
2021-01-21 09:34:00,止盈,中概互联,513050.XSHG,2.375,2300.0,16800,211.05,-3.0,2021-01-21,2021-01,"中概互联
513050.XSHG"
2021-01-21 09:47:00,止盈,医药ETF,512010.XSHG,3.162,1900.0,8300,233.1,-6.0,2021-01-21,2021-01,"医药ETF
512010.XSHG"
2021-01-22 10:42:00,止盈,医药ETF,512010.XSHG,3.291,1900.0,6400,244.47,-7.0,2021-01-22,2021-01,"医药ETF
512010.XSHG"
2021-01-25 10:58:00,止盈,中概互联,513050.XSHG,2.471,2300.0,14500,220.23,-4.0,2021-01-25,2021-01,"中概互联
513050.XSHG"
2021-01-25 13:19:00,止盈,500ETF,510500.XSHG,7.426,700.0,2900,200.38,-7.0,2021-01-25,2021-01,"500ETF
510500.XSHG"
2021-01-27 10:04:00,加仓,医药ETF,512010.XSHG,3.159,1900.0,8300,,-6.0,2021-01-27,2021-01,"医药ETF
512010.XSHG"
2021-01-27 10:05:00,加仓,中概互联,513050.XSHG,2.366,2300.0,16800,,-3.0,2021-01-27,2021-01,"中概互联
513050.XSHG"
2021-01-28 14:24:00,加仓,500ETF,510500.XSHG,7.125,700.0,3600,,-6.0,2021-01-28,2021-01,"500ETF
510500.XSHG"
2021-02-03 11:07:00,止盈,医药ETF,512010.XSHG,3.288,1900.0,6400,244.48,-7.0,2021-02-03,2021-02,"医药ETF
512010.XSHG"
2021-02-04 09:46:00,止盈,中概互联,513050.XSHG,2.461,2300.0,14500,217.93,-4.0,2021-02-04,2021-02,"中概互联
513050.XSHG"
2021-02-09 09:47:00,止盈,医药ETF,512010.XSHG,3.424,1900.0,4500,257.75,-8.0,2021-02-09,2021-02,"医药ETF
512010.XSHG"
2021-02-10 13:45:00,破顶,医药ETF,512010.XSHG,3.562,,14000,,,2021-02-10,2021-02,"医药ETF
512010.XSHG"
2021-02-10 14:55:00,止盈,中概互联,513050.XSHG,2.563,2300.0,12200,234.01,-5.0,2021-02-10,2021-02,"中概互联
513050.XSHG"
2021-02-18 11:24:00,加仓,医药ETF,512010.XSHG,3.417,1400.0,15400,,1.0,2021-02-18,2021-02,"医药ETF
512010.XSHG"
2021-02-19 14:17:00,止盈,500ETF,510500.XSHG,7.412,700.0,2900,200.38,-7.0,2021-02-19,2021-02,"500ETF
510500.XSHG"
2021-02-22 11:28:00,加仓,医药ETF,512010.XSHG,3.28,1400.0,16800,,2.0,2021-02-22,2021-02,"医药ETF
512010.XSHG"
2021-02-23 09:31:00,加仓,中概互联,513050.XSHG,2.435,2300.0,14500,,-4.0,2021-02-23,2021-02,"中概互联
513050.XSHG"
2021-02-24 10:15:00,加仓,医药ETF,512010.XSHG,3.145,1400.0,18200,,3.0,2021-02-24,2021-02,"医药ETF
512010.XSHG"
2021-02-24 14:10:00,加仓,中概互联,513050.XSHG,2.336,2300.0,16800,,-3.0,2021-02-24,2021-02,"中概互联
513050.XSHG"
2021-02-26 09:31:00,加仓,500ETF,510500.XSHG,7.103,700.0,3600,,-6.0,2021-02-26,2021-02,"500ETF
510500.XSHG"
2021-02-26 09:31:00,加仓,医药ETF,512010.XSHG,3.014,1400.0,19600,,4.0,2021-02-26,2021-02,"医药ETF
512010.XSHG"
2021-02-26 09:46:00,加仓,纳指ETF,513100.XSHG,4.248,1000.0,12600,,2.0,2021-02-26,2021-02,"纳指ETF
513100.XSHG"
2021-03-02 09:31:00,止盈,纳指ETF,513100.XSHG,4.43,1000.0,11600,181.56,1.0,2021-03-02,2021-03,"纳指ETF
513100.XSHG"
2021-03-02 09:31:00,加仓,黄金ETF,518880.XSHG,3.533,1100.0,14000,,2.0,2021-03-02,2021-03,"黄金ETF
518880.XSHG"
2021-03-04 09:32:00,加仓,纳指ETF,513100.XSHG,4.241,1000.0,12600,,2.0,2021-03-04,2021-03,"纳指ETF
513100.XSHG"
2021-03-05 09:31:00,加仓,医药ETF,512010.XSHG,2.872,1400.0,21000,,5.0,2021-03-05,2021-03,"医药ETF
512010.XSHG"
2021-03-05 09:31:00,加仓,中概互联,513050.XSHG,2.188,2300.0,19100,,-2.0,2021-03-05,2021-03,"中概互联
513050.XSHG"
2021-03-08 14:41:00,加仓,医药ETF,512010.XSHG,2.757,1400.0,22400,,6.0,2021-03-08,2021-03,"医药ETF
512010.XSHG"
2021-03-09 09:31:00,加仓,中概互联,513050.XSHG,2.089,2300.0,21400,,-1.0,2021-03-09,2021-03,"中概互联
513050.XSHG"
2021-03-09 09:51:00,加仓,500ETF,510500.XSHG,6.815,700.0,4300,,-5.0,2021-03-09,2021-03,"500ETF
510500.XSHG"
2021-03-09 09:59:00,加仓,医药ETF,512010.XSHG,2.637,1400.0,23800,,7.0,2021-03-09,2021-03,"医药ETF
512010.XSHG"
2021-03-09 11:12:00,止盈,医药ETF,512010.XSHG,2.743,1400.0,22400,148.02,6.0,2021-03-09,2021-03,"医药ETF
512010.XSHG"
2021-03-10 09:35:00,止盈,中概互联,513050.XSHG,2.182,2300.0,19100,213.4,-2.0,2021-03-10,2021-03,"中概互联
513050.XSHG"
2021-03-11 11:00:00,止盈,医药ETF,512010.XSHG,2.853,1400.0,21000,153.6,5.0,2021-03-11,2021-03,"医药ETF
512010.XSHG"
2021-03-15 10:43:00,加仓,医药ETF,512010.XSHG,2.736,1400.0,22400,,6.0,2021-03-15,2021-03,"医药ETF
512010.XSHG"
2021-03-18 09:32:00,止盈,纳指ETF,513100.XSHG,4.412,1000.0,11600,170.56,1.0,2021-03-18,2021-03,"纳指ETF
513100.XSHG"
2021-03-24 11:22:00,加仓,中概互联,513050.XSHG,2.094,2300.0,21400,,-1.0,2021-03-24,2021-03,"中概互联
513050.XSHG"
2021-03-25 09:31:00,加仓,中概互联,513050.XSHG,2.01,2300.0,23700,,0.0,2021-03-25,2021-03,"中概互联
513050.XSHG"
2021-03-26 10:53:00,止盈,医药ETF,512010.XSHG,2.848,1400.0,21000,156.4,5.0,2021-03-26,2021-03,"医药ETF
512010.XSHG"
2021-04-01 13:02:00,止盈,中概互联,513050.XSHG,2.094,2300.0,21400,192.72,-1.0,2021-04-01,2021-04,"中概互联
513050.XSHG"
2021-04-02 09:34:00,止盈,医药ETF,512010.XSHG,2.964,1400.0,19600,161.99,4.0,2021-04-02,2021-04,"医药ETF
512010.XSHG"
2021-04-08 13:46:00,止盈,纳指ETF,513100.XSHG,4.589,1000.0,10600,176.54,0.0,2021-04-08,2021-04,"纳指ETF
513100.XSHG"
2021-04-12 10:48:00,加仓,医药ETF,512010.XSHG,2.845,1400.0,21000,,5.0,2021-04-12,2021-04,"医药ETF
512010.XSHG"
2021-04-19 09:59:00,止盈,500ETF,510500.XSHG,7.088,700.0,3600,190.6,-6.0,2021-04-19,2021-04,"500ETF
510500.XSHG"
2021-04-19 10:54:00,止盈,黄金ETF,518880.XSHG,3.675,1100.0,12900,155.8,1.0,2021-04-19,2021-04,"黄金ETF
518880.XSHG"
2021-04-21 09:31:00,加仓,中概互联,513050.XSHG,2.008,2300.0,23700,,0.0,2021-04-21,2021-04,"中概互联
513050.XSHG"
2021-04-21 14:05:00,止盈,医药ETF,512010.XSHG,2.961,1400.0,19600,161.99,4.0,2021-04-21,2021-04,"医药ETF
512010.XSHG"
2021-04-26 09:32:00,止盈,医药ETF,512010.XSHG,3.092,1400.0,18200,182.97,3.0,2021-04-26,2021-04,"医药ETF
512010.XSHG"
2021-04-28 10:29:00,止盈,中概互联,513050.XSHG,2.089,2300.0,21400,185.82,-1.0,2021-04-28,2021-04,"中概互联
513050.XSHG"
2021-04-30 11:19:00,止盈,医药ETF,512010.XSHG,3.217,1400.0,16800,174.55,2.0,2021-04-30,2021-04,"医药ETF
512010.XSHG"
2021-05-06 09:31:00,加仓,中概互联,513050.XSHG,2.002,2300.0,23700,,0.0,2021-05-06,2021-05,"中概互联
513050.XSHG"
2021-05-06 09:39:00,加仓,医药ETF,512010.XSHG,3.088,1400.0,18200,,3.0,2021-05-06,2021-05,"医药ETF
512010.XSHG"
2021-05-10 11:04:00,加仓,中概互联,513050.XSHG,1.921,2300.0,26000,,1.0,2021-05-10,2021-05,"中概互联
513050.XSHG"
2021-05-11 09:31:00,加仓,纳指ETF,513100.XSHG,4.404,1000.0,11600,,1.0,2021-05-11,2021-05,"纳指ETF
513100.XSHG"
2021-05-11 09:32:00,加仓,中概互联,513050.XSHG,1.844,2300.0,28300,,2.0,2021-05-11,2021-05,"中概互联
513050.XSHG"
2021-05-14 10:08:00,止盈,医药ETF,512010.XSHG,3.212,1400.0,16800,173.15,2.0,2021-05-14,2021-05,"医药ETF
512010.XSHG"
2021-05-20 10:55:00,止盈,黄金ETF,518880.XSHG,3.822,1100.0,11800,161.28,0.0,2021-05-20,2021-05,"黄金ETF
518880.XSHG"
2021-05-21 09:31:00,止盈,中概互联,513050.XSHG,1.926,2300.0,26000,188.16,1.0,2021-05-21,2021-05,"中概互联
513050.XSHG"
2021-05-25 14:22:00,止盈,500ETF,510500.XSHG,7.373,700.0,2900,198.98,-7.0,2021-05-25,2021-05,"500ETF
510500.XSHG"
2021-06-01 10:06:00,止盈,中概互联,513050.XSHG,2.004,2300.0,23700,178.94,0.0,2021-06-01,2021-06,"中概互联
513050.XSHG"
2021-06-01 13:05:00,止盈,医药ETF,512010.XSHG,3.344,1400.0,15400,184.33,1.0,2021-06-01,2021-06,"医药ETF
512010.XSHG"
2021-06-04 09:31:00,加仓,中概互联,513050.XSHG,1.92,2300.0,26000,,1.0,2021-06-04,2021-06,"中概互联
513050.XSHG"
2021-06-04 09:42:00,加仓,医药ETF,512010.XSHG,3.21,1400.0,16800,,2.0,2021-06-04,2021-06,"医药ETF
512010.XSHG"
2021-06-15 09:31:00,止盈,纳指ETF,513100.XSHG,4.613,1000.0,10600,208.54,0.0,2021-06-15,2021-06,"纳指ETF
513100.XSHG"
2021-06-17 09:33:00,加仓,中概互联,513050.XSHG,1.841,2300.0,28300,,2.0,2021-06-17,2021-06,"中概互联
513050.XSHG"
2021-06-17 14:03:00,加仓,黄金ETF,518880.XSHG,3.668,1100.0,12900,,1.0,2021-06-17,2021-06,"黄金ETF
518880.XSHG"
2021-06-25 10:52:00,止盈,中概互联,513050.XSHG,1.915,2300.0,26000,169.76,1.0,2021-06-25,2021-06,"中概互联
513050.XSHG"
2021-06-28 09:31:00,加仓,医药ETF,512010.XSHG,0.822,1400.0,68600,,3.0,2021-06-28,2021-06,"医药ETF
512010.XSHG"
2021-06-29 09:31:00,止盈,纳指ETF,513100.XSHG,4.802,1000.0,9600,188.52,-1.0,2021-06-29,2021-06,"纳指ETF
513100.XSHG"
2021-07-05 09:32:00,加仓,中概互联,513050.XSHG,1.836,2300.0,28300,,2.0,2021-07-05,2021-07,"中概互联
513050.XSHG"
2021-07-06 09:40:00,加仓,医药ETF,512010.XSHG,0.789,1400.0,70000,,4.0,2021-07-06,2021-07,"医药ETF
512010.XSHG"
2021-07-06 11:02:00,加仓,医药ETF,512010.XSHG,0.757,1400.0,71400,,5.0,2021-07-06,2021-07,"医药ETF
512010.XSHG"
2021-07-07 10:18:00,止盈,医药ETF,512010.XSHG,0.788,1400.0,70000,43.29,4.0,2021-07-07,2021-07,"医药ETF
512010.XSHG"
2021-07-08 09:32:00,加仓,中概互联,513050.XSHG,1.76,2300.0,30600,,3.0,2021-07-08,2021-07,"中概互联
513050.XSHG"
2021-07-09 09:57:00,加仓,中概互联,513050.XSHG,1.687,2300.0,32900,,4.0,2021-07-09,2021-07,"中概互联
513050.XSHG"
2021-07-09 10:06:00,加仓,医药ETF,512010.XSHG,0.756,1400.0,71400,,5.0,2021-07-09,2021-07,"医药ETF
512010.XSHG"
2021-07-12 09:31:00,止盈,中概互联,513050.XSHG,1.759,2300.0,30600,165.2,3.0,2021-07-12,2021-07,"中概互联
513050.XSHG"
2021-07-12 09:38:00,止盈,500ETF,510500.XSHG,7.675,700.0,2200,210.86,-8.0,2021-07-12,2021-07,"500ETF
510500.XSHG"
2021-07-12 10:04:00,止盈,医药ETF,512010.XSHG,0.788,1400.0,70000,44.69,4.0,2021-07-12,2021-07,"医药ETF
512010.XSHG"
2021-07-19 14:30:00,止盈,医药ETF,512010.XSHG,0.82,1400.0,68600,44.69,3.0,2021-07-19,2021-07,"医药ETF
512010.XSHG"
2021-07-23 10:03:00,加仓,医药ETF,512010.XSHG,0.787,1400.0,70000,,4.0,2021-07-23,2021-07,"医药ETF
512010.XSHG"
2021-07-26 09:31:00,止盈,纳指ETF,513100.XSHG,5.012,1000.0,8600,209.5,-2.0,2021-07-26,2021-07,"纳指ETF
513100.XSHG"
2021-07-26 09:31:00,加仓,中概互联,513050.XSHG,1.679,2300.0,32900,,4.0,2021-07-26,2021-07,"中概互联
513050.XSHG"
2021-07-26 09:52:00,加仓,医药ETF,512010.XSHG,0.755,1400.0,71400,,5.0,2021-07-26,2021-07,"医药ETF
512010.XSHG"
2021-07-26 13:31:00,加仓,医药ETF,512010.XSHG,0.723,1400.0,72800,,6.0,2021-07-26,2021-07,"医药ETF
512010.XSHG"
2021-07-27 09:31:00,加仓,中概互联,513050.XSHG,1.601,2300.0,35200,,5.0,2021-07-27,2021-07,"中概互联
513050.XSHG"
2021-07-28 09:46:00,加仓,500ETF,510500.XSHG,7.359,700.0,2900,,-7.0,2021-07-28,2021-07,"500ETF
510500.XSHG"
2021-07-28 10:00:00,加仓,中概互联,513050.XSHG,1.53,2300.0,37500,,6.0,2021-07-28,2021-07,"中概互联
513050.XSHG"
2021-07-29 09:31:00,止盈,中概互联,513050.XSHG,1.615,2300.0,35200,195.13,5.0,2021-07-29,2021-07,"中概互联
513050.XSHG"
2021-07-29 10:04:00,止盈,医药ETF,512010.XSHG,0.752,1400.0,71400,40.49,5.0,2021-07-29,2021-07,"医药ETF
512010.XSHG"
2021-08-02 09:46:00,加仓,医药ETF,512010.XSHG,0.721,1400.0,72800,,6.0,2021-08-02,2021-08,"医药ETF
512010.XSHG"
2021-08-02 11:06:00,止盈,500ETF,510500.XSHG,7.66,700.0,2200,210.16,-8.0,2021-08-02,2021-08,"500ETF
510500.XSHG"
2021-08-02 13:01:00,止盈,医药ETF,512010.XSHG,0.75,1400.0,71400,40.5,5.0,2021-08-02,2021-08,"医药ETF
512010.XSHG"
2021-08-03 13:08:00,止盈,医药ETF,512010.XSHG,0.78,1400.0,70000,41.89,4.0,2021-08-03,2021-08,"医药ETF
512010.XSHG"
2021-08-06 09:52:00,加仓,医药ETF,512010.XSHG,0.747,1400.0,71400,,5.0,2021-08-06,2021-08,"医药ETF
512010.XSHG"
2021-08-12 10:07:00,破顶,500ETF,510500.XSHG,7.969,,6200,,,2021-08-12,2021-08,"500ETF
510500.XSHG"
2021-08-16 10:30:00,加仓,中概互联,513050.XSHG,1.55,2300.0,37500,,6.0,2021-08-16,2021-08,"中概互联
513050.XSHG"
2021-08-17 10:23:00,加仓,医药ETF,512010.XSHG,0.717,1400.0,72800,,6.0,2021-08-17,2021-08,"医药ETF
512010.XSHG"
2021-08-19 14:38:00,加仓,中概互联,513050.XSHG,1.488,2300.0,39800,,7.0,2021-08-19,2021-08,"中概互联
513050.XSHG"
2021-08-20 09:31:00,加仓,医药ETF,512010.XSHG,0.687,1400.0,74200,,7.0,2021-08-20,2021-08,"医药ETF
512010.XSHG"
2021-08-20 13:56:00,加仓,医药ETF,512010.XSHG,0.659,1400.0,75600,,8.0,2021-08-20,2021-08,"医药ETF
512010.XSHG"
2021-08-24 09:59:00,止盈,医药ETF,512010.XSHG,0.686,1400.0,74200,37.7,7.0,2021-08-24,2021-08,"医药ETF
512010.XSHG"
2021-08-25 09:31:00,止盈,中概互联,513050.XSHG,1.583,2300.0,37500,218.14,6.0,2021-08-25,2021-08,"中概互联
513050.XSHG"
2021-08-27 14:22:00,加仓,中概互联,513050.XSHG,1.518,2300.0,39800,,7.0,2021-08-27,2021-08,"中概互联
513050.XSHG"
2021-08-31 10:15:00,加仓,医药ETF,512010.XSHG,0.658,1400.0,75600,,8.0,2021-08-31,2021-08,"医药ETF
512010.XSHG"
2021-08-31 13:02:00,止盈,纳指ETF,513100.XSHG,5.215,1000.0,7600,202.48,-3.0,2021-08-31,2021-08,"纳指ETF
513100.XSHG"
2021-09-03 09:33:00,加仓,医药ETF,512010.XSHG,0.63,1400.0,77000,,9.0,2021-09-03,2021-09,"医药ETF
512010.XSHG"
2021-09-03 10:05:00,止盈,500ETF,510500.XSHG,8.291,600.0,5600,192.7,-1.0,2021-09-03,2021-09,"500ETF
510500.XSHG"
2021-09-06 09:46:00,止盈,医药ETF,512010.XSHG,0.656,1400.0,75600,36.3,8.0,2021-09-06,2021-09,"医药ETF
512010.XSHG"
2021-09-07 10:04:00,止盈,中概互联,513050.XSHG,1.58,2300.0,37500,142.24,6.0,2021-09-07,2021-09,"中概互联
513050.XSHG"
2021-09-09 14:53:00,加仓,中概互联,513050.XSHG,1.516,2300.0,39800,,7.0,2021-09-09,2021-09,"中概互联
513050.XSHG"
2021-09-14 10:56:00,止盈,500ETF,510500.XSHG,8.63,600.0,5000,202.88,-2.0,2021-09-14,2021-09,"500ETF
510500.XSHG"
2021-09-15 09:31:00,加仓,中概互联,513050.XSHG,1.45,2300.0,42100,,8.0,2021-09-15,2021-09,"中概互联
513050.XSHG"
2021-09-17 10:48:00,加仓,500ETF,510500.XSHG,8.284,600.0,5600,,-1.0,2021-09-17,2021-09,"500ETF
510500.XSHG"
2021-09-17 13:02:00,止盈,医药ETF,512010.XSHG,0.683,1400.0,74200,37.7,7.0,2021-09-17,2021-09,"医药ETF
512010.XSHG"
2021-09-22 09:31:00,加仓,纳指ETF,513100.XSHG,4.996,1000.0,8600,,-2.0,2021-09-22,2021-09,"纳指ETF
513100.XSHG"
2021-09-27 14:53:00,加仓,中概互联,513050.XSHG,1.392,2300.0,44400,,9.0,2021-09-27,2021-09,"中概互联
513050.XSHG"
2021-09-29 10:18:00,加仓,500ETF,510500.XSHG,7.95,600.0,6200,,0.0,2021-09-29,2021-09,"500ETF
510500.XSHG"
2021-10-08 09:31:00,止盈,中概互联,513050.XSHG,1.452,2300.0,42100,137.67,8.0,2021-10-08,2021-10,"中概互联
513050.XSHG"
2021-10-11 11:29:00,止盈,中概互联,513050.XSHG,1.511,2300.0,39800,135.35,7.0,2021-10-11,2021-10,"中概互联
513050.XSHG"
2021-10-18 10:37:00,加仓,医药ETF,512010.XSHG,0.655,1400.0,75600,,8.0,2021-10-18,2021-10,"医药ETF
512010.XSHG"
2021-10-20 09:32:00,止盈,中概互联,513050.XSHG,1.574,2300.0,37500,144.54,6.0,2021-10-20,2021-10,"中概互联
513050.XSHG"
2021-10-27 09:31:00,加仓,中概互联,513050.XSHG,1.501,2300.0,39800,,7.0,2021-10-27,2021-10,"中概互联
513050.XSHG"
2021-11-01 09:32:00,止盈,纳指ETF,513100.XSHG,5.208,1000.0,7600,211.48,-3.0,2021-11-01,2021-11,"纳指ETF
513100.XSHG"
2021-11-08 09:58:00,加仓,医药ETF,512010.XSHG,0.628,1400.0,77000,,9.0,2021-11-08,2021-11,"医药ETF
512010.XSHG"
2021-11-15 10:12:00,止盈,医药ETF,512010.XSHG,0.654,1400.0,75600,36.3,8.0,2021-11-15,2021-11,"医药ETF
512010.XSHG"
2021-11-17 09:32:00,止盈,医药ETF,512010.XSHG,0.684,1400.0,74200,41.9,7.0,2021-11-17,2021-11,"医药ETF
512010.XSHG"
2021-11-19 09:31:00,加仓,医药ETF,512010.XSHG,0.656,1400.0,75600,,8.0,2021-11-19,2021-11,"医药ETF
512010.XSHG"
2021-11-19 09:31:00,加仓,中概互联,513050.XSHG,1.436,2300.0,42100,,8.0,2021-11-19,2021-11,"中概互联
513050.XSHG"
2021-11-19 09:50:00,止盈,纳指ETF,513100.XSHG,5.418,1000.0,6600,209.46,-4.0,2021-11-19,2021-11,"纳指ETF
513100.XSHG"
2021-11-29 09:32:00,止盈,医药ETF,512010.XSHG,0.684,1400.0,74200,39.1,7.0,2021-11-29,2021-11,"医药ETF
512010.XSHG"
2021-11-30 10:16:00,加仓,医药ETF,512010.XSHG,0.656,1400.0,75600,,8.0,2021-11-30,2021-11,"医药ETF
512010.XSHG"
2021-12-02 09:31:00,加仓,中概互联,513050.XSHG,1.378,2300.0,44400,,9.0,2021-12-02,2021-12,"中概互联
513050.XSHG"
2021-12-03 09:46:00,加仓,纳指ETF,513100.XSHG,5.201,1000.0,7600,,-3.0,2021-12-03,2021-12,"纳指ETF
513100.XSHG"
2021-12-06 09:31:00,加仓,中概互联,513050.XSHG,1.32,2300.0,46700,,10.0,2021-12-06,2021-12,"中概互联
513050.XSHG"
2021-12-16 13:39:00,止盈,500ETF,510500.XSHG,8.268,600.0,5600,190.3,-1.0,2021-12-16,2021-12,"500ETF
510500.XSHG"
2021-12-20 10:46:00,加仓,医药ETF,512010.XSHG,0.629,1400.0,77000,,9.0,2021-12-20,2021-12,"医药ETF
512010.XSHG"
2022-01-06 09:59:00,加仓,医药ETF,512010.XSHG,0.603,1400.0,78400,,10.0,2022-01-06,2022-01,"医药ETF
512010.XSHG"
2022-01-14 09:31:00,加仓,纳指ETF,513100.XSHG,1.01,1000.0,39000,,-2.0,2022-01-14,2022-01,"纳指ETF
513100.XSHG"
2022-01-14 09:45:00,加仓,500ETF,510500.XSHG,7.937,600.0,6200,,0.0,2022-01-14,2022-01,"500ETF
510500.XSHG"
2022-01-21 09:31:00,加仓,纳指ETF,513100.XSHG,0.964,1000.0,40000,,-1.0,2022-01-21,2022-01,"纳指ETF
513100.XSHG"
2022-01-25 13:03:00,加仓,纳指ETF,513100.XSHG,0.925,1000.0,41000,,0.0,2022-01-25,2022-01,"纳指ETF
513100.XSHG"
2022-01-25 14:34:00,加仓,500ETF,510500.XSHG,7.618,600.0,6800,,1.0,2022-01-25,2022-01,"500ETF
510500.XSHG"
2022-01-28 10:19:00,加仓,500ETF,510500.XSHG,7.311,600.0,7400,,2.0,2022-01-28,2022-01,"500ETF
510500.XSHG"
2022-02-09 09:42:00,止盈,500ETF,510500.XSHG,7.604,600.0,6800,175.34,1.0,2022-02-09,2022-02,"500ETF
510500.XSHG"
2022-02-09 09:44:00,止盈,纳指ETF,513100.XSHG,0.963,1000.0,40000,37.9,-1.0,2022-02-09,2022-02,"纳指ETF
513100.XSHG"
2022-02-18 09:31:00,加仓,纳指ETF,513100.XSHG,0.92,1000.0,41000,,0.0,2022-02-18,2022-02,"纳指ETF
513100.XSHG"
2022-02-24 09:31:00,加仓,纳指ETF,513100.XSHG,0.875,1000.0,42000,,1.0,2022-02-24,2022-02,"纳指ETF
513100.XSHG"
2022-02-24 11:07:00,止盈,黄金ETF,518880.XSHG,3.815,1100.0,11800,161.28,0.0,2022-02-24,2022-02,"黄金ETF
518880.XSHG"
2022-03-01 09:31:00,止盈,纳指ETF,513100.XSHG,0.914,1000.0,41000,38.9,0.0,2022-03-01,2022-03,"纳指ETF
513100.XSHG"
2022-03-07 09:54:00,加仓,纳指ETF,513100.XSHG,0.877,1000.0,42000,,1.0,2022-03-07,2022-03,"纳指ETF
513100.XSHG"
2022-03-08 11:03:00,加仓,500ETF,510500.XSHG,7.293,600.0,7400,,2.0,2022-03-08,2022-03,"500ETF
510500.XSHG"
2022-03-08 14:35:00,止盈,黄金ETF,518880.XSHG,3.975,1100.0,10700,175.56,-1.0,2022-03-08,2022-03,"黄金ETF
518880.XSHG"
2022-03-09 13:30:00,加仓,500ETF,510500.XSHG,6.998,600.0,8000,,3.0,2022-03-09,2022-03,"500ETF
510500.XSHG"
2022-03-11 14:29:00,止盈,500ETF,510500.XSHG,7.28,600.0,7400,168.76,2.0,2022-03-11,2022-03,"500ETF
510500.XSHG"
2022-03-15 09:32:00,加仓,500ETF,510500.XSHG,6.974,600.0,8000,,3.0,2022-03-15,2022-03,"500ETF
510500.XSHG"
2022-03-15 14:54:00,加仓,500ETF,510500.XSHG,6.694,600.0,8600,,4.0,2022-03-15,2022-03,"500ETF
510500.XSHG"
2022-03-16 09:50:00,加仓,黄金ETF,518880.XSHG,3.816,1100.0,11800,,0.0,2022-03-16,2022-03,"黄金ETF
518880.XSHG"
2022-03-17 09:31:00,止盈,500ETF,510500.XSHG,7.0,600.0,8000,183.18,3.0,2022-03-17,2022-03,"500ETF
510500.XSHG"
2022-03-21 09:31:00,止盈,纳指ETF,513100.XSHG,0.931,1000.0,41000,53.9,0.0,2022-03-21,2022-03,"纳指ETF
513100.XSHG"
2022-03-29 09:31:00,止盈,纳指ETF,513100.XSHG,0.975,1000.0,40000,43.9,-1.0,2022-03-29,2022-03,"纳指ETF
513100.XSHG"
2022-04-11 09:31:00,加仓,纳指ETF,513100.XSHG,0.934,1000.0,41000,,0.0,2022-04-11,2022-04,"纳指ETF
513100.XSHG"
2022-04-12 11:29:00,加仓,500ETF,510500.XSHG,6.719,600.0,8600,,4.0,2022-04-12,2022-04,"500ETF
510500.XSHG"
2022-04-18 11:27:00,加仓,纳指ETF,513100.XSHG,0.896,1000.0,42000,,1.0,2022-04-18,2022-04,"纳指ETF
513100.XSHG"
2022-04-22 09:31:00,加仓,500ETF,510500.XSHG,6.434,600.0,9200,,5.0,2022-04-22,2022-04,"500ETF
510500.XSHG"
2022-04-25 13:43:00,加仓,500ETF,510500.XSHG,6.174,600.0,9800,,6.0,2022-04-25,2022-04,"500ETF
510500.XSHG"
2022-04-26 14:18:00,加仓,500ETF,510500.XSHG,5.923,600.0,10400,,7.0,2022-04-26,2022-04,"500ETF
510500.XSHG"
2022-04-29 10:08:00,止盈,500ETF,510500.XSHG,6.16,600.0,9800,141.83,6.0,2022-04-29,2022-04,"500ETF
510500.XSHG"
2022-05-05 10:51:00,止盈,500ETF,510500.XSHG,6.416,600.0,9200,153.22,5.0,2022-05-05,2022-05,"500ETF
510500.XSHG"
2022-05-10 09:31:00,加仓,纳指ETF,513100.XSHG,0.84,1000.0,43000,,2.0,2022-05-10,2022-05,"纳指ETF
513100.XSHG"
2022-05-20 14:45:00,止盈,500ETF,510500.XSHG,6.674,600.0,8600,154.4,4.0,2022-05-20,2022-05,"500ETF
510500.XSHG"
2022-05-30 09:31:00,止盈,纳指ETF,513100.XSHG,0.878,1000.0,42000,37.9,1.0,2022-05-30,2022-05,"纳指ETF
513100.XSHG"
2022-06-06 10:36:00,止盈,500ETF,510500.XSHG,6.95,600.0,8000,165.18,3.0,2022-06-06,2022-06,"500ETF
510500.XSHG"
2022-06-10 09:31:00,加仓,纳指ETF,513100.XSHG,0.841,1000.0,43000,,2.0,2022-06-10,2022-06,"纳指ETF
513100.XSHG"
2022-06-13 10:37:00,加仓,纳指ETF,513100.XSHG,0.807,1000.0,44000,,3.0,2022-06-13,2022-06,"纳指ETF
513100.XSHG"
2022-06-15 13:09:00,止盈,500ETF,510500.XSHG,7.229,600.0,7400,166.97,2.0,2022-06-15,2022-06,"500ETF
510500.XSHG"
2022-06-27 09:31:00,止盈,纳指ETF,513100.XSHG,0.84,1000.0,43000,32.9,2.0,2022-06-27,2022-06,"纳指ETF
513100.XSHG"
2022-06-29 09:31:00,加仓,纳指ETF,513100.XSHG,0.806,1000.0,44000,,3.0,2022-06-29,2022-06,"纳指ETF
513100.XSHG"
2022-07-08 09:31:00,止盈,纳指ETF,513100.XSHG,0.839,1000.0,43000,32.9,2.0,2022-07-08,2022-07,"纳指ETF
513100.XSHG"
2022-07-08 13:33:00,加仓,黄金ETF,518880.XSHG,3.663,1100.0,12900,,1.0,2022-07-08,2022-07,"黄金ETF
518880.XSHG"
2022-07-29 09:31:00,止盈,纳指ETF,513100.XSHG,0.884,1000.0,42000,44.9,1.0,2022-07-29,2022-07,"纳指ETF
513100.XSHG"
2022-08-11 09:31:00,止盈,纳指ETF,513100.XSHG,0.92,1000.0,41000,35.9,0.0,2022-08-11,2022-08,"纳指ETF
513100.XSHG"
2022-08-15 09:35:00,止盈,黄金ETF,518880.XSHG,3.81,1100.0,11800,161.28,0.0,2022-08-15,2022-08,"黄金ETF
518880.XSHG"
2022-08-29 09:31:00,加仓,纳指ETF,513100.XSHG,0.871,1000.0,42000,,1.0,2022-08-29,2022-08,"纳指ETF
513100.XSHG"
2022-08-29 09:31:00,加仓,500ETF,510500.XSHG,6.215,600.0,9076,,3.0,2022-08-29,2022-08,"500ETF
510500.XSHG"
2022-09-16 14:16:00,加仓,500ETF,510500.XSHG,5.961,600.0,9676,,4.0,2022-09-16,2022-09,"500ETF
510500.XSHG"
2022-09-22 09:31:00,加仓,纳指ETF,513100.XSHG,0.83,1000.0,43000,,2.0,2022-09-22,2022-09,"纳指ETF
513100.XSHG"
2022-09-30 14:39:00,加仓,500ETF,510500.XSHG,5.721,600.0,10276,,5.0,2022-09-30,2022-09,"500ETF
510500.XSHG"
2022-10-10 10:13:00,加仓,纳指ETF,513100.XSHG,0.796,1000.0,44000,,3.0,2022-10-10,2022-10,"纳指ETF
513100.XSHG"
2022-10-14 10:23:00,止盈,500ETF,510500.XSHG,5.954,600.0,9676,139.44,4.0,2022-10-14,2022-10,"500ETF
510500.XSHG"
2022-10-19 09:31:00,止盈,纳指ETF,513100.XSHG,0.829,1000.0,43000,32.9,2.0,2022-10-19,2022-10,"纳指ETF
513100.XSHG"
2022-11-09 14:52:00,止盈,黄金ETF,518880.XSHG,3.964,1100.0,10700,168.96,-1.0,2022-11-09,2022-11,"黄金ETF
518880.XSHG"
2022-11-11 09:31:00,止盈,500ETF,510500.XSHG,6.268,600.0,9076,188.02,3.0,2022-11-11,2022-11,"500ETF
510500.XSHG"
2022-11-16 14:35:00,止盈,纳指ETF,513100.XSHG,0.863,1000.0,42000,33.9,1.0,2022-11-16,2022-11,"纳指ETF
513100.XSHG"
2022-11-28 09:31:00,加仓,500ETF,510500.XSHG,6.007,600.0,9676,,4.0,2022-11-28,2022-11,"500ETF
510500.XSHG"
2022-12-06 10:28:00,止盈,500ETF,510500.XSHG,6.249,600.0,9076,144.83,3.0,2022-12-06,2022-12,"500ETF
510500.XSHG"
2022-12-12 09:31:00,加仓,纳指ETF,513100.XSHG,0.825,1000.0,43000,,2.0,2022-12-12,2022-12,"纳指ETF
513100.XSHG"
2022-12-19 13:13:00,加仓,500ETF,510500.XSHG,5.996,600.0,9676,,4.0,2022-12-19,2022-12,"500ETF
510500.XSHG"
2022-12-29 09:35:00,加仓,纳指ETF,513100.XSHG,0.791,1000.0,44000,,3.0,2022-12-29,2022-12,"纳指ETF
513100.XSHG"
2023-01-18 13:09:00,止盈,纳指ETF,513100.XSHG,0.823,1000.0,43000,31.9,2.0,2023-01-18,2023-01,"纳指ETF
513100.XSHG"
2023-01-20 09:30:00,止盈,500ETF,510500.XSHG,6.236,600.0,9076,143.63,3.0,2023-01-20,2023-01,"500ETF
510500.XSHG"
2023-02-02 09:31:00,止盈,纳指ETF,513100.XSHG,0.864,1000.0,42000,40.9,1.0,2023-02-02,2023-02,"纳指ETF
513100.XSHG"
2023-02-02 09:31:00,止盈,黄金ETF,518880.XSHG,4.126,1100.0,9600,177.75,-2.0,2023-02-02,2023-02,"黄金ETF
518880.XSHG"
2023-03-20 10:45:00,止盈,黄金ETF,518880.XSHG,4.292,1100.0,8500,182.13,-3.0,2023-03-20,2023-03,"黄金ETF
518880.XSHG"
2023-03-27 13:26:00,止盈,纳指ETF,513100.XSHG,0.899,1000.0,41000,34.9,0.0,2023-03-27,2023-03,"纳指ETF
513100.XSHG"
2023-05-11 09:31:00,止盈,纳指ETF,513100.XSHG,0.94,1000.0,40000,40.9,-1.0,2023-05-11,2023-05,"纳指ETF
513100.XSHG"
2023-05-19 09:31:00,止盈,纳指ETF,513100.XSHG,0.992,1000.0,39000,51.9,-2.0,2023-05-19,2023-05,"纳指ETF
513100.XSHG"
2023-05-25 11:02:00,加仓,500ETF,510500.XSHG,5.984,600.0,9676,,4.0,2023-05-25,2023-05,"500ETF
510500.XSHG"
2023-05-29 14:37:00,止盈,纳指ETF,513100.XSHG,1.032,1000.0,38000,39.9,-3.0,2023-05-29,2023-05,"纳指ETF
513100.XSHG"
2023-06-13 09:31:00,止盈,纳指ETF,513100.XSHG,1.079,1000.0,37000,46.89,-4.0,2023-06-13,2023-06,"纳指ETF
513100.XSHG"
2023-06-16 13:42:00,止盈,500ETF,510500.XSHG,6.225,600.0,9076,144.23,3.0,2023-06-16,2023-06,"500ETF
510500.XSHG"
2023-06-26 10:42:00,加仓,500ETF,510500.XSHG,5.975,600.0,9676,,4.0,2023-06-26,2023-06,"500ETF
510500.XSHG"
2023-07-14 09:31:00,止盈,纳指ETF,513100.XSHG,1.129,1000.0,36000,49.89,-5.0,2023-07-14,2023-07,"纳指ETF
513100.XSHG"
2023-07-19 09:40:00,止盈,黄金ETF,518880.XSHG,4.464,1100.0,7400,188.71,-4.0,2023-07-19,2023-07,"黄金ETF
518880.XSHG"
2023-07-31 09:36:00,止盈,500ETF,510500.XSHG,6.216,600.0,9076,144.23,3.0,2023-07-31,2023-07,"500ETF
510500.XSHG"
2023-08-14 09:38:00,加仓,500ETF,510500.XSHG,5.963,600.0,9676,,4.0,2023-08-14,2023-08,"500ETF
510500.XSHG"
2023-08-18 10:47:00,加仓,纳指ETF,513100.XSHG,1.083,1000.0,37000,,-4.0,2023-08-18,2023-08,"纳指ETF
513100.XSHG"
2023-08-24 09:31:00,止盈,纳指ETF,513100.XSHG,1.13,1000.0,36000,46.89,-5.0,2023-08-24,2023-08,"纳指ETF
513100.XSHG"
2023-08-25 09:32:00,加仓,500ETF,510500.XSHG,5.723,600.0,10276,,5.0,2023-08-25,2023-08,"500ETF
510500.XSHG"
2023-08-28 09:31:00,止盈,500ETF,510500.XSHG,5.974,600.0,9676,150.24,4.0,2023-08-28,2023-08,"500ETF
510500.XSHG"
2023-08-28 14:35:00,加仓,500ETF,510500.XSHG,5.731,600.0,10276,,5.0,2023-08-28,2023-08,"500ETF
510500.XSHG"
2023-09-22 09:32:00,加仓,纳指ETF,513100.XSHG,1.084,1000.0,37000,,-4.0,2023-09-22,2023-09,"纳指ETF
513100.XSHG"
2023-10-12 09:31:00,止盈,纳指ETF,513100.XSHG,1.129,1000.0,36000,44.89,-5.0,2023-10-12,2023-10,"纳指ETF
513100.XSHG"
2023-10-23 09:31:00,加仓,纳指ETF,513100.XSHG,1.076,1000.0,37000,,-4.0,2023-10-23,2023-10,"纳指ETF
513100.XSHG"
2023-10-23 09:31:00,加仓,500ETF,510500.XSHG,5.487,600.0,10876,,6.0,2023-10-23,2023-10,"500ETF
510500.XSHG"
2023-11-07 13:40:00,止盈,500ETF,510500.XSHG,5.707,600.0,10276,131.66,5.0,2023-11-07,2023-11,"500ETF
510500.XSHG"
2023-11-08 09:31:00,止盈,纳指ETF,513100.XSHG,1.122,1000.0,36000,45.89,-5.0,2023-11-08,2023-11,"纳指ETF
513100.XSHG"
2023-12-04 09:31:00,止盈,黄金ETF,518880.XSHG,4.669,1100.0,6300,224.99,-5.0,2023-12-04,2023-12,"黄金ETF
518880.XSHG"
2023-12-12 09:31:00,止盈,纳指ETF,513100.XSHG,1.177,1000.0,35000,54.88,-6.0,2023-12-12,2023-12,"纳指ETF
513100.XSHG"
2023-12-18 14:27:00,加仓,500ETF,510500.XSHG,5.478,600.0,10876,,6.0,2023-12-18,2023-12,"500ETF
510500.XSHG"
2024-01-08 14:50:00,加仓,500ETF,510500.XSHG,5.258,600.0,11476,,7.0,2024-01-08,2024-01,"500ETF
510500.XSHG"
2024-01-15 13:32:00,止盈,纳指ETF,513100.XSHG,1.225,1000.0,34000,47.88,-7.0,2024-01-15,2024-01,"纳指ETF
513100.XSHG"
2024-01-18 10:45:00,加仓,500ETF,510500.XSHG,5.047,600.0,12076,,8.0,2024-01-18,2024-01,"500ETF
510500.XSHG"
2024-01-22 11:21:00,止盈,纳指ETF,513100.XSHG,1.275,1000.0,33000,49.87,-8.0,2024-01-22,2024-01,"纳指ETF
513100.XSHG"
2024-01-22 14:44:00,加仓,500ETF,510500.XSHG,4.832,600.0,12676,,9.0,2024-01-22,2024-01,"500ETF
510500.XSHG"
2024-01-25 09:37:00,止盈,500ETF,510500.XSHG,5.026,600.0,12076,116.1,8.0,2024-01-25,2024-01,"500ETF
510500.XSHG"
2024-01-31 10:07:00,加仓,500ETF,510500.XSHG,4.818,600.0,12676,,9.0,2024-01-31,2024-01,"500ETF
510500.XSHG"
2024-02-02 13:42:00,加仓,500ETF,510500.XSHG,4.624,600.0,13276,,10.0,2024-02-02,2024-02,"500ETF
510500.XSHG"
2024-02-06 13:12:00,止盈,500ETF,510500.XSHG,4.811,600.0,12676,111.91,9.0,2024-02-06,2024-02,"500ETF
510500.XSHG"
2024-02-07 09:35:00,止盈,500ETF,510500.XSHG,5.016,600.0,12076,122.7,8.0,2024-02-07,2024-02,"500ETF
510500.XSHG"
2024-02-07 14:58:00,止盈,500ETF,510500.XSHG,5.217,600.0,11476,120.29,7.0,2024-02-07,2024-02,"500ETF
510500.XSHG"
2024-02-08 10:07:00,止盈,500ETF,510500.XSHG,5.434,600.0,10876,129.87,6.0,2024-02-08,2024-02,"500ETF
510500.XSHG"
2024-02-19 09:32:00,加仓,500ETF,510500.XSHG,5.216,600.0,11476,,7.0,2024-02-19,2024-02,"500ETF
510500.XSHG"
2024-02-28 09:33:00,止盈,500ETF,510500.XSHG,5.426,600.0,10876,125.67,6.0,2024-02-28,2024-02,"500ETF
510500.XSHG"
2024-03-04 09:31:00,破顶,纳指ETF,513100.XSHG,1.337,,37300,,,2024-03-04,2024-03,"纳指ETF
513100.XSHG"
2024-03-07 10:15:00,止盈,黄金ETF,518880.XSHG,4.856,1100.0,5200,205.17,-6.0,2024-03-07,2024-03,"黄金ETF
518880.XSHG"
2024-03-29 09:31:00,止盈,黄金ETF,518880.XSHG,5.096,1100.0,4100,263.44,-7.0,2024-03-29,2024-03,"黄金ETF
518880.XSHG"
2024-04-08 09:31:00,止盈,黄金ETF,518880.XSHG,5.3,1100.0,3000,223.82,-8.0,2024-04-08,2024-04,"黄金ETF
518880.XSHG"
2024-04-18 09:31:00,加仓,纳指ETF,513100.XSHG,1.281,3700.0,41000,,1.0,2024-04-18,2024-04,"纳指ETF
513100.XSHG"
2024-04-19 09:36:00,破顶,黄金ETF,518880.XSHG,5.512,,9000,,,2024-04-19,2024-04,"黄金ETF
518880.XSHG"
2024-04-23 09:38:00,加仓,黄金ETF,518880.XSHG,5.29,900.0,9900,,1.0,2024-04-23,2024-04,"黄金ETF
518880.XSHG"
2024-05-09 11:03:00,止盈,500ETF,510500.XSHG,5.645,600.0,10276,131.06,5.0,2024-05-09,2024-05,"500ETF
510500.XSHG"
2024-05-15 09:31:00,止盈,纳指ETF,513100.XSHG,1.336,3700.0,37300,203.01,0.0,2024-05-15,2024-05,"纳指ETF
513100.XSHG"
2024-05-20 09:31:00,止盈,黄金ETF,518880.XSHG,5.524,900.0,9000,210.1,0.0,2024-05-20,2024-05,"黄金ETF
518880.XSHG"
2024-05-23 09:47:00,加仓,500ETF,510500.XSHG,5.419,600.0,10876,,6.0,2024-05-23,2024-05,"500ETF
510500.XSHG"
2024-05-24 09:31:00,加仓,黄金ETF,518880.XSHG,5.296,900.0,9900,,1.0,2024-05-24,2024-05,"黄金ETF
518880.XSHG"
2024-06-06 09:31:00,止盈,纳指ETF,513100.XSHG,1.393,3700.0,33600,210.38,-1.0,2024-06-06,2024-06,"纳指ETF
513100.XSHG"
2024-06-11 09:37:00,加仓,500ETF,510500.XSHG,5.2,600.0,11476,,7.0,2024-06-11,2024-06,"500ETF
510500.XSHG"
2024-06-18 09:31:00,止盈,纳指ETF,513100.XSHG,1.457,3700.0,29900,236.26,-2.0,2024-06-18,2024-06,"纳指ETF
513100.XSHG"
2024-06-25 14:05:00,加仓,500ETF,510500.XSHG,4.99,600.0,12076,,8.0,2024-06-25,2024-06,"500ETF
510500.XSHG"
2024-07-04 09:31:00,止盈,纳指ETF,513100.XSHG,1.522,3700.0,26200,239.94,-3.0,2024-07-04,2024-07,"纳指ETF
513100.XSHG"
2024-07-17 09:31:00,止盈,黄金ETF,518880.XSHG,5.6,900.0,9000,273.1,0.0,2024-07-17,2024-07,"黄金ETF
518880.XSHG"
2024-07-22 09:31:00,加仓,纳指ETF,513100.XSHG,1.461,3700.0,29900,,-2.0,2024-07-22,2024-07,"纳指ETF
513100.XSHG"
2024-07-24 09:31:00,加仓,500ETF,510500.XSHG,4.79,600.0,12676,,9.0,2024-07-24,2024-07,"500ETF
510500.XSHG"
2024-07-25 09:32:00,加仓,黄金ETF,518880.XSHG,5.371,900.0,9900,,1.0,2024-07-25,2024-07,"黄金ETF
518880.XSHG"
2024-07-25 14:05:00,加仓,纳指ETF,513100.XSHG,1.402,3700.0,33600,,-1.0,2024-07-25,2024-07,"纳指ETF
513100.XSHG"
2024-08-01 09:31:00,止盈,纳指ETF,513100.XSHG,1.465,3700.0,29900,232.56,-2.0,2024-08-01,2024-08,"纳指ETF
513100.XSHG"
2024-08-01 09:31:00,止盈,500ETF,510500.XSHG,4.993,600.0,12076,121.5,8.0,2024-08-01,2024-08,"500ETF
510500.XSHG"
2024-08-02 13:14:00,加仓,纳指ETF,513100.XSHG,1.406,3700.0,33600,,-1.0,2024-08-02,2024-08,"纳指ETF
513100.XSHG"
2024-08-05 09:31:00,加仓,纳指ETF,513100.XSHG,1.331,3700.0,37300,,0.0,2024-08-05,2024-08,"纳指ETF
513100.XSHG"
2024-08-05 13:37:00,加仓,500ETF,510500.XSHG,4.791,600.0,12676,,9.0,2024-08-05,2024-08,"500ETF
510500.XSHG"
2024-08-05 13:53:00,加仓,纳指ETF,513100.XSHG,1.276,3700.0,41000,,1.0,2024-08-05,2024-08,"纳指ETF
513100.XSHG"
2024-08-06 09:31:00,止盈,纳指ETF,513100.XSHG,1.336,3700.0,37300,221.51,0.0,2024-08-06,2024-08,"纳指ETF
513100.XSHG"
2024-08-14 09:31:00,止盈,纳指ETF,513100.XSHG,1.413,3700.0,33600,284.38,-1.0,2024-08-14,2024-08,"纳指ETF
513100.XSHG"
2024-08-16 14:08:00,止盈,纳指ETF,513100.XSHG,1.47,3700.0,29900,210.36,-2.0,2024-08-16,2024-08,"纳指ETF
513100.XSHG"
2024-08-23 10:01:00,加仓,500ETF,510500.XSHG,4.599,600.0,13276,,10.0,2024-08-23,2024-08,"500ETF
510500.XSHG"
2024-08-29 09:31:00,加仓,纳指ETF,513100.XSHG,1.41,3700.0,33600,,-1.0,2024-08-29,2024-08,"纳指ETF
513100.XSHG"
2024-08-30 13:44:00,止盈,500ETF,510500.XSHG,4.783,600.0,12676,110.11,9.0,2024-08-30,2024-08,"500ETF
510500.XSHG"
2024-09-06 09:31:00,加仓,纳指ETF,513100.XSHG,1.352,3700.0,37300,,0.0,2024-09-06,2024-09,"纳指ETF
513100.XSHG"
2024-09-09 09:33:00,加仓,500ETF,510500.XSHG,4.591,600.0,13276,,10.0,2024-09-09,2024-09,"500ETF
510500.XSHG"
2024-09-12 09:31:00,止盈,纳指ETF,513100.XSHG,1.414,3700.0,33600,228.88,-1.0,2024-09-12,2024-09,"纳指ETF
513100.XSHG"
2024-09-13 09:31:00,止盈,黄金ETF,518880.XSHG,5.613,900.0,9000,217.29,0.0,2024-09-13,2024-09,"黄金ETF
518880.XSHG"
2024-09-24 14:58:00,止盈,500ETF,510500.XSHG,4.777,600.0,12676,111.31,9.0,2024-09-24,2024-09,"500ETF
510500.XSHG"
2024-09-26 13:57:00,止盈,500ETF,510500.XSHG,4.971,600.0,12076,116.1,8.0,2024-09-26,2024-09,"500ETF
510500.XSHG"
2024-09-27 09:53:00,止盈,500ETF,510500.XSHG,5.171,600.0,11476,119.69,7.0,2024-09-27,2024-09,"500ETF
510500.XSHG"
2024-09-27 11:23:00,止盈,500ETF,510500.XSHG,5.379,600.0,10876,124.48,6.0,2024-09-27,2024-09,"500ETF
510500.XSHG"
2024-09-30 09:31:00,止盈,500ETF,510500.XSHG,5.787,600.0,10276,244.45,5.0,2024-09-30,2024-09,"500ETF
510500.XSHG"
2024-09-30 09:51:00,加仓,500ETF,510500.XSHG,5.554,600.0,10876,,6.0,2024-09-30,2024-09,"500ETF
510500.XSHG"
2024-09-30 10:55:00,止盈,500ETF,510500.XSHG,5.79,600.0,10276,141.25,5.0,2024-09-30,2024-09,"500ETF
510500.XSHG"
2024-09-30 14:00:00,止盈,500ETF,510500.XSHG,6.037,600.0,9676,147.84,4.0,2024-09-30,2024-09,"500ETF
510500.XSHG"
2024-10-08 09:31:00,止盈,500ETF,510500.XSHG,6.595,600.0,9076,334.4,3.0,2024-10-08,2024-10,"500ETF
510500.XSHG"
2024-10-08 09:31:00,止盈,中概互联,513050.XSHG,1.426,2300.0,44400,243.47,9.0,2024-10-08,2024-10,"中概互联
513050.XSHG"
2024-10-08 09:35:00,加仓,中概互联,513050.XSHG,1.36,2300.0,46700,,10.0,2024-10-08,2024-10,"中概互联
513050.XSHG"
2024-10-08 10:15:00,加仓,500ETF,510500.XSHG,6.323,600.0,9676,,4.0,2024-10-08,2024-10,"500ETF
510500.XSHG"
2024-10-08 10:37:00,加仓,500ETF,510500.XSHG,6.017,600.0,10276,,5.0,2024-10-08,2024-10,"500ETF
510500.XSHG"
2024-10-08 10:46:00,止盈,500ETF,510500.XSHG,6.266,600.0,9676,149.02,4.0,2024-10-08,2024-10,"500ETF
510500.XSHG"
2024-10-09 09:32:00,加仓,500ETF,510500.XSHG,5.986,600.0,10276,,5.0,2024-10-09,2024-10,"500ETF
510500.XSHG"
2024-10-10 10:14:00,加仓,500ETF,510500.XSHG,5.74,600.0,10876,,6.0,2024-10-10,2024-10,"500ETF
510500.XSHG"
2024-10-10 11:21:00,止盈,500ETF,510500.XSHG,5.973,600.0,10276,139.44,5.0,2024-10-10,2024-10,"500ETF
510500.XSHG"
2024-10-11 09:31:00,加仓,500ETF,510500.XSHG,5.734,600.0,10876,,6.0,2024-10-11,2024-10,"500ETF
510500.XSHG"
2024-10-11 14:39:00,加仓,500ETF,510500.XSHG,5.502,600.0,11476,,7.0,2024-10-11,2024-10,"500ETF
510500.XSHG"
2024-10-15 10:06:00,止盈,500ETF,510500.XSHG,5.723,600.0,10876,132.26,6.0,2024-10-15,2024-10,"500ETF
510500.XSHG"
2024-10-15 11:24:00,止盈,纳指ETF,513100.XSHG,1.471,3700.0,29900,210.36,-2.0,2024-10-15,2024-10,"纳指ETF
513100.XSHG"
2024-10-16 09:31:00,止盈,黄金ETF,518880.XSHG,5.852,900.0,8100,214.57,-1.0,2024-10-16,2024-10,"黄金ETF
518880.XSHG"
2024-10-23 13:14:00,止盈,500ETF,510500.XSHG,5.953,600.0,10276,137.64,5.0,2024-10-23,2024-10,"500ETF
510500.XSHG"
2024-10-30 09:31:00,止盈,黄金ETF,518880.XSHG,6.109,900.0,7200,230.75,-2.0,2024-10-30,2024-10,"黄金ETF
518880.XSHG"
2024-11-05 13:01:00,止盈,500ETF,510500.XSHG,6.198,600.0,9676,146.63,4.0,2024-11-05,2024-11,"500ETF
510500.XSHG"
2024-11-07 09:37:00,加仓,黄金ETF,518880.XSHG,5.864,900.0,8100,,-1.0,2024-11-07,2024-11,"黄金ETF
518880.XSHG"
2024-11-11 09:31:00,止盈,纳指ETF,513100.XSHG,1.53,3700.0,26200,217.73,-3.0,2024-11-11,2024-11,"纳指ETF
513100.XSHG"
2024-11-12 09:33:00,止盈,500ETF,510500.XSHG,6.453,600.0,9076,152.61,3.0,2024-11-12,2024-11,"500ETF
510500.XSHG"
2024-11-14 14:26:00,加仓,500ETF,510500.XSHG,6.188,600.0,9676,,4.0,2024-11-14,2024-11,"500ETF
510500.XSHG"
2024-11-18 14:03:00,加仓,500ETF,510500.XSHG,5.939,600.0,10276,,5.0,2024-11-18,2024-11,"500ETF
510500.XSHG"
2024-11-27 10:09:00,加仓,500ETF,510500.XSHG,5.701,600.0,10876,,6.0,2024-11-27,2024-11,"500ETF
510500.XSHG"
2024-11-29 11:12:00,止盈,500ETF,510500.XSHG,5.933,600.0,10276,138.84,5.0,2024-11-29,2024-11,"500ETF
510500.XSHG"
2024-12-05 13:25:00,止盈,纳指ETF,513100.XSHG,1.592,3700.0,22500,228.81,-4.0,2024-12-05,2024-12,"纳指ETF
513100.XSHG"
2024-12-10 09:31:00,止盈,500ETF,510500.XSHG,6.266,600.0,9676,199.42,4.0,2024-12-10,2024-12,"500ETF
510500.XSHG"
2024-12-16 11:06:00,加仓,500ETF,510500.XSHG,6.013,600.0,10276,,5.0,2024-12-16,2024-12,"500ETF
510500.XSHG"
2024-12-17 09:31:00,止盈,纳指ETF,513100.XSHG,1.677,3700.0,18800,313.88,-5.0,2024-12-17,2024-12,"纳指ETF
513100.XSHG"
2024-12-20 09:59:00,加仓,纳指ETF,513100.XSHG,1.608,3700.0,22500,,-4.0,2024-12-20,2024-12,"纳指ETF
513100.XSHG"
2024-12-24 09:31:00,止盈,纳指ETF,513100.XSHG,1.673,3700.0,18800,239.88,-5.0,2024-12-24,2024-12,"纳指ETF
513100.XSHG"
2025-01-02 10:11:00,加仓,500ETF,510500.XSHG,5.768,600.0,10876,,6.0,2025-01-02,2025-01,"500ETF
510500.XSHG"
2025-01-03 14:09:00,加仓,500ETF,510500.XSHG,5.537,600.0,11476,,7.0,2025-01-03,2025-01,"500ETF
510500.XSHG"
2025-01-10 14:35:00,止盈,黄金ETF,518880.XSHG,6.099,900.0,7200,210.95,-2.0,2025-01-10,2025-01,"黄金ETF
518880.XSHG"
2025-01-13 09:37:00,加仓,纳指ETF,513100.XSHG,1.606,3700.0,22500,,-4.0,2025-01-13,2025-01,"纳指ETF
513100.XSHG"
2025-02-05 09:31:00,止盈,黄金ETF,518880.XSHG,6.4,900.0,6300,270.32,-3.0,2025-02-05,2025-02,"黄金ETF
518880.XSHG"
2025-02-07 09:44:00,止盈,500ETF,510500.XSHG,5.759,600.0,10876,132.85,6.0,2025-02-07,2025-02,"500ETF
510500.XSHG"
2025-02-13 14:03:00,止盈,中概互联,513050.XSHG,1.415,2300.0,44400,126.17,9.0,2025-02-13,2025-02,"中概互联
513050.XSHG"
2025-02-17 09:32:00,止盈,中概互联,513050.XSHG,1.476,2300.0,42100,139.96,8.0,2025-02-17,2025-02,"中概互联
513050.XSHG"
2025-02-17 13:39:00,加仓,中概互联,513050.XSHG,1.415,2300.0,44400,,9.0,2025-02-17,2025-02,"中概互联
513050.XSHG"
2025-02-18 10:27:00,止盈,中概互联,513050.XSHG,1.472,2300.0,42100,130.76,8.0,2025-02-18,2025-02,"中概互联
513050.XSHG"
2025-02-20 10:27:00,加仓,中概互联,513050.XSHG,1.413,2300.0,44400,,9.0,2025-02-20,2025-02,"中概互联
513050.XSHG"
2025-02-21 09:31:00,止盈,中概互联,513050.XSHG,1.478,2300.0,42100,149.16,8.0,2025-02-21,2025-02,"中概互联
513050.XSHG"
2025-02-21 10:23:00,止盈,500ETF,510500.XSHG,5.99,600.0,10276,138.24,5.0,2025-02-21,2025-02,"500ETF
510500.XSHG"
2025-02-28 09:31:00,加仓,纳指ETF,513100.XSHG,1.528,3700.0,26200,,-3.0,2025-02-28,2025-02,"纳指ETF
513100.XSHG"
2025-03-04 09:31:00,加仓,中概互联,513050.XSHG,1.412,2300.0,44400,,9.0,2025-03-04,2025-03,"中概互联
513050.XSHG"
2025-03-05 09:32:00,止盈,中概互联,513050.XSHG,1.47,2300.0,42100,133.06,8.0,2025-03-05,2025-03,"中概互联
513050.XSHG"
2025-03-06 09:31:00,止盈,中概互联,513050.XSHG,1.542,2300.0,39800,165.25,7.0,2025-03-06,2025-03,"中概互联
513050.XSHG"
2025-03-07 13:15:00,止盈,中概互联,513050.XSHG,1.604,2300.0,37500,142.23,6.0,2025-03-07,2025-03,"中概互联
513050.XSHG"
2025-03-10 10:14:00,加仓,中概互联,513050.XSHG,1.539,2300.0,39800,,7.0,2025-03-10,2025-03,"中概互联
513050.XSHG"
2025-03-11 09:31:00,加仓,纳指ETF,513100.XSHG,1.429,3700.0,29900,,-2.0,2025-03-11,2025-03,"纳指ETF
513100.XSHG"
2025-03-13 13:02:00,加仓,中概互联,513050.XSHG,1.477,2300.0,42100,,8.0,2025-03-13,2025-03,"中概互联
513050.XSHG"
2025-03-14 09:31:00,止盈,黄金ETF,518880.XSHG,6.688,900.0,5400,258.6,-4.0,2025-03-14,2025-03,"黄金ETF
518880.XSHG"
2025-03-14 13:01:00,止盈,中概互联,513050.XSHG,1.537,2300.0,39800,137.65,7.0,2025-03-14,2025-03,"中概互联
513050.XSHG"
2025-03-19 13:13:00,止盈,中概互联,513050.XSHG,1.599,2300.0,37500,142.23,6.0,2025-03-19,2025-03,"中概互联
513050.XSHG"
2025-03-20 14:41:00,加仓,中概互联,513050.XSHG,1.534,2300.0,39800,,7.0,2025-03-20,2025-03,"中概互联
513050.XSHG"
2025-03-24 09:33:00,止盈,纳指ETF,513100.XSHG,1.488,3700.0,26200,217.75,-3.0,2025-03-24,2025-03,"纳指ETF
513100.XSHG"
2025-03-25 10:48:00,加仓,中概互联,513050.XSHG,1.472,2300.0,42100,,8.0,2025-03-25,2025-03,"中概互联
513050.XSHG"
2025-03-31 09:31:00,加仓,纳指ETF,513100.XSHG,1.428,3700.0,29900,,-2.0,2025-03-31,2025-03,"纳指ETF
513100.XSHG"
2025-03-31 09:32:00,止盈,黄金ETF,518880.XSHG,6.959,900.0,4500,243.27,-5.0,2025-03-31,2025-03,"黄金ETF
518880.XSHG"
2025-04-03 13:27:00,加仓,中概互联,513050.XSHG,1.413,2300.0,44400,,9.0,2025-04-03,2025-04,"中概互联
513050.XSHG"
2025-04-07 09:31:00,加仓,纳指ETF,513100.XSHG,1.272,3700.0,33600,,-1.0,2025-04-07,2025-04,"纳指ETF
513100.XSHG"
2025-04-07 09:31:00,加仓,500ETF,510500.XSHG,5.624,600.0,10876,,6.0,2025-04-07,2025-04,"500ETF
510500.XSHG"
2025-04-07 09:31:00,加仓,中概互联,513050.XSHG,1.298,2300.0,46700,,10.0,2025-04-07,2025-04,"中概互联
513050.XSHG"
2025-04-07 09:47:00,加仓,500ETF,510500.XSHG,5.388,600.0,11476,,7.0,2025-04-07,2025-04,"500ETF
510500.XSHG"
2025-04-08 09:51:00,止盈,纳指ETF,513100.XSHG,1.324,3700.0,29900,191.91,-2.0,2025-04-08,2025-04,"纳指ETF
513100.XSHG"
2025-04-09 09:31:00,加仓,纳指ETF,513100.XSHG,1.27,3700.0,33600,,-1.0,2025-04-09,2025-04,"纳指ETF
513100.XSHG"
2025-04-09 09:38:00,加仓,500ETF,510500.XSHG,5.148,600.0,12076,,8.0,2025-04-09,2025-04,"500ETF
510500.XSHG"
2025-04-09 10:13:00,止盈,500ETF,510500.XSHG,5.358,600.0,11476,125.68,7.0,2025-04-09,2025-04,"500ETF
510500.XSHG"
2025-04-10 09:31:00,止盈,纳指ETF,513100.XSHG,1.43,3700.0,29900,591.47,-2.0,2025-04-10,2025-04,"纳指ETF
513100.XSHG"
2025-04-10 09:51:00,止盈,500ETF,510500.XSHG,5.585,600.0,10876,135.86,6.0,2025-04-10,2025-04,"500ETF
510500.XSHG"
2025-04-11 09:31:00,加仓,纳指ETF,513100.XSHG,1.372,3700.0,33600,,-1.0,2025-04-11,2025-04,"纳指ETF
513100.XSHG"
2025-04-11 09:31:00,止盈,黄金ETF,518880.XSHG,7.324,900.0,3600,327.84,-6.0,2025-04-11,2025-04,"黄金ETF
518880.XSHG"
2025-04-14 09:31:00,止盈,纳指ETF,513100.XSHG,1.434,3700.0,29900,228.87,-2.0,2025-04-14,2025-04,"纳指ETF
513100.XSHG"
2025-04-17 09:31:00,止盈,黄金ETF,518880.XSHG,7.65,900.0,2700,292.71,-7.0,2025-04-17,2025-04,"黄金ETF
518880.XSHG"
2025-04-21 09:31:00,加仓,纳指ETF,513100.XSHG,1.373,3700.0,33600,,-1.0,2025-04-21,2025-04,"纳指ETF
513100.XSHG"
2025-04-22 10:57:00,止盈,黄金ETF,518880.XSHG,7.957,900.0,1800,275.58,-8.0,2025-04-22,2025-04,"黄金ETF
518880.XSHG"
2025-04-23 10:57:00,加仓,黄金ETF,518880.XSHG,7.637,900.0,2700,,-7.0,2025-04-23,2025-04,"黄金ETF
518880.XSHG"
2025-04-25 09:31:00,止盈,纳指ETF,513100.XSHG,1.438,3700.0,29900,239.97,-2.0,2025-04-25,2025-04,"纳指ETF
513100.XSHG"
2025-04-25 10:29:00,止盈,中概互联,513050.XSHG,1.35,2300.0,44400,119.29,9.0,2025-04-25,2025-04,"中概互联
513050.XSHG"
2025-05-06 14:58:00,止盈,中概互联,513050.XSHG,1.405,2300.0,42100,126.18,8.0,2025-05-06,2025-05,"中概互联
513050.XSHG"
2025-05-07 09:31:00,止盈,500ETF,510500.XSHG,5.817,600.0,10276,138.85,5.0,2025-05-07,2025-05,"500ETF
510500.XSHG"
2025-05-12 09:31:00,止盈,纳指ETF,513100.XSHG,1.514,3700.0,26200,280.64,-3.0,2025-05-12,2025-05,"纳指ETF
513100.XSHG"
2025-05-13 09:31:00,加仓,黄金ETF,518880.XSHG,7.281,900.0,3600,,-6.0,2025-05-13,2025-05,"黄金ETF
518880.XSHG"
2025-05-29 09:31:00,止盈,纳指ETF,513100.XSHG,1.589,3700.0,22500,276.91,-4.0,2025-05-29,2025-05,"纳指ETF
513100.XSHG"
2025-06-13 09:31:00,止盈,黄金ETF,518880.XSHG,7.619,900.0,2700,303.51,-7.0,2025-06-13,2025-06,"黄金ETF
518880.XSHG"
2025-06-19 13:01:00,加仓,中概互联,513050.XSHG,1.348,2300.0,44400,,9.0,2025-06-19,2025-06,"中概互联
513050.XSHG"
2025-06-25 14:54:00,止盈,中概互联,513050.XSHG,1.402,2300.0,42100,123.88,8.0,2025-06-25,2025-06,"中概互联
513050.XSHG"
2025-06-27 14:40:00,加仓,黄金ETF,518880.XSHG,7.313,900.0,3600,,-6.0,2025-06-27,2025-06,"黄金ETF
518880.XSHG"
2025-07-04 09:31:00,加仓,中概互联,513050.XSHG,1.345,2300.0,44400,,9.0,2025-07-04,2025-07,"中概互联
513050.XSHG"
2025-07-10 14:12:00,止盈,500ETF,510500.XSHG,6.05,600.0,9676,139.44,4.0,2025-07-10,2025-07,"500ETF
510500.XSHG"
2025-07-16 09:31:00,止盈,中概互联,513050.XSHG,1.412,2300.0,42100,153.78,8.0,2025-07-16,2025-07,"中概互联
513050.XSHG"
2025-07-18 09:31:00,止盈,纳指ETF,513100.XSHG,1.658,3700.0,18800,254.69,-5.0,2025-07-18,2025-07,"纳指ETF
513100.XSHG"
2025-07-22 14:59:00,止盈,500ETF,510500.XSHG,6.292,600.0,9076,144.82,3.0,2025-07-22,2025-07,"500ETF
510500.XSHG"
2025-07-23 13:01:00,止盈,中概互联,513050.XSHG,1.473,2300.0,39800,139.96,7.0,2025-07-23,2025-07,"中概互联
513050.XSHG"
2025-08-04 09:31:00,加仓,中概互联,513050.XSHG,1.414,2300.0,42100,,8.0,2025-08-04,2025-08,"中概互联
513050.XSHG"
2025-08-13 10:49:00,止盈,500ETF,510500.XSHG,6.546,600.0,8476,152.01,2.0,2025-08-13,2025-08,"500ETF
510500.XSHG"
2025-08-13 11:01:00,止盈,中概互联,513050.XSHG,1.471,2300.0,39800,130.76,7.0,2025-08-13,2025-08,"中概互联
513050.XSHG"
2025-08-20 14:48:00,止盈,500ETF,510500.XSHG,6.808,600.0,7876,156.79,1.0,2025-08-20,2025-08,"500ETF
510500.XSHG"
2025-08-25 09:58:00,止盈,中概互联,513050.XSHG,1.53,2300.0,37500,135.35,6.0,2025-08-25,2025-08,"中概互联
513050.XSHG"
2025-08-26 11:22:00,止盈,500ETF,510500.XSHG,7.083,600.0,7276,164.58,0.0,2025-08-26,2025-08,"500ETF
510500.XSHG"
2025-09-01 10:08:00,止盈,黄金ETF,518880.XSHG,7.607,900.0,2700,263.92,-7.0,2025-09-01,2025-09,"黄金ETF
518880.XSHG"
2025-09-04 11:28:00,加仓,500ETF,510500.XSHG,6.793,600.0,7876,,1.0,2025-09-04,2025-09,"500ETF
510500.XSHG"
2025-09-08 14:32:00,止盈,500ETF,510500.XSHG,7.066,600.0,7276,163.38,0.0,2025-09-08,2025-09,"500ETF
510500.XSHG"
2025-09-09 09:31:00,止盈,黄金ETF,518880.XSHG,7.935,900.0,1800,294.49,-8.0,2025-09-09,2025-09,"黄金ETF
518880.XSHG"
2025-09-09 09:49:00,止盈,中概互联,513050.XSHG,1.592,2300.0,35200,142.23,5.0,2025-09-09,2025-09,"中概互联
513050.XSHG"
2025-09-12 09:31:00,止盈,中概互联,513050.XSHG,1.661,2300.0,32900,158.32,4.0,2025-09-12,2025-09,"中概互联
513050.XSHG"
2025-09-15 13:41:00,止盈,纳指ETF,513100.XSHG,1.725,3700.0,15100,247.26,-6.0,2025-09-15,2025-09,"纳指ETF
513100.XSHG"
2025-09-17 11:23:00,止盈,500ETF,510500.XSHG,7.35,600.0,6676,169.96,-1.0,2025-09-17,2025-09,"500ETF
510500.XSHG"
2025-09-18 09:32:00,止盈,中概互联,513050.XSHG,1.728,2300.0,30600,153.7,3.0,2025-09-18,2025-09,"中概互联
513050.XSHG"
2025-09-23 09:39:00,止盈,纳指ETF,513100.XSHG,1.795,3700.0,11400,258.34,-7.0,2025-09-23,2025-09,"纳指ETF
513100.XSHG"
2025-09-23 10:29:00,加仓,中概互联,513050.XSHG,1.657,2300.0,32900,,4.0,2025-09-23,2025-09,"中概互联
513050.XSHG"
2025-09-25 09:31:00,止盈,中概互联,513050.XSHG,1.732,2300.0,30600,172.1,3.0,2025-09-25,2025-09,"中概互联
513050.XSHG"
2025-09-29 14:16:00,破顶,黄金ETF,518880.XSHG,8.253,,6000,,,2025-09-29,2025-09,"黄金ETF
518880.XSHG"
2025-10-09 09:31:00,止盈,黄金ETF,518880.XSHG,8.731,600.0,5400,286.28,-1.0,2025-10-09,2025-10,"黄金ETF
518880.XSHG"
2025-10-09 10:38:00,止盈,500ETF,510500.XSHG,7.644,600.0,6076,175.94,-2.0,2025-10-09,2025-10,"500ETF
510500.XSHG"
2025-10-13 09:31:00,加仓,500ETF,510500.XSHG,7.305,600.0,6676,,-1.0,2025-10-13,2025-10,"500ETF
510500.XSHG"
2025-10-13 09:31:00,加仓,中概互联,513050.XSHG,1.623,2300.0,32900,,4.0,2025-10-13,2025-10,"中概互联
513050.XSHG"
2025-10-14 09:31:00,止盈,黄金ETF,518880.XSHG,9.085,600.0,4800,211.85,-2.0,2025-10-14,2025-10,"黄金ETF
518880.XSHG"
2025-10-17 09:31:00,止盈,黄金ETF,518880.XSHG,9.485,600.0,4200,239.43,-3.0,2025-10-17,2025-10,"黄金ETF
518880.XSHG"
2025-10-21 09:31:00,止盈,纳指ETF,513100.XSHG,1.886,3700.0,7700,336.0,-8.0,2025-10-21,2025-10,"纳指ETF
513100.XSHG"
2025-10-22 09:31:00,加仓,黄金ETF,518880.XSHG,8.984,600.0,4800,,-2.0,2025-10-22,2025-10,"黄金ETF
518880.XSHG"
2025-10-27 09:57:00,止盈,中概互联,513050.XSHG,1.688,2300.0,30600,149.11,3.0,2025-10-27,2025-10,"中概互联
513050.XSHG"
2025-10-28 09:31:00,破顶,纳指ETF,513100.XSHG,1.976,,25300,,,2025-10-28,2025-10,"纳指ETF
513100.XSHG"
2025-10-28 14:14:00,加仓,黄金ETF,518880.XSHG,8.624,600.0,5400,,-1.0,2025-10-28,2025-10,"黄金ETF
518880.XSHG"
2025-11-03 10:37:00,加仓,中概互联,513050.XSHG,1.62,2300.0,32900,,4.0,2025-11-03,2025-11,"中概互联
513050.XSHG"
2025-11-05 09:31:00,加仓,纳指ETF,513100.XSHG,1.888,2500.0,27800,,1.0,2025-11-05,2025-11,"纳指ETF
513100.XSHG"
2025-11-11 09:31:00,止盈,纳指ETF,513100.XSHG,1.974,2500.0,25300,214.51,0.0,2025-11-11,2025-11,"纳指ETF
513100.XSHG"
2025-11-11 09:31:00,止盈,黄金ETF,518880.XSHG,9.118,600.0,4800,295.85,-2.0,2025-11-11,2025-11,"黄金ETF
518880.XSHG"
2025-11-17 14:52:00,加仓,纳指ETF,513100.XSHG,1.892,2500.0,27800,,1.0,2025-11-17,2025-11,"纳指ETF
513100.XSHG"
2025-11-19 11:26:00,加仓,中概互联,513050.XSHG,1.555,2300.0,35200,,5.0,2025-11-19,2025-11,"中概互联
513050.XSHG"
2025-11-21 10:01:00,加仓,500ETF,510500.XSHG,7.012,600.0,7276,,0.0,2025-11-21,2025-11,"500ETF
510500.XSHG"
2025-12-04 09:32:00,止盈,纳指ETF,513100.XSHG,1.97,2500.0,25300,194.51,0.0,2025-12-04,2025-12,"纳指ETF
513100.XSHG"
2025-12-08 13:30:00,止盈,500ETF,510500.XSHG,7.295,600.0,6676,169.36,-1.0,2025-12-08,2025-12,"500ETF
510500.XSHG"
2025-12-15 09:31:00,加仓,纳指ETF,513100.XSHG,1.891,2500.0,27800,,1.0,2025-12-15,2025-12,"纳指ETF
513100.XSHG"
2025-12-16 09:44:00,加仓,中概互联,513050.XSHG,1.492,2300.0,37500,,6.0,2025-12-16,2025-12,"中概互联
513050.XSHG"
2025-12-22 14:47:00,止盈,黄金ETF,518880.XSHG,9.486,600.0,4200,220.23,-3.0,2025-12-22,2025-12,"黄金ETF
518880.XSHG"
2025-12-26 10:29:00,止盈,500ETF,510500.XSHG,7.59,600.0,6076,176.54,-2.0,2025-12-26,2025-12,"500ETF
510500.XSHG"
2026-01-06 10:23:00,止盈,500ETF,510500.XSHG,7.898,600.0,5476,184.33,-3.0,2026-01-06,2026-01,"500ETF
510500.XSHG"
2026-01-09 14:41:00,止盈,500ETF,510500.XSHG,8.217,600.0,4876,190.91,-4.0,2026-01-09,2026-01,"500ETF
510500.XSHG"
2026-01-13 09:31:00,止盈,中概互联,513050.XSHG,1.581,2300.0,35200,204.34,5.0,2026-01-13,2026-01,"中概互联
513050.XSHG"
2026-01-14 09:31:00,止盈,黄金ETF,518880.XSHG,9.873,600.0,3600,231.61,-4.0,2026-01-14,2026-01,"黄金ETF
518880.XSHG"
2026-01-19 09:31:00,加仓,中概互联,513050.XSHG,1.513,2300.0,37500,,6.0,2026-01-19,2026-01,"中概互联
513050.XSHG"
2026-01-21 09:31:00,止盈,黄金ETF,518880.XSHG,10.368,600.0,3000,296.38,-5.0,2026-01-21,2026-01,"黄金ETF
518880.XSHG"
2026-01-23 09:36:00,止盈,500ETF,510500.XSHG,8.546,600.0,4276,196.89,-5.0,2026-01-23,2026-01,"500ETF
510500.XSHG"
2026-01-26 09:31:00,止盈,黄金ETF,518880.XSHG,10.893,600.0,2400,314.35,-6.0,2026-01-26,2026-01,"黄金ETF
518880.XSHG"
2026-01-29 09:31:00,止盈,黄金ETF,518880.XSHG,11.91,600.0,1800,609.49,-7.0,2026-01-29,2026-01,"黄金ETF
518880.XSHG"
2026-01-30 09:48:00,加仓,黄金ETF,518880.XSHG,11.425,600.0,2400,,-6.0,2026-01-30,2026-01,"黄金ETF
518880.XSHG"
2026-01-30 10:17:00,加仓,黄金ETF,518880.XSHG,10.921,600.0,3000,,-5.0,2026-01-30,2026-01,"黄金ETF
518880.XSHG"
2026-02-02 09:31:00,加仓,黄金ETF,518880.XSHG,9.918,600.0,3600,,-4.0,2026-02-02,2026-02,"黄金ETF
518880.XSHG"
2026-02-02 13:28:00,加仓,500ETF,510500.XSHG,8.199,600.0,4876,,-4.0,2026-02-02,2026-02,"500ETF
510500.XSHG"
2026-02-03 09:31:00,止盈,黄金ETF,518880.XSHG,10.362,600.0,3000,265.78,-5.0,2026-02-03,2026-02,"黄金ETF
518880.XSHG"
2026-02-03 10:30:00,加仓,中概互联,513050.XSHG,1.451,2300.0,39800,,7.0,2026-02-03,2026-02,"中概互联
513050.XSHG"
2026-02-04 09:31:00,止盈,黄金ETF,518880.XSHG,10.793,600.0,2400,257.95,-6.0,2026-02-04,2026-02,"黄金ETF
518880.XSHG"
2026-02-05 10:53:00,加仓,黄金ETF,518880.XSHG,10.341,600.0,3000,,-5.0,2026-02-05,2026-02,"黄金ETF
518880.XSHG"
2026-02-06 09:31:00,加仓,纳指ETF,513100.XSHG,1.809,2500.0,30300,,2.0,2026-02-06,2026-02,"纳指ETF
513100.XSHG"
2026-02-12 09:30:00,止盈,黄金ETF,518880.XSHG,10.758,600.0,2400,249.55,-6.0,2026-02-12,2026-02,"黄金ETF
518880.XSHG"
2026-02-12 10:52:00,加仓,中概互联,513050.XSHG,1.392,2300.0,42100,,8.0,2026-02-12,2026-02,"中概互联
513050.XSHG"
2026-02-24 11:17:00,止盈,500ETF,510500.XSHG,8.53,600.0,4276,198.09,-5.0,2026-02-24,2026-02,"500ETF
510500.XSHG"
2026-02-25 14:03:00,加仓,中概互联,513050.XSHG,1.336,2300.0,44400,,9.0,2026-02-25,2026-02,"中概互联
513050.XSHG"
2026-03-02 09:31:00,止盈,黄金ETF,518880.XSHG,11.329,600.0,1800,341.92,-7.0,2026-03-02,2026-03,"黄金ETF
518880.XSHG"
2026-03-02 09:47:00,加仓,中概互联,513050.XSHG,1.282,2300.0,46700,,10.0,2026-03-02,2026-03,"中概互联
513050.XSHG"
2026-03-06 09:31:00,加仓,黄金ETF,518880.XSHG,10.835,600.0,2400,,-6.0,2026-03-06,2026-03,"黄金ETF
518880.XSHG"
2026-03-09 09:37:00,加仓,500ETF,510500.XSHG,8.178,600.0,4876,,-4.0,2026-03-09,2026-03,"500ETF
510500.XSHG"
2026-03-11 09:39:00,止盈,500ETF,510500.XSHG,8.51,600.0,4276,198.69,-5.0,2026-03-11,2026-03,"500ETF
510500.XSHG"
2026-03-16 10:25:00,加仓,500ETF,510500.XSHG,8.165,600.0,4876,,-4.0,2026-03-16,2026-03,"500ETF
510500.XSHG"
2026-03-19 09:31:00,加仓,黄金ETF,518880.XSHG,10.292,600.0,3000,,-5.0,2026-03-19,2026-03,"黄金ETF
518880.XSHG"
2026-03-20 14:53:00,加仓,500ETF,510500.XSHG,7.836,600.0,5476,,-3.0,2026-03-20,2026-03,"500ETF
510500.XSHG"
2026-03-23 09:31:00,加仓,纳指ETF,513100.XSHG,1.723,2500.0,32800,,3.0,2026-03-23,2026-03,"纳指ETF
513100.XSHG"
2026-03-23 09:31:00,加仓,黄金ETF,518880.XSHG,9.48,600.0,3600,,-4.0,2026-03-23,2026-03,"黄金ETF
518880.XSHG"
2026-03-23 13:52:00,加仓,500ETF,510500.XSHG,7.522,600.0,6076,,-2.0,2026-03-23,2026-03,"500ETF
510500.XSHG"
2026-03-23 14:04:00,加仓,黄金ETF,518880.XSHG,9.073,600.0,4200,,-3.0,2026-03-23,2026-03,"黄金ETF
518880.XSHG"
2026-03-25 09:31:00,止盈,黄金ETF,518880.XSHG,9.701,600.0,3600,376.22,-4.0,2026-03-25,2026-03,"黄金ETF
518880.XSHG"
2026-03-25 09:42:00,止盈,500ETF,510500.XSHG,7.823,600.0,5476,180.13,-3.0,2026-03-25,2026-03,"500ETF
510500.XSHG"
2026-04-08 09:31:00,止盈,黄金ETF,518880.XSHG,10.099,600.0,3000,238.19,-5.0,2026-04-08,2026-04,"黄金ETF
518880.XSHG"
2026-04-08 09:32:00,止盈,纳指ETF,513100.XSHG,1.792,2500.0,30300,172.05,2.0,2026-04-08,2026-04,"纳指ETF
513100.XSHG"
2026-04-10 10:08:00,止盈,500ETF,510500.XSHG,8.136,600.0,4876,187.31,-4.0,2026-04-10,2026-04,"500ETF
510500.XSHG"
2026-04-15 09:43:00,止盈,纳指ETF,513100.XSHG,1.864,2500.0,27800,179.53,1.0,2026-04-15,2026-04,"纳指ETF
513100.XSHG"
2026-04-23 09:31:00,止盈,500ETF,510500.XSHG,8.465,600.0,4276,196.89,-5.0,2026-04-23,2026-04,"500ETF
510500.XSHG"
2026-04-27 14:41:00,止盈,纳指ETF,513100.XSHG,1.939,2500.0,25300,187.02,0.0,2026-04-27,2026-04,"纳指ETF
513100.XSHG"
2026-04-29 09:31:00,加仓,黄金ETF,518880.XSHG,9.639,600.0,3600,,-4.0,2026-04-29,2026-04,"黄金ETF
518880.XSHG"
2026-05-06 09:31:00,止盈,纳指ETF,513100.XSHG,2.019,2500.0,22800,199.5,-1.0,2026-05-06,2026-05,"纳指ETF
513100.XSHG"
2026-05-11 09:31:00,止盈,纳指ETF,513100.XSHG,2.104,2500.0,20300,211.97,-2.0,2026-05-11,2026-05,"纳指ETF
513100.XSHG"
2026-05-11 09:31:00,止盈,500ETF,510500.XSHG,8.84,600.0,3676,224.47,-6.0,2026-05-11,2026-05,"500ETF
510500.XSHG"
