timestamp,159915.XSHE,510500.XSHG,513100.XSHG,518880.XSHG
2019-01-02,79998.0,79708.70000000001,79850.8,79975.8
2019-01-03,0.0,0.0,0.0,0.0
2019-01-04,79558.8,79708.70000000001,79850.8,79975.8
2019-01-05,0.0,0.0,0.0,0.0
2019-01-06,0.0,0.0,0.0,0.0
2019-01-07,79558.8,77095.20000000001,79850.8,79975.8
2019-01-08,79558.8,77095.20000000001,77287.6,79975.8
2019-01-09,76932.90000000001,77095.20000000001,77287.6,79975.8
2019-01-10,0.0,0.0,0.0,0.0
2019-01-11,0.0,0.0,0.0,0.0
2019-01-12,0.0,0.0,0.0,0.0
2019-01-13,0.0,0.0,0.0,0.0
2019-01-14,0.0,0.0,0.0,0.0
2019-01-15,79373.0,77095.20000000001,77287.6,79975.8
2019-01-16,0.0,0.0,0.0,0.0
2019-01-17,0.0,0.0,0.0,0.0
2019-01-18,0.0,0.0,0.0,0.0
2019-01-19,0.0,0.0,0.0,0.0
2019-01-20,0.0,0.0,0.0,0.0
2019-01-21,76625.0,77095.20000000001,74619.2,79975.8
2019-01-22,0.0,0.0,0.0,0.0
2019-01-23,0.0,0.0,0.0,0.0
2019-01-24,0.0,0.0,0.0,0.0
2019-01-25,0.0,0.0,0.0,0.0
2019-01-26,0.0,0.0,0.0,0.0
2019-01-27,0.0,0.0,0.0,0.0
2019-01-28,0.0,0.0,0.0,0.0
2019-01-29,79068.5,77095.20000000001,74619.2,79975.8
2019-01-30,0.0,0.0,0.0,0.0
2019-01-31,79068.5,79192.2,74619.2,79975.8
2019-02-01,79068.5,76536.1,74619.2,79975.8
2019-02-02,0.0,0.0,0.0,0.0
2019-02-03,0.0,0.0,0.0,0.0
2019-02-04,0.0,0.0,0.0,0.0
2019-02-05,0.0,0.0,0.0,0.0
2019-02-06,0.0,0.0,0.0,0.0
2019-02-07,0.0,0.0,0.0,0.0
2019-02-08,0.0,0.0,0.0,0.0
2019-02-09,0.0,0.0,0.0,0.0
2019-02-10,0.0,0.0,0.0,0.0
2019-02-11,73574.6,76536.1,74619.2,79975.8
2019-02-12,73574.6,74166.8,71960.8,79975.8
2019-02-13,70720.0,74166.8,71960.8,79975.8
2019-02-14,70720.0,71574.3,71960.8,79975.8
2019-02-15,0.0,0.0,0.0,0.0
2019-02-16,0.0,0.0,0.0,0.0
2019-02-17,0.0,0.0,0.0,0.0
2019-02-18,67804.0,71574.3,71960.8,79975.8
2019-02-19,67804.0,68911.0,71960.8,79975.8
2019-02-20,0.0,0.0,0.0,0.0
2019-02-21,64909.6,68911.0,71960.8,79975.8
2019-02-22,0.0,0.0,0.0,0.0
2019-02-23,0.0,0.0,0.0,0.0
2019-02-24,0.0,0.0,0.0,0.0
2019-02-25,58892.4,63962.5,71960.8,79975.8
2019-02-26,0.0,0.0,0.0,0.0
2019-02-27,0.0,0.0,0.0,0.0
2019-02-28,0.0,0.0,0.0,0.0
2019-03-01,0.0,0.0,0.0,0.0
2019-03-02,0.0,0.0,0.0,0.0
2019-03-03,0.0,0.0,0.0,0.0
2019-03-04,52605.0,60929.0,71960.8,79975.8
2019-03-05,0.0,0.0,0.0,0.0
2019-03-06,49176.9,57630.600000000006,71960.8,79975.8
2019-03-07,49176.9,54730.5,71960.8,79975.8
2019-03-08,48924.0,57085.200000000004,71960.8,79975.8
2019-03-09,0.0,0.0,0.0,0.0
2019-03-10,0.0,0.0,0.0,0.0
2019-03-11,48924.0,54181.799999999996,71960.8,79975.8
2019-03-12,45478.4,54181.799999999996,71960.8,79975.8
2019-03-13,48762.0,54181.799999999996,71960.8,79975.8
2019-03-14,52000.1,57004.4,69069.0,79975.8
2019-03-15,0.0,0.0,0.0,0.0
2019-03-16,0.0,0.0,0.0,0.0
2019-03-17,0.0,0.0,0.0,0.0
2019-03-18,48570.0,54070.2,69069.0,79975.8
2019-03-19,0.0,0.0,0.0,0.0
2019-03-20,0.0,0.0,0.0,0.0
2019-03-21,48570.0,50932.0,69069.0,79975.8
2019-03-22,48570.0,50932.0,66268.6,79975.8
2019-03-23,0.0,0.0,0.0,0.0
2019-03-24,0.0,0.0,0.0,0.0
2019-03-25,0.0,0.0,0.0,0.0
2019-03-26,51810.0,54042.3,66268.6,79975.8
2019-03-27,0.0,0.0,0.0,0.0
2019-03-28,0.0,0.0,0.0,0.0
2019-03-29,48378.200000000004,54042.3,66268.6,79975.8
2019-03-30,0.0,0.0,0.0,0.0
2019-03-31,0.0,0.0,0.0,0.0
2019-04-01,44842.3,47509.0,66268.6,79975.8
2019-04-02,0.0,0.0,0.0,0.0
2019-04-03,0.0,0.0,0.0,0.0
2019-04-04,0.0,0.0,0.0,0.0
2019-04-05,0.0,0.0,0.0,0.0
2019-04-06,0.0,0.0,0.0,0.0
2019-04-07,0.0,0.0,0.0,0.0
2019-04-08,0.0,0.0,0.0,0.0
2019-04-09,0.0,0.0,0.0,0.0
2019-04-10,0.0,0.0,0.0,0.0
2019-04-11,0.0,0.0,0.0,0.0
2019-04-12,48156.8,47509.0,66268.6,79975.8
2019-04-13,0.0,0.0,0.0,0.0
2019-04-14,0.0,0.0,0.0,0.0
2019-04-15,0.0,0.0,0.0,0.0
2019-04-16,48156.8,47401.2,66268.6,79975.8
2019-04-17,0.0,0.0,0.0,0.0
2019-04-18,0.0,0.0,0.0,0.0
2019-04-19,48156.8,47401.2,63191.5,79975.8
2019-04-20,0.0,0.0,0.0,0.0
2019-04-21,0.0,0.0,0.0,0.0
2019-04-22,0.0,0.0,0.0,0.0
2019-04-23,0.0,0.0,0.0,0.0
2019-04-24,48156.8,50736.5,63191.5,79975.8
2019-04-25,0.0,0.0,0.0,0.0
2019-04-26,48156.8,50736.5,60174.100000000006,79975.8
2019-04-27,0.0,0.0,0.0,0.0
2019-04-28,0.0,0.0,0.0,0.0
2019-04-29,51364.8,53781.9,60174.100000000006,79975.8
2019-04-30,0.0,0.0,0.0,0.0
2019-05-01,0.0,0.0,0.0,0.0
2019-05-02,0.0,0.0,0.0,0.0
2019-05-03,0.0,0.0,0.0,0.0
2019-05-04,0.0,0.0,0.0,0.0
2019-05-05,0.0,0.0,0.0,0.0
2019-05-06,56722.4,58233.99999999999,60174.100000000006,79975.8
2019-05-07,0.0,0.0,0.0,0.0
2019-05-08,0.0,0.0,0.0,0.0
2019-05-09,56722.4,58233.99999999999,63191.5,79975.8
2019-05-10,0.0,0.0,0.0,0.0
2019-05-11,0.0,0.0,0.0,0.0
2019-05-12,0.0,0.0,0.0,0.0
2019-05-13,0.0,0.0,0.0,0.0
2019-05-14,0.0,0.0,0.0,0.0
2019-05-15,0.0,0.0,0.0,0.0
2019-05-16,56722.4,55075.3,63191.5,79975.8
2019-05-17,56722.4,58179.0,63191.5,79975.8
2019-05-18,0.0,0.0,0.0,0.0
2019-05-19,0.0,0.0,0.0,0.0
2019-05-20,59767.8,58179.0,63191.5,79975.8
2019-05-21,0.0,0.0,0.0,0.0
2019-05-22,0.0,0.0,0.0,0.0
2019-05-23,0.0,0.0,0.0,0.0
2019-05-24,0.0,0.0,0.0,0.0
2019-05-25,0.0,0.0,0.0,0.0
2019-05-26,0.0,0.0,0.0,0.0
2019-05-27,0.0,0.0,0.0,0.0
2019-05-28,0.0,0.0,0.0,0.0
2019-05-29,59767.8,58179.0,65855.90000000001,79975.8
2019-05-30,0.0,0.0,0.0,0.0
2019-05-31,0.0,0.0,0.0,0.0
2019-06-01,0.0,0.0,0.0,0.0
2019-06-02,0.0,0.0,0.0,0.0
2019-06-03,59767.8,58179.0,65855.90000000001,77432.6
2019-06-04,59767.8,61047.0,68163.2,77432.6
2019-06-05,0.0,0.0,0.0,0.0
2019-06-06,62696.00000000001,61047.0,65400.5,77432.6
2019-06-07,0.0,0.0,0.0,0.0
2019-06-08,0.0,0.0,0.0,0.0
2019-06-09,0.0,0.0,0.0,0.0
2019-06-10,62696.00000000001,61047.0,62337.600000000006,77432.6
2019-06-11,59542.5,61047.0,62337.600000000006,77432.6
2019-06-12,0.0,0.0,0.0,0.0
2019-06-13,0.0,0.0,0.0,0.0
2019-06-14,59542.5,61047.0,62337.600000000006,74675.1
2019-06-15,0.0,0.0,0.0,0.0
2019-06-16,0.0,0.0,0.0,0.0
2019-06-17,0.0,0.0,0.0,0.0
2019-06-18,0.0,0.0,0.0,0.0
2019-06-19,56472.0,58223.0,62337.600000000006,74675.1
2019-06-20,56472.0,58223.0,59313.6,74675.1
2019-06-21,56472.0,58223.0,59313.6,71973.7
2019-06-22,0.0,0.0,0.0,0.0
2019-06-23,0.0,0.0,0.0,0.0
2019-06-24,0.0,0.0,0.0,0.0
2019-06-25,56472.0,58223.0,59313.6,69071.09999999999
2019-06-26,0.0,0.0,0.0,0.0
2019-06-27,0.0,0.0,0.0,0.0
2019-06-28,0.0,0.0,0.0,0.0
2019-06-29,0.0,0.0,0.0,0.0
2019-06-30,0.0,0.0,0.0,0.0
2019-07-01,53115.2,55095.5,59313.6,70806.4
2019-07-02,0.0,0.0,0.0,0.0
2019-07-03,53115.2,55095.5,59313.6,68558.4
2019-07-04,0.0,0.0,0.0,0.0
2019-07-05,0.0,0.0,0.0,0.0
2019-07-06,0.0,0.0,0.0,0.0
2019-07-07,0.0,0.0,0.0,0.0
2019-07-08,56288.3,58190.0,59313.6,68558.4
2019-07-09,56288.3,58190.0,59313.6,71101.8
2019-07-10,0.0,0.0,0.0,0.0
2019-07-11,0.0,0.0,0.0,0.0
2019-07-12,0.0,0.0,0.0,0.0
2019-07-13,0.0,0.0,0.0,0.0
2019-07-14,0.0,0.0,0.0,0.0
2019-07-15,52966.0,58190.0,56053.799999999996,71101.8
2019-07-16,0.0,0.0,0.0,0.0
2019-07-17,0.0,0.0,0.0,0.0
2019-07-18,0.0,0.0,0.0,0.0
2019-07-19,52966.0,58190.0,56053.799999999996,68477.5
2019-07-20,0.0,0.0,0.0,0.0
2019-07-21,0.0,0.0,0.0,0.0
2019-07-22,0.0,0.0,0.0,0.0
2019-07-23,0.0,0.0,0.0,0.0
2019-07-24,0.0,0.0,0.0,0.0
2019-07-25,0.0,0.0,0.0,0.0
2019-07-26,0.0,0.0,0.0,0.0
2019-07-27,0.0,0.0,0.0,0.0
2019-07-28,0.0,0.0,0.0,0.0
2019-07-29,0.0,0.0,0.0,0.0
2019-07-30,0.0,0.0,0.0,0.0
2019-07-31,0.0,0.0,0.0,0.0
2019-08-01,0.0,0.0,0.0,0.0
2019-08-02,0.0,0.0,0.0,0.0
2019-08-03,0.0,0.0,0.0,0.0
2019-08-04,0.0,0.0,0.0,0.0
2019-08-05,52966.0,58190.0,56053.799999999996,65640.0
2019-08-06,56027.2,60118.799999999996,58114.5,65640.0
2019-08-07,0.0,0.0,0.0,0.0
2019-08-08,56027.2,60118.799999999996,54864.5,62622.49999999999
2019-08-09,0.0,0.0,0.0,0.0
2019-08-10,0.0,0.0,0.0,0.0
2019-08-11,0.0,0.0,0.0,0.0
2019-08-12,0.0,0.0,0.0,0.0
2019-08-13,0.0,0.0,0.0,0.0
2019-08-14,52710.600000000006,60118.799999999996,54864.5,62622.49999999999
2019-08-15,0.0,0.0,0.0,0.0
2019-08-16,0.0,0.0,0.0,0.0
2019-08-17,0.0,0.0,0.0,0.0
2019-08-18,0.0,0.0,0.0,0.0
2019-08-19,49241.4,57266.00000000001,54864.5,62622.49999999999
2019-08-20,0.0,0.0,0.0,0.0
2019-08-21,0.0,0.0,0.0,0.0
2019-08-22,0.0,0.0,0.0,0.0
2019-08-23,0.0,0.0,0.0,0.0
2019-08-24,0.0,0.0,0.0,0.0
2019-08-25,0.0,0.0,0.0,0.0
2019-08-26,49241.4,57266.00000000001,54864.5,60260.4
2019-08-27,45748.7,54216.8,54864.5,60260.4
2019-08-28,0.0,0.0,0.0,0.0
2019-08-29,0.0,0.0,0.0,0.0
2019-08-30,0.0,0.0,0.0,0.0
2019-08-31,0.0,0.0,0.0,0.0
2019-09-01,0.0,0.0,0.0,0.0
2019-09-02,0.0,0.0,0.0,0.0
2019-09-03,0.0,0.0,0.0,0.0
2019-09-04,0.0,0.0,0.0,0.0
2019-09-05,42105.6,51078.399999999994,51642.00000000001,60260.4
2019-09-06,0.0,0.0,0.0,0.0
2019-09-07,0.0,0.0,0.0,0.0
2019-09-08,0.0,0.0,0.0,0.0
2019-09-09,0.0,0.0,0.0,0.0
2019-09-10,42105.6,51078.399999999994,51642.00000000001,62530.0
2019-09-11,0.0,0.0,0.0,0.0
2019-09-12,0.0,0.0,0.0,0.0
2019-09-13,0.0,0.0,0.0,0.0
2019-09-14,0.0,0.0,0.0,0.0
2019-09-15,0.0,0.0,0.0,0.0
2019-09-16,0.0,0.0,0.0,0.0
2019-09-17,0.0,0.0,0.0,0.0
2019-09-18,0.0,0.0,0.0,0.0
2019-09-19,0.0,0.0,0.0,0.0
2019-09-20,0.0,0.0,0.0,0.0
2019-09-21,0.0,0.0,0.0,0.0
2019-09-22,0.0,0.0,0.0,0.0
2019-09-23,0.0,0.0,0.0,0.0
2019-09-24,0.0,0.0,0.0,0.0
2019-09-25,0.0,0.0,0.0,0.0
2019-09-26,45590.4,54378.4,51642.00000000001,62530.0
2019-09-27,0.0,0.0,0.0,0.0
2019-09-28,0.0,0.0,0.0,0.0
2019-09-29,0.0,0.0,0.0,0.0
2019-09-30,0.0,0.0,0.0,0.0
2019-10-01,0.0,0.0,0.0,0.0
2019-10-02,0.0,0.0,0.0,0.0
2019-10-03,0.0,0.0,0.0,0.0
2019-10-04,0.0,0.0,0.0,0.0
2019-10-05,0.0,0.0,0.0,0.0
2019-10-06,0.0,0.0,0.0,0.0
2019-10-07,0.0,0.0,0.0,0.0
2019-10-08,0.0,0.0,0.0,0.0
2019-10-09,0.0,0.0,0.0,0.0
2019-10-10,0.0,0.0,0.0,0.0
2019-10-11,0.0,0.0,0.0,0.0
2019-10-12,0.0,0.0,0.0,0.0
2019-10-13,0.0,0.0,0.0,0.0
2019-10-14,45590.4,51032.399999999994,51642.00000000001,62530.0
2019-10-15,0.0,0.0,0.0,0.0
2019-10-16,0.0,0.0,0.0,0.0
2019-10-17,0.0,0.0,0.0,0.0
2019-10-18,45590.4,54327.899999999994,51642.00000000001,62530.0
2019-10-19,0.0,0.0,0.0,0.0
2019-10-20,0.0,0.0,0.0,0.0
2019-10-21,0.0,0.0,0.0,0.0
2019-10-22,0.0,0.0,0.0,0.0
2019-10-23,0.0,0.0,0.0,0.0
2019-10-24,0.0,0.0,0.0,0.0
2019-10-25,0.0,0.0,0.0,0.0
2019-10-26,0.0,0.0,0.0,0.0
2019-10-27,0.0,0.0,0.0,0.0
2019-10-28,41942.399999999994,54327.899999999994,51642.00000000001,62530.0
2019-10-29,41942.399999999994,54327.899999999994,48215.4,62530.0
2019-10-30,0.0,0.0,0.0,0.0
2019-10-31,0.0,0.0,0.0,0.0
2019-11-01,0.0,0.0,0.0,0.0
2019-11-02,0.0,0.0,0.0,0.0
2019-11-03,0.0,0.0,0.0,0.0
2019-11-04,0.0,0.0,0.0,0.0
2019-11-05,0.0,0.0,0.0,0.0
2019-11-06,0.0,0.0,0.0,0.0
2019-11-07,0.0,0.0,0.0,0.0
2019-11-08,41942.399999999994,54327.899999999994,48215.4,64714.799999999996
2019-11-09,0.0,0.0,0.0,0.0
2019-11-10,0.0,0.0,0.0,0.0
2019-11-11,0.0,0.0,0.0,0.0
2019-11-12,41942.399999999994,57376.0,48215.4,64714.799999999996
2019-11-13,0.0,0.0,0.0,0.0
2019-11-14,0.0,0.0,0.0,0.0
2019-11-15,0.0,0.0,0.0,0.0
2019-11-16,0.0,0.0,0.0,0.0
2019-11-17,0.0,0.0,0.0,0.0
2019-11-18,0.0,0.0,0.0,0.0
2019-11-19,41942.399999999994,54267.3,48215.4,64714.799999999996
2019-11-20,0.0,0.0,0.0,0.0
2019-11-21,0.0,0.0,0.0,0.0
2019-11-22,0.0,0.0,0.0,0.0
2019-11-23,0.0,0.0,0.0,0.0
2019-11-24,0.0,0.0,0.0,0.0
2019-11-25,0.0,0.0,0.0,0.0
2019-11-26,41942.399999999994,54267.3,45158.4,64714.799999999996
2019-11-27,0.0,0.0,0.0,0.0
2019-11-28,0.0,0.0,0.0,0.0
2019-11-29,0.0,0.0,0.0,0.0
2019-11-30,0.0,0.0,0.0,0.0
2019-12-01,0.0,0.0,0.0,0.0
2019-12-02,0.0,0.0,0.0,0.0
2019-12-03,0.0,0.0,0.0,0.0
2019-12-04,0.0,0.0,0.0,0.0
2019-12-05,0.0,0.0,0.0,0.0
2019-12-06,0.0,0.0,0.0,0.0
2019-12-07,0.0,0.0,0.0,0.0
2019-12-08,0.0,0.0,0.0,0.0
2019-12-09,0.0,0.0,0.0,0.0
2019-12-10,0.0,0.0,0.0,0.0
2019-12-11,0.0,0.0,0.0,0.0
2019-12-12,0.0,0.0,0.0,0.0
2019-12-13,38181.4,54267.3,45158.4,64714.799999999996
2019-12-14,0.0,0.0,0.0,0.0
2019-12-15,0.0,0.0,0.0,0.0
2019-12-16,38181.4,50922.0,45158.4,64714.799999999996
2019-12-17,34313.4,50922.0,41500.8,64714.799999999996
2019-12-18,34313.4,47368.1,41500.8,64714.799999999996
2019-12-19,0.0,0.0,0.0,0.0
2019-12-20,0.0,0.0,0.0,0.0
2019-12-21,0.0,0.0,0.0,0.0
2019-12-22,0.0,0.0,0.0,0.0
2019-12-23,37990.6,50359.4,41500.8,64714.799999999996
2019-12-24,0.0,0.0,0.0,0.0
2019-12-25,37990.6,50359.4,41500.8,61640.0
2019-12-26,0.0,0.0,0.0,0.0
2019-12-27,34120.4,50359.4,41500.8,61640.0
2019-12-28,0.0,0.0,0.0,0.0
2019-12-29,0.0,0.0,0.0,0.0
2019-12-30,0.0,0.0,0.0,0.0
2019-12-31,34120.4,46789.200000000004,41500.8,61640.0
2020-01-01,0.0,0.0,0.0,0.0
2020-01-02,0.0,0.0,0.0,0.0
2020-01-03,34120.4,46789.200000000004,37908.799999999996,61640.0
2020-01-04,0.0,0.0,0.0,0.0
2020-01-05,0.0,0.0,0.0,0.0
2020-01-06,30149.600000000002,43519.4,37908.799999999996,59432.0
2020-01-07,0.0,0.0,0.0,0.0
2020-01-08,0.0,0.0,0.0,0.0
2020-01-09,25915.800000000003,43519.4,37908.799999999996,59432.0
2020-01-10,25915.800000000003,43519.4,34006.7,59432.0
2020-01-11,0.0,0.0,0.0,0.0
2020-01-12,0.0,0.0,0.0,0.0
2020-01-13,0.0,0.0,0.0,0.0
2020-01-14,25915.800000000003,43519.4,34006.7,61934.4
2020-01-15,0.0,0.0,0.0,0.0
2020-01-16,0.0,0.0,0.0,0.0
2020-01-17,25915.800000000003,43519.4,30406.5,61934.4
2020-01-18,0.0,0.0,0.0,0.0
2020-01-19,0.0,0.0,0.0,0.0
2020-01-20,21591.6,39996.0,30406.5,61934.4
2020-01-21,21591.6,39996.0,34239.0,61934.4
2020-01-22,0.0,0.0,0.0,0.0
2020-01-23,25676.0,43445.4,34239.0,61934.4
2020-01-24,0.0,0.0,0.0,0.0
2020-01-25,0.0,0.0,0.0,0.0
2020-01-26,0.0,0.0,0.0,0.0
2020-01-27,0.0,0.0,0.0,0.0
2020-01-28,0.0,0.0,0.0,0.0
2020-01-29,0.0,0.0,0.0,0.0
2020-01-30,0.0,0.0,0.0,0.0
2020-01-31,0.0,0.0,0.0,0.0
2020-02-01,0.0,0.0,0.0,0.0
2020-02-02,0.0,0.0,0.0,0.0
2020-02-03,27738.600000000002,43812.6,34239.0,59738.0
2020-02-04,19180.8,43812.6,34239.0,59738.0
2020-02-05,10011.7,40186.5,30467.399999999998,59738.0
2020-02-06,10011.7,36294.4,26382.2,59738.0
2020-02-07,5256.900000000001,36294.4,22350.0,59738.0
2020-02-08,0.0,0.0,0.0,0.0
2020-02-09,0.0,0.0,0.0,0.0
2020-02-10,0.0,0.0,0.0,0.0
2020-02-11,5256.900000000001,36294.4,18062.1,59738.0
2020-02-12,401.6,32726.4,13470.800000000001,59738.0
2020-02-13,401.6,32726.4,4226.0,59738.0
2020-02-14,401.6,32726.4,8412.6,59738.0
2020-02-15,0.0,0.0,0.0,0.0
2020-02-16,0.0,0.0,0.0,0.0
2020-02-17,79902.0,28895.999999999996,7924.0,59738.0
2020-02-18,79902.0,28895.999999999996,12288.0,59738.0
2020-02-19,0.0,0.0,0.0,0.0
2020-02-20,0.0,0.0,0.0,0.0
2020-02-21,77250.8,24816.0,16758.0,56472.0
2020-02-22,0.0,0.0,0.0,0.0
2020-02-23,0.0,0.0,0.0,0.0
2020-02-24,77250.8,24816.0,20885.8,53324.700000000004
2020-02-25,74546.09999999999,24816.0,20445.9,53324.700000000004
2020-02-26,76893.0,24816.0,20445.9,53324.700000000004
2020-02-27,0.0,0.0,0.0,0.0
2020-02-28,78336.0,28848.0,23996.0,56409.6
2020-02-29,0.0,0.0,0.0,0.0
2020-03-01,0.0,0.0,0.0,0.0
2020-03-02,78336.0,28848.0,19812.8,56409.6
2020-03-03,75672.0,24884.0,19618.5,56409.6
2020-03-04,0.0,0.0,0.0,0.0
2020-03-05,0.0,0.0,0.0,0.0
2020-03-06,0.0,0.0,0.0,0.0
2020-03-07,0.0,0.0,0.0,0.0
2020-03-08,0.0,0.0,0.0,0.0
2020-03-09,78055.4,28963.2,27323.6,55801.2
2020-03-10,77851.59999999999,28963.2,23113.2,55801.2
2020-03-11,77851.59999999999,28963.2,27027.199999999997,55801.2
2020-03-12,80225.6,28963.2,30972.100000000002,55801.2
2020-03-13,78570.0,28243.2,25544.0,58524.700000000004
2020-03-14,0.0,0.0,0.0,0.0
2020-03-15,0.0,0.0,0.0,0.0
2020-03-16,80883.0,31959.2,29260.0,58524.700000000004
2020-03-17,82946.4,35404.8,29260.0,60609.6
2020-03-18,80394.6,31399.499999999996,29260.0,60609.6
2020-03-19,82582.5,34813.799999999996,33144.600000000006,60609.6
2020-03-20,82582.5,34813.799999999996,29431.0,60609.6
2020-03-21,0.0,0.0,0.0,0.0
2020-03-22,0.0,0.0,0.0,0.0
2020-03-23,84832.0,34813.799999999996,29431.0,60609.6
2020-03-24,84832.0,34813.799999999996,29431.0,59623.2
2020-03-25,83808.40000000001,34813.799999999996,26228.0,59623.2
2020-03-26,0.0,0.0,0.0,0.0
2020-03-27,83808.40000000001,34813.799999999996,30258.6,59623.2
2020-03-28,0.0,0.0,0.0,0.0
2020-03-29,0.0,0.0,0.0,0.0
2020-03-30,86099.0,34813.799999999996,33495.7,59623.2
2020-03-31,0.0,0.0,0.0,0.0
2020-04-01,0.0,0.0,0.0,0.0
2020-04-02,83717.6,34813.799999999996,33495.7,59623.2
2020-04-03,0.0,0.0,0.0,0.0
2020-04-04,0.0,0.0,0.0,0.0
2020-04-05,0.0,0.0,0.0,0.0
2020-04-06,0.0,0.0,0.0,0.0
2020-04-07,83717.6,30736.8,29704.2,56779.799999999996
2020-04-08,81130.0,30736.8,29704.2,56779.799999999996
2020-04-09,0.0,0.0,0.0,0.0
2020-04-10,0.0,0.0,0.0,0.0
2020-04-11,0.0,0.0,0.0,0.0
2020-04-12,0.0,0.0,0.0,0.0
2020-04-13,83487.9,30736.8,33404.4,56779.799999999996
2020-04-14,80897.4,30736.8,33404.4,56779.799999999996
2020-04-15,80897.4,30736.8,29486.0,56779.799999999996
2020-04-16,0.0,0.0,0.0,0.0
2020-04-17,78280.0,30736.8,25733.4,56779.799999999996
2020-04-18,0.0,0.0,0.0,0.0
2020-04-19,0.0,0.0,0.0,0.0
2020-04-20,0.0,0.0,0.0,0.0
2020-04-21,0.0,0.0,0.0,0.0
2020-04-22,0.0,0.0,0.0,0.0
2020-04-23,78280.0,30736.8,21760.2,56779.799999999996
2020-04-24,0.0,0.0,0.0,0.0
2020-04-25,0.0,0.0,0.0,0.0
2020-04-26,0.0,0.0,0.0,0.0
2020-04-27,78280.0,30736.8,17458.7,56779.799999999996
2020-04-28,77844.90000000001,30736.8,17458.7,56779.799999999996
2020-04-29,77844.90000000001,30736.8,12936.0,56779.799999999996
2020-04-30,77844.90000000001,30736.8,13034.0,56779.799999999996
2020-05-01,0.0,0.0,0.0,0.0
2020-05-02,0.0,0.0,0.0,0.0
2020-05-03,0.0,0.0,0.0,0.0
2020-05-04,0.0,0.0,0.0,0.0
2020-05-05,0.0,0.0,0.0,0.0
2020-05-06,75173.99999999999,26983.6,13034.0,56779.799999999996
2020-05-07,0.0,0.0,0.0,0.0
2020-05-08,0.0,0.0,0.0,0.0
2020-05-09,0.0,0.0,0.0,0.0
2020-05-10,0.0,0.0,0.0,0.0
2020-05-11,0.0,0.0,0.0,0.0
2020-05-12,0.0,0.0,0.0,0.0
2020-05-13,75173.99999999999,26983.6,17328.0,56779.799999999996
2020-05-14,0.0,0.0,0.0,0.0
2020-05-15,75173.99999999999,26983.6,17328.0,53862.0
2020-05-16,0.0,0.0,0.0,0.0
2020-05-17,0.0,0.0,0.0,0.0
2020-05-18,75173.99999999999,26983.6,17328.0,50393.6
2020-05-19,75173.99999999999,26983.6,13020.0,50393.6
2020-05-20,72485.0,26983.6,13020.0,50393.6
2020-05-21,0.0,0.0,0.0,0.0
2020-05-22,74987.0,26983.6,17294.4,50393.6
2020-05-23,0.0,0.0,0.0,0.0
2020-05-24,0.0,0.0,0.0,0.0
2020-05-25,74987.0,26983.6,13002.5,50393.6
2020-05-26,0.0,0.0,0.0,0.0
2020-05-27,74987.0,26983.6,8434.8,50393.6
2020-05-28,0.0,0.0,0.0,0.0
2020-05-29,0.0,0.0,0.0,0.0
2020-05-30,0.0,0.0,0.0,0.0
2020-05-31,0.0,0.0,0.0,0.0
2020-06-01,72310.0,22959.6,8434.8,50393.6
2020-06-02,0.0,0.0,0.0,0.0
2020-06-03,0.0,0.0,0.0,0.0
2020-06-04,72310.0,22959.6,8434.8,53452.0
2020-06-05,0.0,0.0,0.0,0.0
2020-06-06,0.0,0.0,0.0,0.0
2020-06-07,0.0,0.0,0.0,0.0
2020-06-08,0.0,0.0,0.0,0.0
2020-06-09,0.0,0.0,0.0,0.0
2020-06-10,0.0,0.0,0.0,0.0
2020-06-11,69372.8,22959.6,8434.8,53452.0
2020-06-12,69372.8,22959.6,12799.5,53452.0
2020-06-13,0.0,0.0,0.0,0.0
2020-06-14,0.0,0.0,0.0,0.0
2020-06-15,0.0,0.0,0.0,0.0
2020-06-16,69372.8,22959.6,8294.0,53452.0
2020-06-17,66478.2,18672.0,8294.0,53452.0
2020-06-18,0.0,0.0,0.0,0.0
2020-06-19,0.0,0.0,0.0,0.0
2020-06-20,0.0,0.0,0.0,0.0
2020-06-21,0.0,0.0,0.0,0.0
2020-06-22,63505.99999999999,18672.0,8294.0,53452.0
2020-06-23,0.0,0.0,0.0,0.0
2020-06-24,0.0,0.0,0.0,0.0
2020-06-25,0.0,0.0,0.0,0.0
2020-06-26,0.0,0.0,0.0,0.0
2020-06-27,0.0,0.0,0.0,0.0
2020-06-28,0.0,0.0,0.0,0.0
2020-06-29,0.0,0.0,0.0,0.0
2020-06-30,60321.100000000006,14106.4,8294.0,53452.0
2020-07-01,60321.100000000006,14106.4,8294.0,49949.1
2020-07-02,0.0,0.0,0.0,0.0
2020-07-03,60321.100000000006,9913.5,8294.0,49949.1
2020-07-04,0.0,0.0,0.0,0.0
2020-07-05,0.0,0.0,0.0,0.0
2020-07-06,57215.2,5447.2,8294.0,49949.1
2020-07-07,50529.6,701.4,8294.0,49949.1
2020-07-08,0.0,0.0,0.0,0.0
2020-07-09,47059.1,79563.0,8294.0,49949.1
2020-07-10,0.0,0.0,0.0,0.0
2020-07-11,0.0,0.0,0.0,0.0
2020-07-12,0.0,0.0,0.0,0.0
2020-07-13,39760.0,77480.0,3513.6,49949.1
2020-07-14,43120.8,77480.0,3513.6,49949.1
2020-07-15,39088.0,77480.0,3513.6,49949.1
2020-07-16,45832.50000000001,81211.6,3513.6,49949.1
2020-07-17,49276.0,81211.6,3513.6,49949.1
2020-07-18,0.0,0.0,0.0,0.0
2020-07-19,0.0,0.0,0.0,0.0
2020-07-20,49159.6,81211.6,3513.6,49949.1
2020-07-21,45797.5,78621.7,3513.6,49949.1
2020-07-22,42088.8,78621.7,3513.6,46586.5
2020-07-23,41757.0,78621.7,3513.6,46586.5
2020-07-24,48556.799999999996,80431.0,3513.6,46586.5
2020-07-25,0.0,0.0,0.0,0.0
2020-07-26,0.0,0.0,0.0,0.0
2020-07-27,48556.799999999996,80431.0,3513.6,42981.9
2020-07-28,0.0,0.0,0.0,0.0
2020-07-29,45066.5,80431.0,3513.6,42981.9
2020-07-30,41349.0,77814.0,3513.6,42981.9
2020-07-31,0.0,0.0,0.0,0.0
2020-08-01,0.0,0.0,0.0,0.0
2020-08-02,0.0,0.0,0.0,0.0
2020-08-03,37617.6,77814.0,3513.6,42981.9
2020-08-04,0.0,0.0,0.0,0.0
2020-08-05,37617.6,75745.2,3513.6,39560.0
2020-08-06,0.0,0.0,0.0,0.0
2020-08-07,41318.2,75745.2,3513.6,39560.0
2020-08-08,0.0,0.0,0.0,0.0
2020-08-09,0.0,0.0,0.0,0.0
2020-08-10,0.0,0.0,0.0,0.0
2020-08-11,44720.0,75745.2,3513.6,39560.0
2020-08-12,48170.2,77738.40000000001,3513.6,41405.99999999999
2020-08-13,48170.2,77738.40000000001,79794.0,41405.99999999999
2020-08-14,48170.2,77738.40000000001,79794.0,37683.1
2020-08-15,0.0,0.0,0.0,0.0
2020-08-16,0.0,0.0,0.0,0.0
2020-08-17,44685.6,77738.40000000001,79794.0,37683.1
2020-08-18,44685.6,75673.8,79794.0,37683.1
2020-08-19,0.0,0.0,0.0,0.0
2020-08-20,47788.2,75673.8,79794.0,37683.1
2020-08-21,47788.2,75673.8,77320.2,37683.1
2020-08-22,0.0,0.0,0.0,0.0
2020-08-23,0.0,0.0,0.0,0.0
2020-08-24,44358.8,75673.8,72143.8,37683.1
2020-08-25,44358.8,75673.8,69312.0,37683.1
2020-08-26,44358.8,77662.8,68810.70000000001,37683.1
2020-08-27,44358.8,77662.8,66199.5,37683.1
2020-08-28,40652.1,77662.8,66382.8,37683.1
2020-08-29,0.0,0.0,0.0,0.0
2020-08-30,0.0,0.0,0.0,0.0
2020-08-31,40652.1,75561.6,60887.2,37683.1
2020-09-01,40652.1,75561.6,60608.9,37683.1
2020-09-02,40652.1,75561.6,57904.0,37683.1
2020-09-03,40652.1,75561.6,54981.4,37683.1
2020-09-04,40652.1,75561.6,58547.8,37683.1
2020-09-05,0.0,0.0,0.0,0.0
2020-09-06,0.0,0.0,0.0,0.0
2020-09-07,44049.6,77544.0,63971.0,37683.1
2020-09-08,44049.6,77544.0,60797.1,37683.1
2020-09-09,47462.00000000001,79378.2,58890.0,37683.1
2020-09-10,50883.0,79378.2,55573.0,37683.1
2020-09-11,50883.0,79378.2,58062.9,37683.1
2020-09-12,0.0,0.0,0.0,0.0
2020-09-13,0.0,0.0,0.0,0.0
2020-09-14,47424.0,79378.2,54881.799999999996,37683.1
2020-09-15,47424.0,79378.2,51786.0,37683.1
2020-09-16,47424.0,79378.2,51408.0,37683.1
2020-09-17,47424.0,79378.2,54433.40000000001,37683.1
2020-09-18,47424.0,79378.2,51364.8,37683.1
2020-09-19,0.0,0.0,0.0,0.0
2020-09-20,0.0,0.0,0.0,0.0
2020-09-21,0.0,0.0,0.0,0.0
2020-09-22,47424.0,79378.2,54433.40000000001,40973.4
2020-09-23,0.0,0.0,0.0,0.0
2020-09-24,47424.0,79378.2,57190.4,40973.4
2020-09-25,0.0,0.0,0.0,0.0
2020-09-26,0.0,0.0,0.0,0.0
2020-09-27,0.0,0.0,0.0,0.0
2020-09-28,0.0,0.0,0.0,0.0
2020-09-29,47424.0,79378.2,53878.50000000001,40973.4
2020-09-30,0.0,0.0,0.0,0.0
2020-10-01,0.0,0.0,0.0,0.0
2020-10-02,0.0,0.0,0.0,0.0
2020-10-03,0.0,0.0,0.0,0.0
2020-10-04,0.0,0.0,0.0,0.0
2020-10-05,0.0,0.0,0.0,0.0
2020-10-06,0.0,0.0,0.0,0.0
2020-10-07,0.0,0.0,0.0,0.0
2020-10-08,0.0,0.0,0.0,0.0
2020-10-09,43724.0,79378.2,53878.50000000001,40973.4
2020-10-10,0.0,0.0,0.0,0.0
2020-10-11,0.0,0.0,0.0,0.0
2020-10-12,40015.0,76751.1,53878.50000000001,40973.4
2020-10-13,40015.0,76751.1,50771.5,40973.4
2020-10-14,0.0,0.0,0.0,0.0
2020-10-15,40015.0,76751.1,53843.4,40973.4
2020-10-16,0.0,0.0,0.0,0.0
2020-10-17,0.0,0.0,0.0,0.0
2020-10-18,0.0,0.0,0.0,0.0
2020-10-19,0.0,0.0,0.0,0.0
2020-10-20,0.0,0.0,0.0,0.0
2020-10-21,0.0,0.0,0.0,0.0
2020-10-22,43433.0,78591.5,53843.4,40973.4
2020-10-23,43433.0,78591.5,56629.299999999996,40973.4
2020-10-24,0.0,0.0,0.0,0.0
2020-10-25,0.0,0.0,0.0,0.0
2020-10-26,46774.4,78591.5,56629.299999999996,40973.4
2020-10-27,0.0,0.0,0.0,0.0
2020-10-28,43058.4,78591.5,56629.299999999996,40973.4
2020-10-29,43058.4,78591.5,58567.2,40973.4
2020-10-30,43058.4,80928.0,58567.2,40973.4
2020-10-31,0.0,0.0,0.0,0.0
2020-11-01,0.0,0.0,0.0,0.0
2020-11-02,0.0,0.0,0.0,0.0
2020-11-03,39350.9,80928.0,55549.799999999996,40973.4
2020-11-04,39350.9,80928.0,49213.5,40973.4
2020-11-05,39350.9,78580.2,49266.0,40973.4
2020-11-06,39350.9,78580.2,52267.5,40973.4
2020-11-07,0.0,0.0,0.0,0.0
2020-11-08,0.0,0.0,0.0,0.0
2020-11-09,35684.4,78580.2,52267.5,40973.4
2020-11-10,35684.4,78580.2,52267.5,44309.5
2020-11-11,39336.0,78580.2,55490.4,44309.5
2020-11-12,0.0,0.0,0.0,0.0
2020-11-13,0.0,0.0,0.0,0.0
2020-11-14,0.0,0.0,0.0,0.0
2020-11-15,0.0,0.0,0.0,0.0
2020-11-16,0.0,0.0,0.0,0.0
2020-11-17,42752.0,78580.2,55490.4,44309.5
2020-11-18,0.0,0.0,0.0,0.0
2020-11-19,42752.0,78580.2,58389.399999999994,44309.5
2020-11-20,0.0,0.0,0.0,0.0
2020-11-21,0.0,0.0,0.0,0.0
2020-11-22,0.0,0.0,0.0,0.0
2020-11-23,42752.0,75938.4,58389.399999999994,44309.5
2020-11-24,0.0,0.0,0.0,0.0
2020-11-25,42752.0,75938.4,58389.399999999994,47307.5
2020-11-26,42752.0,77828.8,58389.399999999994,47307.5
2020-11-27,0.0,0.0,0.0,0.0
2020-11-28,0.0,0.0,0.0,0.0
2020-11-29,0.0,0.0,0.0,0.0
2020-11-30,42752.0,77828.8,58389.399999999994,50526.0
2020-12-01,0.0,0.0,0.0,0.0
2020-12-02,42752.0,77828.8,55641.600000000006,50526.0
2020-12-03,42752.0,77828.8,55641.600000000006,47345.600000000006
2020-12-04,39027.6,77828.8,55641.600000000006,47345.600000000006
2020-12-05,0.0,0.0,0.0,0.0
2020-12-06,0.0,0.0,0.0,0.0
2020-12-07,0.0,0.0,0.0,0.0
2020-12-08,0.0,0.0,0.0,0.0
2020-12-09,0.0,0.0,0.0,0.0
2020-12-10,39027.6,77828.8,57594.799999999996,47345.600000000006
2020-12-11,0.0,0.0,0.0,0.0
2020-12-12,0.0,0.0,0.0,0.0
2020-12-13,0.0,0.0,0.0,0.0
2020-12-14,0.0,0.0,0.0,0.0
2020-12-15,0.0,0.0,0.0,0.0
2020-12-16,0.0,0.0,0.0,0.0
2020-12-17,0.0,0.0,0.0,0.0
2020-12-18,39027.6,77828.8,57594.799999999996,43776.0
2020-12-19,0.0,0.0,0.0,0.0
2020-12-20,0.0,0.0,0.0,0.0
2020-12-21,35321.0,77828.8,54595.8,43776.0
2020-12-22,0.0,0.0,0.0,0.0
2020-12-23,0.0,0.0,0.0,0.0
2020-12-24,0.0,0.0,0.0,0.0
2020-12-25,0.0,0.0,0.0,0.0
2020-12-26,0.0,0.0,0.0,0.0
2020-12-27,0.0,0.0,0.0,0.0
2020-12-28,0.0,0.0,0.0,0.0
2020-12-29,0.0,0.0,0.0,0.0
2020-12-30,31359.999999999996,77828.8,54595.8,43776.0
2020-12-31,0.0,0.0,0.0,0.0
2021-01-01,0.0,0.0,0.0,0.0
2021-01-02,0.0,0.0,0.0,0.0
2021-01-03,0.0,0.0,0.0,0.0
2021-01-04,23212.8,75159.0,54595.8,43776.0
2021-01-05,0.0,0.0,0.0,0.0
2021-01-06,0.0,0.0,0.0,0.0
2021-01-07,0.0,0.0,0.0,0.0
2021-01-08,19034.0,75159.0,54595.8,43776.0
2021-01-09,0.0,0.0,0.0,0.0
2021-01-10,0.0,0.0,0.0,0.0
2021-01-11,23220.6,75159.0,54595.8,47269.4
2021-01-12,19021.600000000002,75159.0,54595.8,47269.4
2021-01-13,0.0,0.0,0.0,0.0
2021-01-14,23205.0,75159.0,54595.8,47269.4
2021-01-15,0.0,0.0,0.0,0.0
2021-01-16,0.0,0.0,0.0,0.0
2021-01-17,0.0,0.0,0.0,0.0
2021-01-18,0.0,0.0,0.0,0.0
2021-01-19,0.0,0.0,0.0,0.0
2021-01-20,19003.0,75159.0,54595.8,47269.4
2021-01-21,14526.8,75159.0,54595.8,47269.4
2021-01-22,0.0,0.0,0.0,0.0
2021-01-23,0.0,0.0,0.0,0.0
2021-01-24,0.0,0.0,0.0,0.0
2021-01-25,10096.7,73042.2,51359.0,47269.4
2021-01-26,14526.8,73042.2,51359.0,47269.4
2021-01-27,0.0,0.0,0.0,0.0
2021-01-28,18678.2,75117.0,54583.2,47269.4
2021-01-29,22869.0,76989.6,54583.2,47269.4
2021-01-30,0.0,0.0,0.0,0.0
2021-01-31,0.0,0.0,0.0,0.0
2021-02-01,18666.0,76989.6,54583.2,47269.4
2021-02-02,0.0,0.0,0.0,0.0
2021-02-03,14184.0,74308.0,51922.49999999999,47269.4
2021-02-04,18330.0,74308.0,51922.49999999999,47269.4
2021-02-05,18330.0,76230.0,51922.49999999999,47269.4
2021-02-06,0.0,0.0,0.0,0.0
2021-02-07,0.0,0.0,0.0,0.0
2021-02-08,0.0,0.0,0.0,0.0
2021-02-09,13992.0,73521.4,51922.49999999999,47269.4
2021-02-10,9509.1,73521.4,51922.49999999999,47269.4
2021-02-11,0.0,0.0,0.0,0.0
2021-02-12,0.0,0.0,0.0,0.0
2021-02-13,0.0,0.0,0.0,0.0
2021-02-14,0.0,0.0,0.0,0.0
2021-02-15,0.0,0.0,0.0,0.0
2021-02-16,0.0,0.0,0.0,0.0
2021-02-17,0.0,0.0,0.0,0.0
2021-02-18,9509.1,70665.59999999999,51922.49999999999,47269.4
2021-02-19,13974.400000000001,70665.59999999999,51922.49999999999,47269.4
2021-02-20,0.0,0.0,0.0,0.0
2021-02-21,0.0,0.0,0.0,0.0
2021-02-22,18172.0,70665.59999999999,51922.49999999999,47269.4
2021-02-23,0.0,0.0,0.0,0.0
2021-02-24,26326.3,70665.59999999999,55137.600000000006,47269.4
2021-02-25,0.0,0.0,0.0,0.0
2021-02-26,30304.8,72450.59999999999,58129.100000000006,50540.0
2021-02-27,0.0,0.0,0.0,0.0
2021-02-28,0.0,0.0,0.0,0.0
2021-03-01,26317.2,72450.59999999999,58129.100000000006,50540.0
2021-03-02,26317.2,72450.59999999999,55818.0,50540.0
2021-03-03,0.0,0.0,0.0,0.0
2021-03-04,30272.399999999998,72450.59999999999,58334.6,50540.0
2021-03-05,29895.8,72450.59999999999,61124.0,53029.8
2021-03-06,0.0,0.0,0.0,0.0
2021-03-07,0.0,0.0,0.0,0.0
2021-03-08,33604.0,72450.59999999999,61124.0,53029.8
2021-03-09,37133.0,75046.5,61124.0,53029.8
2021-03-10,37133.0,75046.5,58099.200000000004,53029.8
2021-03-11,37133.0,75046.5,58099.200000000004,49623.0
2021-03-12,0.0,0.0,0.0,0.0
2021-03-13,0.0,0.0,0.0,0.0
2021-03-14,0.0,0.0,0.0,0.0
2021-03-15,40813.5,75046.5,58099.200000000004,49623.0
2021-03-16,0.0,0.0,0.0,0.0
2021-03-17,37090.4,75046.5,58099.200000000004,49623.0
2021-03-18,37090.4,75046.5,55112.5,49623.0
2021-03-19,37090.4,75046.5,58099.200000000004,49623.0
2021-03-20,0.0,0.0,0.0,0.0
2021-03-21,0.0,0.0,0.0,0.0
2021-03-22,0.0,0.0,0.0,0.0
2021-03-23,0.0,0.0,0.0,0.0
2021-03-24,40781.299999999996,75046.5,58099.200000000004,49623.0
2021-03-25,0.0,0.0,0.0,0.0
2021-03-26,37047.8,75046.5,58099.200000000004,49623.0
2021-03-27,0.0,0.0,0.0,0.0
2021-03-28,0.0,0.0,0.0,0.0
2021-03-29,0.0,0.0,0.0,0.0
2021-03-30,0.0,0.0,0.0,0.0
2021-03-31,0.0,0.0,0.0,0.0
2021-04-01,33087.0,75046.5,55012.5,49623.0
2021-04-02,0.0,0.0,0.0,0.0
2021-04-03,0.0,0.0,0.0,0.0
2021-04-04,0.0,0.0,0.0,0.0
2021-04-05,0.0,0.0,0.0,0.0
2021-04-06,33087.0,75046.5,51938.4,49623.0
2021-04-07,0.0,0.0,0.0,0.0
2021-04-08,0.0,0.0,0.0,0.0
2021-04-09,0.0,0.0,0.0,0.0
2021-04-10,0.0,0.0,0.0,0.0
2021-04-11,0.0,0.0,0.0,0.0
2021-04-12,0.0,0.0,0.0,0.0
2021-04-13,0.0,0.0,0.0,0.0
2021-04-14,0.0,0.0,0.0,0.0
2021-04-15,0.0,0.0,0.0,0.0
2021-04-16,0.0,0.0,0.0,0.0
2021-04-17,0.0,0.0,0.0,0.0
2021-04-18,0.0,0.0,0.0,0.0
2021-04-19,29116.5,72348.6,48807.2,49623.0
2021-04-20,0.0,0.0,0.0,0.0
2021-04-21,0.0,0.0,0.0,0.0
2021-04-22,29116.5,72348.6,48807.2,46075.0
2021-04-23,24855.9,72348.6,48807.2,46075.0
2021-04-24,0.0,0.0,0.0,0.0
2021-04-25,0.0,0.0,0.0,0.0
2021-04-26,20601.0,72348.6,48807.2,46075.0
2021-04-27,24527.199999999997,72348.6,48807.2,46075.0
2021-04-28,20272.2,72348.6,48807.2,46075.0
2021-04-29,0.0,0.0,0.0,0.0
2021-04-30,0.0,0.0,0.0,0.0
2021-05-01,0.0,0.0,0.0,0.0
2021-05-02,0.0,0.0,0.0,0.0
2021-05-03,0.0,0.0,0.0,0.0
2021-05-04,0.0,0.0,0.0,0.0
2021-05-05,0.0,0.0,0.0,0.0
2021-05-06,20272.2,72348.6,51300.0,46075.0
2021-05-07,24501.4,72348.6,51300.0,46075.0
2021-05-08,0.0,0.0,0.0,0.0
2021-05-09,0.0,0.0,0.0,0.0
2021-05-10,0.0,0.0,0.0,0.0
2021-05-11,0.0,0.0,0.0,0.0
2021-05-12,0.0,0.0,0.0,0.0
2021-05-13,24501.4,72348.6,54037.50000000001,46075.0
2021-05-14,20251.5,72348.6,54037.50000000001,46075.0
2021-05-15,0.0,0.0,0.0,0.0
2021-05-16,0.0,0.0,0.0,0.0
2021-05-17,20251.5,69464.0,54037.50000000001,46075.0
2021-05-18,20251.5,69464.0,50764.200000000004,42649.6
2021-05-19,0.0,0.0,0.0,0.0
2021-05-20,15755.999999999998,69464.0,50764.200000000004,42649.6
2021-05-21,0.0,0.0,0.0,0.0
2021-05-22,0.0,0.0,0.0,0.0
2021-05-23,0.0,0.0,0.0,0.0
2021-05-24,0.0,0.0,0.0,0.0
2021-05-25,11235.6,69464.0,50764.200000000004,42649.6
2021-05-26,0.0,0.0,0.0,0.0
2021-05-27,0.0,0.0,0.0,0.0
2021-05-28,0.0,0.0,0.0,0.0
2021-05-29,0.0,0.0,0.0,0.0
2021-05-30,0.0,0.0,0.0,0.0
2021-05-31,0.0,0.0,0.0,0.0
2021-06-01,0.0,0.0,0.0,0.0
2021-06-02,0.0,0.0,0.0,0.0
2021-06-03,0.0,0.0,0.0,0.0
2021-06-04,11235.6,69464.0,50764.200000000004,46162.5
2021-06-05,0.0,0.0,0.0,0.0
2021-06-06,0.0,0.0,0.0,0.0
2021-06-07,0.0,0.0,0.0,0.0
2021-06-08,0.0,0.0,0.0,0.0
2021-06-09,0.0,0.0,0.0,0.0
2021-06-10,11235.6,67034.8,50764.200000000004,46162.5
2021-06-11,0.0,0.0,0.0,0.0
2021-06-12,0.0,0.0,0.0,0.0
2021-06-13,0.0,0.0,0.0,0.0
2021-06-14,0.0,0.0,0.0,0.0
2021-06-15,11235.6,67034.8,47513.9,46162.5
2021-06-16,15740.400000000001,67034.8,47513.9,46162.5
2021-06-17,0.0,0.0,0.0,0.0
2021-06-18,11224.8,67034.8,47513.9,46162.5
2021-06-19,0.0,0.0,0.0,0.0
2021-06-20,0.0,0.0,0.0,0.0
2021-06-21,0.0,0.0,0.0,0.0
2021-06-22,0.0,0.0,0.0,0.0
2021-06-23,6424.0,67034.8,47513.9,46162.5
2021-06-24,0.0,0.0,0.0,0.0
2021-06-25,6424.0,67034.8,44277.3,46162.5
2021-06-26,0.0,0.0,0.0,0.0
2021-06-27,0.0,0.0,0.0,0.0
2021-06-28,1654.5,67034.8,44277.3,46162.5
2021-06-29,0.0,0.0,0.0,0.0
2021-06-30,1654.5,67034.8,44277.3,49431.6
2021-07-01,0.0,0.0,0.0,0.0
2021-07-02,0.0,0.0,0.0,0.0
2021-07-03,0.0,0.0,0.0,0.0
2021-07-04,0.0,0.0,0.0,0.0
2021-07-05,0.0,0.0,0.0,0.0
2021-07-06,6416.0,67034.8,44277.3,49431.6
2021-07-07,1653.5,67034.8,40736.4,49431.6
2021-07-08,0.0,0.0,0.0,0.0
2021-07-09,1653.5,67034.8,40736.4,46125.0
2021-07-10,0.0,0.0,0.0,0.0
2021-07-11,0.0,0.0,0.0,0.0
2021-07-12,79794.0,67034.8,40736.4,46125.0
2021-07-13,79794.0,64399.700000000004,40736.4,46125.0
2021-07-14,0.0,0.0,0.0,0.0
2021-07-15,0.0,0.0,0.0,0.0
2021-07-16,0.0,0.0,0.0,0.0
2021-07-17,0.0,0.0,0.0,0.0
2021-07-18,0.0,0.0,0.0,0.0
2021-07-19,0.0,0.0,0.0,0.0
2021-07-20,0.0,0.0,0.0,0.0
2021-07-21,0.0,0.0,0.0,0.0
2021-07-22,0.0,0.0,0.0,0.0
2021-07-23,0.0,0.0,0.0,0.0
2021-07-24,0.0,0.0,0.0,0.0
2021-07-25,0.0,0.0,0.0,0.0
2021-07-26,84291.5,64399.700000000004,40736.4,46125.0
2021-07-27,84212.6,64399.700000000004,40736.4,46125.0
2021-07-28,83656.6,66910.2,40736.4,46125.0
2021-07-29,81263.0,66910.2,40736.4,46125.0
2021-07-30,0.0,0.0,0.0,0.0
2021-07-31,0.0,0.0,0.0,0.0
2021-08-01,0.0,0.0,0.0,0.0
2021-08-02,78671.2,66910.2,40736.4,46125.0
2021-08-03,0.0,0.0,0.0,0.0
2021-08-04,78671.2,64275.2,40736.4,46125.0
2021-08-05,0.0,0.0,0.0,0.0
2021-08-06,0.0,0.0,0.0,0.0
2021-08-07,0.0,0.0,0.0,0.0
2021-08-08,0.0,0.0,0.0,0.0
2021-08-09,78671.2,64275.2,40736.4,49059.0
2021-08-10,0.0,0.0,0.0,0.0
2021-08-11,0.0,0.0,0.0,0.0
2021-08-12,80835.6,61438.3,40736.4,49059.0
2021-08-13,0.0,0.0,0.0,0.0
2021-08-14,0.0,0.0,0.0,0.0
2021-08-15,0.0,0.0,0.0,0.0
2021-08-16,0.0,0.0,0.0,0.0
2021-08-17,83154.59999999999,64225.4,40736.4,49059.0
2021-08-18,83154.59999999999,64225.4,40736.4,45408.799999999996
2021-08-19,0.0,0.0,0.0,0.0
2021-08-20,85256.4,64225.4,40736.4,45408.799999999996
2021-08-21,0.0,0.0,0.0,0.0
2021-08-22,0.0,0.0,0.0,0.0
2021-08-23,82810.0,64225.4,40736.4,45408.799999999996
2021-08-24,82810.0,61376.7,37281.1,45408.799999999996
2021-08-25,0.0,0.0,0.0,0.0
2021-08-26,0.0,0.0,0.0,0.0
2021-08-27,0.0,0.0,0.0,0.0
2021-08-28,0.0,0.0,0.0,0.0
2021-08-29,0.0,0.0,0.0,0.0
2021-08-30,0.0,0.0,0.0,0.0
2021-08-31,84947.5,61376.7,37281.1,45408.799999999996
2021-09-01,0.0,0.0,0.0,0.0
2021-09-02,84947.5,58305.2,37281.1,45408.799999999996
2021-09-03,0.0,0.0,0.0,0.0
2021-09-04,0.0,0.0,0.0,0.0
2021-09-05,0.0,0.0,0.0,0.0
2021-09-06,0.0,0.0,0.0,0.0
2021-09-07,0.0,0.0,0.0,0.0
2021-09-08,84947.5,54983.5,37281.1,45408.799999999996
2021-09-09,0.0,0.0,0.0,0.0
2021-09-10,0.0,0.0,0.0,0.0
2021-09-11,0.0,0.0,0.0,0.0
2021-09-12,0.0,0.0,0.0,0.0
2021-09-13,0.0,0.0,0.0,0.0
2021-09-14,0.0,0.0,0.0,0.0
2021-09-15,0.0,0.0,0.0,0.0
2021-09-16,0.0,0.0,0.0,0.0
2021-09-17,84947.5,57420.99999999999,37281.1,45408.799999999996
2021-09-18,0.0,0.0,0.0,0.0
2021-09-19,0.0,0.0,0.0,0.0
2021-09-20,0.0,0.0,0.0,0.0
2021-09-21,0.0,0.0,0.0,0.0
2021-09-22,0.0,0.0,0.0,0.0
2021-09-23,84947.5,54079.99999999999,37281.1,45408.799999999996
2021-09-24,0.0,0.0,0.0,0.0
2021-09-25,0.0,0.0,0.0,0.0
2021-09-26,0.0,0.0,0.0,0.0
2021-09-27,84947.5,56531.7,37281.1,45408.799999999996
2021-09-28,0.0,0.0,0.0,0.0
2021-09-29,84947.5,59595.0,40171.8,48662.4
2021-09-30,0.0,0.0,0.0,0.0
2021-10-01,0.0,0.0,0.0,0.0
2021-10-02,0.0,0.0,0.0,0.0
2021-10-03,0.0,0.0,0.0,0.0
2021-10-04,0.0,0.0,0.0,0.0
2021-10-05,0.0,0.0,0.0,0.0
2021-10-06,0.0,0.0,0.0,0.0
2021-10-07,0.0,0.0,0.0,0.0
2021-10-08,82439.7,59595.0,40171.8,48662.4
2021-10-09,0.0,0.0,0.0,0.0
2021-10-10,0.0,0.0,0.0,0.0
2021-10-11,0.0,0.0,0.0,0.0
2021-10-12,84556.4,59595.0,40171.8,48662.4
2021-10-13,0.0,0.0,0.0,0.0
2021-10-14,0.0,0.0,0.0,0.0
2021-10-15,82018.2,59595.0,40171.8,48662.4
2021-10-16,0.0,0.0,0.0,0.0
2021-10-17,0.0,0.0,0.0,0.0
2021-10-18,0.0,0.0,0.0,0.0
2021-10-19,0.0,0.0,0.0,0.0
2021-10-20,82018.2,59595.0,36352.8,48662.4
2021-10-21,0.0,0.0,0.0,0.0
2021-10-22,0.0,0.0,0.0,0.0
2021-10-23,0.0,0.0,0.0,0.0
2021-10-24,0.0,0.0,0.0,0.0
2021-10-25,0.0,0.0,0.0,0.0
2021-10-26,0.0,0.0,0.0,0.0
2021-10-27,0.0,0.0,0.0,0.0
2021-10-28,0.0,0.0,0.0,0.0
2021-10-29,0.0,0.0,0.0,0.0
2021-10-30,0.0,0.0,0.0,0.0
2021-10-31,0.0,0.0,0.0,0.0
2021-11-01,82018.2,59595.0,32810.4,48662.4
2021-11-02,0.0,0.0,0.0,0.0
2021-11-03,0.0,0.0,0.0,0.0
2021-11-04,0.0,0.0,0.0,0.0
2021-11-05,79582.5,59595.0,28998.0,48662.4
2021-11-06,0.0,0.0,0.0,0.0
2021-11-07,0.0,0.0,0.0,0.0
2021-11-08,79582.5,59595.0,28998.0,45153.299999999996
2021-11-09,0.0,0.0,0.0,0.0
2021-11-10,0.0,0.0,0.0,0.0
2021-11-11,0.0,0.0,0.0,0.0
2021-11-12,0.0,0.0,0.0,0.0
2021-11-13,0.0,0.0,0.0,0.0
2021-11-14,0.0,0.0,0.0,0.0
2021-11-15,0.0,0.0,0.0,0.0
2021-11-16,0.0,0.0,0.0,0.0
2021-11-17,0.0,0.0,0.0,0.0
2021-11-18,0.0,0.0,0.0,0.0
2021-11-19,0.0,0.0,0.0,0.0
2021-11-20,0.0,0.0,0.0,0.0
2021-11-21,0.0,0.0,0.0,0.0
2021-11-22,76927.2,59595.0,28998.0,45153.299999999996
2021-11-23,0.0,0.0,0.0,0.0
2021-11-24,0.0,0.0,0.0,0.0
2021-11-25,0.0,0.0,0.0,0.0
2021-11-26,0.0,0.0,0.0,0.0
2021-11-27,0.0,0.0,0.0,0.0
2021-11-28,0.0,0.0,0.0,0.0
2021-11-29,0.0,0.0,0.0,0.0
2021-11-30,0.0,0.0,0.0,0.0
2021-12-01,76927.2,56483.4,28998.0,45153.299999999996
2021-12-02,0.0,0.0,0.0,0.0
2021-12-03,76927.2,56483.4,32810.4,45153.299999999996
2021-12-04,0.0,0.0,0.0,0.0
2021-12-05,0.0,0.0,0.0,0.0
2021-12-06,0.0,0.0,0.0,0.0
2021-12-07,79182.4,56483.4,32810.4,45153.299999999996
2021-12-08,0.0,0.0,0.0,0.0
2021-12-09,0.0,0.0,0.0,0.0
2021-12-10,76544.4,56483.4,32810.4,45153.299999999996
2021-12-11,0.0,0.0,0.0,0.0
2021-12-12,0.0,0.0,0.0,0.0
2021-12-13,0.0,0.0,0.0,0.0
2021-12-14,0.0,0.0,0.0,0.0
2021-12-15,76544.4,56483.4,32810.4,48416.0
2021-12-16,0.0,0.0,0.0,0.0
2021-12-17,0.0,0.0,0.0,0.0
2021-12-18,0.0,0.0,0.0,0.0
2021-12-19,0.0,0.0,0.0,0.0
2021-12-20,78807.0,56483.4,32810.4,48416.0
2021-12-21,0.0,0.0,0.0,0.0
2021-12-22,0.0,0.0,0.0,0.0
2021-12-23,0.0,0.0,0.0,0.0
2021-12-24,0.0,0.0,0.0,0.0
2021-12-25,0.0,0.0,0.0,0.0
2021-12-26,0.0,0.0,0.0,0.0
2021-12-27,0.0,0.0,0.0,0.0
2021-12-28,78807.0,56483.4,29122.199999999997,48416.0
2021-12-29,0.0,0.0,0.0,0.0
2021-12-30,0.0,0.0,0.0,0.0
2021-12-31,0.0,0.0,0.0,0.0
2022-01-01,0.0,0.0,0.0,0.0
2022-01-02,0.0,0.0,0.0,0.0
2022-01-03,0.0,0.0,0.0,0.0
2022-01-04,81177.59999999999,56483.4,29122.199999999997,48416.0
2022-01-05,83332.5,56483.4,29122.199999999997,48416.0
2022-01-06,83332.5,56483.4,32463.899999999998,48416.0
2022-01-07,0.0,0.0,0.0,0.0
2022-01-08,0.0,0.0,0.0,0.0
2022-01-09,0.0,0.0,0.0,0.0
2022-01-10,85583.40000000001,56483.4,32463.899999999998,48416.0
2022-01-11,0.0,0.0,0.0,0.0
2022-01-12,0.0,0.0,0.0,0.0
2022-01-13,0.0,0.0,0.0,0.0
2022-01-14,85583.40000000001,59542.5,32724.0,48416.0
2022-01-15,0.0,0.0,0.0,0.0
2022-01-16,0.0,0.0,0.0,0.0
2022-01-17,83251.2,59542.5,32724.0,48416.0
2022-01-18,0.0,0.0,0.0,0.0
2022-01-19,85468.6,59542.5,32724.0,48416.0
2022-01-20,85468.6,59542.5,36516.7,44896.0
2022-01-21,0.0,0.0,0.0,0.0
2022-01-22,0.0,0.0,0.0,0.0
2022-01-23,0.0,0.0,0.0,0.0
2022-01-24,85468.6,59542.5,40195.2,44896.0
2022-01-25,87506.4,62370.0,40195.2,44896.0
2022-01-26,0.0,0.0,0.0,0.0
2022-01-27,87506.4,64910.700000000004,43458.8,44896.0
2022-01-28,89600.0,64910.700000000004,43458.8,44896.0
2022-01-29,0.0,0.0,0.0,0.0
2022-01-30,0.0,0.0,0.0,0.0
2022-01-31,0.0,0.0,0.0,0.0
2022-02-01,0.0,0.0,0.0,0.0
2022-02-02,0.0,0.0,0.0,0.0
2022-02-03,0.0,0.0,0.0,0.0
2022-02-04,0.0,0.0,0.0,0.0
2022-02-05,0.0,0.0,0.0,0.0
2022-02-06,0.0,0.0,0.0,0.0
2022-02-07,87415.5,64910.700000000004,40047.799999999996,44896.0
2022-02-08,91327.0,64910.700000000004,40047.799999999996,44896.0
2022-02-09,89064.79999999999,62248.5,40047.799999999996,44896.0
2022-02-10,89064.79999999999,62248.5,36223.0,44896.0
2022-02-11,90888.0,62248.5,36223.0,44896.0
2022-02-12,0.0,0.0,0.0,0.0
2022-02-13,0.0,0.0,0.0,0.0
2022-02-14,90888.0,62248.5,39195.1,44896.0
2022-02-15,0.0,0.0,0.0,0.0
2022-02-16,0.0,0.0,0.0,0.0
2022-02-17,0.0,0.0,0.0,0.0
2022-02-18,0.0,0.0,0.0,0.0
2022-02-19,0.0,0.0,0.0,0.0
2022-02-20,0.0,0.0,0.0,0.0
2022-02-21,0.0,0.0,0.0,0.0
2022-02-22,90888.0,62248.5,42802.200000000004,41321.9
2022-02-23,0.0,0.0,0.0,0.0
2022-02-24,90888.0,62248.5,46287.5,41321.9
2022-02-25,88626.59999999999,62248.5,46287.5,41321.9
2022-02-26,0.0,0.0,0.0,0.0
2022-02-27,0.0,0.0,0.0,0.0
2022-02-28,0.0,0.0,0.0,0.0
2022-03-01,88626.59999999999,62248.5,43140.8,41321.9
2022-03-02,0.0,0.0,0.0,0.0
2022-03-03,90550.5,62248.5,43140.8,41321.9
2022-03-04,0.0,0.0,0.0,0.0
2022-03-05,0.0,0.0,0.0,0.0
2022-03-06,0.0,0.0,0.0,0.0
2022-03-07,94488.0,64841.100000000006,46288.0,37776.0
2022-03-08,94488.0,67099.5,49644.6,37776.0
2022-03-09,96303.3,69280.2,49644.6,34053.600000000006
2022-03-10,94493.70000000001,66332.0,46374.0,37392.0
2022-03-11,0.0,0.0,0.0,0.0
2022-03-12,0.0,0.0,0.0,0.0
2022-03-13,0.0,0.0,0.0,0.0
2022-03-14,0.0,0.0,0.0,0.0
2022-03-15,95460.6,70612.5,49474.0,37392.0
2022-03-16,93283.2,67923.8,45883.8,37392.0
2022-03-17,91210.0,64983.1,42219.6,37392.0
2022-03-18,0.0,0.0,0.0,0.0
2022-03-19,0.0,0.0,0.0,0.0
2022-03-20,0.0,0.0,0.0,0.0
2022-03-21,0.0,0.0,0.0,0.0
2022-03-22,0.0,0.0,0.0,0.0
2022-03-23,91210.0,64983.1,39168.299999999996,37392.0
2022-03-24,0.0,0.0,0.0,0.0
2022-03-25,0.0,0.0,0.0,0.0
2022-03-26,0.0,0.0,0.0,0.0
2022-03-27,0.0,0.0,0.0,0.0
2022-03-28,93209.4,64983.1,39168.299999999996,37392.0
2022-03-29,0.0,0.0,0.0,0.0
2022-03-30,91070.0,64983.1,35612.8,37392.0
2022-03-31,0.0,0.0,0.0,0.0
2022-04-01,0.0,0.0,0.0,0.0
2022-04-02,0.0,0.0,0.0,0.0
2022-04-03,0.0,0.0,0.0,0.0
2022-04-04,0.0,0.0,0.0,0.0
2022-04-05,0.0,0.0,0.0,0.0
2022-04-06,0.0,0.0,0.0,0.0
2022-04-07,93024.9,64983.1,38609.6,37392.0
2022-04-08,93024.9,67855.2,38609.6,37392.0
2022-04-09,0.0,0.0,0.0,0.0
2022-04-10,0.0,0.0,0.0,0.0
2022-04-11,94827.2,67855.2,38609.6,37392.0
2022-04-12,94827.2,70518.0,41951.0,37392.0
2022-04-13,0.0,0.0,0.0,0.0
2022-04-14,96696.0,67796.40000000001,41951.0,37392.0
2022-04-15,0.0,0.0,0.0,0.0
2022-04-16,0.0,0.0,0.0,0.0
2022-04-17,0.0,0.0,0.0,0.0
2022-04-18,0.0,0.0,0.0,0.0
2022-04-19,0.0,0.0,0.0,0.0
2022-04-20,98541.3,70455.0,41951.0,37392.0
2022-04-21,100260.00000000001,72800.0,41951.0,37392.0
2022-04-22,0.0,0.0,0.0,0.0
2022-04-23,0.0,0.0,0.0,0.0
2022-04-24,0.0,0.0,0.0,0.0
2022-04-25,101952.0,76986.0,41951.0,37392.0
2022-04-26,103653.0,79368.2,41951.0,37392.0
2022-04-27,101810.4,76885.2,45062.5,37392.0
2022-04-28,0.0,0.0,0.0,0.0
2022-04-29,100261.7,74269.2,41357.4,37392.0
2022-04-30,0.0,0.0,0.0,0.0
2022-05-01,0.0,0.0,0.0,0.0
2022-05-02,0.0,0.0,0.0,0.0
2022-05-03,0.0,0.0,0.0,0.0
2022-05-04,0.0,0.0,0.0,0.0
2022-05-05,0.0,0.0,0.0,0.0
2022-05-06,101594.7,74269.2,44733.6,37392.0
2022-05-07,0.0,0.0,0.0,0.0
2022-05-08,0.0,0.0,0.0,0.0
2022-05-09,0.0,0.0,0.0,0.0
2022-05-10,101594.7,74269.2,47880.0,37392.0
2022-05-11,97511.40000000001,71983.5,47880.0,37392.0
2022-05-12,0.0,0.0,0.0,0.0
2022-05-13,0.0,0.0,0.0,0.0
2022-05-14,0.0,0.0,0.0,0.0
2022-05-15,0.0,0.0,0.0,0.0
2022-05-16,0.0,0.0,0.0,0.0
2022-05-17,0.0,0.0,0.0,0.0
2022-05-18,97511.40000000001,71983.5,44252.6,37392.0
2022-05-19,97511.40000000001,71983.5,46860.0,37392.0
2022-05-20,97511.40000000001,69492.8,46860.0,37392.0
2022-05-21,0.0,0.0,0.0,0.0
2022-05-22,0.0,0.0,0.0,0.0
2022-05-23,0.0,0.0,0.0,0.0
2022-05-24,0.0,0.0,0.0,0.0
2022-05-25,97511.40000000001,71916.9,46860.0,37392.0
2022-05-26,99234.00000000001,69451.2,46860.0,37392.0
2022-05-27,97325.0,69451.2,46860.0,37392.0
2022-05-28,0.0,0.0,0.0,0.0
2022-05-29,0.0,0.0,0.0,0.0
2022-05-30,97325.0,69451.2,44602.4,37392.0
2022-05-31,0.0,0.0,0.0,0.0
2022-06-01,95303.6,69451.2,44602.4,37392.0
2022-06-02,95303.6,66726.3,44602.4,37392.0
2022-06-03,0.0,0.0,0.0,0.0
2022-06-04,0.0,0.0,0.0,0.0
2022-06-05,0.0,0.0,0.0,0.0
2022-06-06,93107.3,66726.3,44602.4,37392.0
2022-06-07,0.0,0.0,0.0,0.0
2022-06-08,0.0,0.0,0.0,0.0
2022-06-09,0.0,0.0,0.0,0.0
2022-06-10,93107.3,63774.0,47432.4,37392.0
2022-06-11,0.0,0.0,0.0,0.0
2022-06-12,0.0,0.0,0.0,0.0
2022-06-13,93107.3,63774.0,50774.5,37392.0
2022-06-14,93107.3,63774.0,53899.200000000004,37392.0
2022-06-15,90931.5,63774.0,53899.200000000004,37392.0
2022-06-16,90931.5,63774.0,50735.7,37392.0
2022-06-17,88820.79999999999,63774.0,53059.6,37392.0
2022-06-18,0.0,0.0,0.0,0.0
2022-06-19,0.0,0.0,0.0,0.0
2022-06-20,86450.0,63774.0,53059.6,37392.0
2022-06-21,86450.0,63774.0,49563.600000000006,37392.0
2022-06-22,0.0,0.0,0.0,0.0
2022-06-23,0.0,0.0,0.0,0.0
2022-06-24,86450.0,63774.0,45981.2,37392.0
2022-06-25,0.0,0.0,0.0,0.0
2022-06-26,0.0,0.0,0.0,0.0
2022-06-27,84486.4,60664.700000000004,45981.2,37392.0
2022-06-28,0.0,0.0,0.0,0.0
2022-06-29,0.0,0.0,0.0,0.0
2022-06-30,84486.4,60664.700000000004,49403.200000000004,37392.0
2022-07-01,0.0,0.0,0.0,0.0
2022-07-02,0.0,0.0,0.0,0.0
2022-07-03,0.0,0.0,0.0,0.0
2022-07-04,84394.3,60664.700000000004,49403.200000000004,37392.0
2022-07-05,0.0,0.0,0.0,0.0
2022-07-06,84394.3,60664.700000000004,49403.200000000004,40284.0
2022-07-07,84394.3,60664.700000000004,45815.799999999996,40284.0
2022-07-08,0.0,0.0,0.0,0.0
2022-07-09,0.0,0.0,0.0,0.0
2022-07-10,0.0,0.0,0.0,0.0
2022-07-11,86645.0,60664.700000000004,45815.799999999996,40284.0
2022-07-12,0.0,0.0,0.0,0.0
2022-07-13,86645.0,63092.100000000006,45815.799999999996,40284.0
2022-07-14,84302.2,63092.100000000006,45815.799999999996,40284.0
2022-07-15,84302.2,63092.100000000006,45815.799999999996,43777.799999999996
2022-07-16,0.0,0.0,0.0,0.0
2022-07-17,0.0,0.0,0.0,0.0
2022-07-18,86482.5,63092.100000000006,45815.799999999996,43777.799999999996
2022-07-19,0.0,0.0,0.0,0.0
2022-07-20,86482.5,59892.8,42088.799999999996,43777.799999999996
2022-07-21,0.0,0.0,0.0,0.0
2022-07-22,0.0,0.0,0.0,0.0
2022-07-23,0.0,0.0,0.0,0.0
2022-07-24,0.0,0.0,0.0,0.0
2022-07-25,0.0,0.0,0.0,0.0
2022-07-26,0.0,0.0,0.0,0.0
2022-07-27,0.0,0.0,0.0,0.0
2022-07-28,0.0,0.0,0.0,0.0
2022-07-29,86482.5,59892.8,38542.4,40251.6
2022-07-30,0.0,0.0,0.0,0.0
2022-07-31,0.0,0.0,0.0,0.0
2022-08-01,88459.70000000001,59892.8,38542.4,40251.6
2022-08-02,88459.70000000001,62312.8,38542.4,40251.6
2022-08-03,0.0,0.0,0.0,0.0
2022-08-04,88459.70000000001,62312.8,34618.0,40251.6
2022-08-05,0.0,0.0,0.0,0.0
2022-08-06,0.0,0.0,0.0,0.0
2022-08-07,0.0,0.0,0.0,0.0
2022-08-08,0.0,0.0,0.0,0.0
2022-08-09,0.0,0.0,0.0,0.0
2022-08-10,0.0,0.0,0.0,0.0
2022-08-11,88459.70000000001,59089.5,34618.0,40251.6
2022-08-12,0.0,0.0,0.0,0.0
2022-08-13,0.0,0.0,0.0,0.0
2022-08-14,0.0,0.0,0.0,0.0
2022-08-15,0.0,0.0,0.0,0.0
2022-08-16,86086.8,59089.5,30676.6,40251.6
2022-08-17,0.0,0.0,0.0,0.0
2022-08-18,0.0,0.0,0.0,0.0
2022-08-19,0.0,0.0,0.0,0.0
2022-08-20,0.0,0.0,0.0,0.0
2022-08-21,0.0,0.0,0.0,0.0
2022-08-22,86086.8,59089.5,34564.8,40251.6
2022-08-23,0.0,0.0,0.0,0.0
2022-08-24,0.0,0.0,0.0,0.0
2022-08-25,88133.4,59089.5,34564.8,40251.6
2022-08-26,0.0,0.0,0.0,0.0
2022-08-27,0.0,0.0,0.0,0.0
2022-08-28,0.0,0.0,0.0,0.0
2022-08-29,88133.4,61391.77,37714.3,40251.6
2022-08-30,0.0,0.0,0.0,0.0
2022-08-31,90177.8,61391.77,37714.3,40251.6
2022-09-01,0.0,0.0,0.0,0.0
2022-09-02,0.0,0.0,0.0,0.0
2022-09-03,0.0,0.0,0.0,0.0
2022-09-04,0.0,0.0,0.0,0.0
2022-09-05,0.0,0.0,0.0,0.0
2022-09-06,92316.3,61391.77,37714.3,40251.6
2022-09-07,90105.6,61391.77,37714.3,40251.6
2022-09-08,0.0,0.0,0.0,0.0
2022-09-09,0.0,0.0,0.0,0.0
2022-09-10,0.0,0.0,0.0,0.0
2022-09-11,0.0,0.0,0.0,0.0
2022-09-12,0.0,0.0,0.0,0.0
2022-09-13,90105.6,61391.77,33764.8,40251.6
2022-09-14,92240.09999999999,61391.77,36807.4,40251.6
2022-09-15,94154.79999999999,61391.77,36807.4,40251.6
2022-09-16,94154.79999999999,64356.306000000004,36807.4,40251.6
2022-09-17,0.0,0.0,0.0,0.0
2022-09-18,0.0,0.0,0.0,0.0
2022-09-19,96089.40000000001,64356.306000000004,36807.4,40251.6
2022-09-20,0.0,0.0,0.0,0.0
2022-09-21,0.0,0.0,0.0,0.0
2022-09-22,96089.40000000001,64356.306000000004,40489.2,40251.6
2022-09-23,96089.40000000001,67100.388,40489.2,40251.6
2022-09-24,0.0,0.0,0.0,0.0
2022-09-25,0.0,0.0,0.0,0.0
2022-09-26,0.0,0.0,0.0,0.0
2022-09-27,0.0,0.0,0.0,0.0
2022-09-28,0.0,0.0,0.0,0.0
2022-09-29,0.0,0.0,0.0,0.0
2022-09-30,0.0,0.0,0.0,0.0
2022-10-01,0.0,0.0,0.0,0.0
2022-10-02,0.0,0.0,0.0,0.0
2022-10-03,0.0,0.0,0.0,0.0
2022-10-04,0.0,0.0,0.0,0.0
2022-10-05,0.0,0.0,0.0,0.0
2022-10-06,0.0,0.0,0.0,0.0
2022-10-07,0.0,0.0,0.0,0.0
2022-10-08,0.0,0.0,0.0,0.0
2022-10-09,0.0,0.0,0.0,0.0
2022-10-10,97770.09999999999,69616.26,43865.100000000006,40251.6
2022-10-11,0.0,0.0,0.0,0.0
2022-10-12,95735.4,69616.26,43865.100000000006,40251.6
2022-10-13,95735.4,67077.432,43865.100000000006,40251.6
2022-10-14,93760.0,67077.432,43865.100000000006,40251.6
2022-10-15,0.0,0.0,0.0,0.0
2022-10-16,0.0,0.0,0.0,0.0
2022-10-17,93760.0,64302.916000000005,43865.100000000006,40251.6
2022-10-18,93760.0,64302.916000000005,40177.5,40251.6
2022-10-19,0.0,0.0,0.0,0.0
2022-10-20,0.0,0.0,0.0,0.0
2022-10-21,0.0,0.0,0.0,0.0
2022-10-22,0.0,0.0,0.0,0.0
2022-10-23,0.0,0.0,0.0,0.0
2022-10-24,95609.09999999999,64302.916000000005,40177.5,40251.6
2022-10-25,95609.09999999999,67020.042,40177.5,40251.6
2022-10-26,95609.09999999999,64228.17,40177.5,40251.6
2022-10-27,0.0,0.0,0.0,0.0
2022-10-28,97548.59999999999,66962.652,40177.5,40251.6
2022-10-29,0.0,0.0,0.0,0.0
2022-10-30,0.0,0.0,0.0,0.0
2022-10-31,0.0,0.0,0.0,0.0
2022-11-01,95524.90000000001,66962.652,36295.0,40251.6
2022-11-02,95524.90000000001,64174.78,36295.0,40251.6
2022-11-03,95524.90000000001,64174.78,39382.0,40251.6
2022-11-04,93366.0,64174.78,39382.0,40251.6
2022-11-05,0.0,0.0,0.0,0.0
2022-11-06,0.0,0.0,0.0,0.0
2022-11-07,0.0,0.0,0.0,0.0
2022-11-08,93366.0,64174.78,39382.0,36470.5
2022-11-09,93366.0,61164.576,39382.0,32447.399999999998
2022-11-10,0.0,0.0,0.0,0.0
2022-11-11,93366.0,61164.576,36294.4,32447.399999999998
2022-11-12,0.0,0.0,0.0,0.0
2022-11-13,0.0,0.0,0.0,0.0
2022-11-14,0.0,0.0,0.0,0.0
2022-11-15,0.0,0.0,0.0,0.0
2022-11-16,0.0,0.0,0.0,0.0
2022-11-17,0.0,0.0,0.0,0.0
2022-11-18,0.0,0.0,0.0,0.0
2022-11-19,0.0,0.0,0.0,0.0
2022-11-20,0.0,0.0,0.0,0.0
2022-11-21,0.0,0.0,0.0,0.0
2022-11-22,95298.0,61164.576,36294.4,32447.399999999998
2022-11-23,0.0,0.0,0.0,0.0
2022-11-24,0.0,0.0,0.0,0.0
2022-11-25,0.0,0.0,0.0,0.0
2022-11-26,0.0,0.0,0.0,0.0
2022-11-27,0.0,0.0,0.0,0.0
2022-11-28,97195.79999999999,64057.32199999999,36294.4,32447.399999999998
2022-11-29,95214.0,61085.552,36294.4,32447.399999999998
2022-11-30,0.0,0.0,0.0,0.0
2022-12-01,0.0,0.0,0.0,0.0
2022-12-02,92972.79999999999,61085.552,36294.4,32447.399999999998
2022-12-03,0.0,0.0,0.0,0.0
2022-12-04,0.0,0.0,0.0,0.0
2022-12-05,0.0,0.0,0.0,0.0
2022-12-06,0.0,0.0,0.0,0.0
2022-12-07,92972.79999999999,61085.552,40006.0,32447.399999999998
2022-12-08,0.0,0.0,0.0,0.0
2022-12-09,0.0,0.0,0.0,0.0
2022-12-10,0.0,0.0,0.0,0.0
2022-12-11,0.0,0.0,0.0,0.0
2022-12-12,0.0,0.0,0.0,0.0
2022-12-13,0.0,0.0,0.0,0.0
2022-12-14,0.0,0.0,0.0,0.0
2022-12-15,0.0,0.0,0.0,0.0
2022-12-16,0.0,0.0,0.0,0.0
2022-12-17,0.0,0.0,0.0,0.0
2022-12-18,0.0,0.0,0.0,0.0
2022-12-19,92972.79999999999,64025.28800000001,40006.0,32447.399999999998
2022-12-20,94861.59999999999,64025.28800000001,43631.0,32447.399999999998
2022-12-21,0.0,0.0,0.0,0.0
2022-12-22,94861.59999999999,66733.092,43631.0,32447.399999999998
2022-12-23,0.0,0.0,0.0,0.0
2022-12-24,0.0,0.0,0.0,0.0
2022-12-25,0.0,0.0,0.0,0.0
2022-12-26,0.0,0.0,0.0,0.0
2022-12-27,0.0,0.0,0.0,0.0
2022-12-28,0.0,0.0,0.0,0.0
2022-12-29,0.0,0.0,0.0,0.0
2022-12-30,0.0,0.0,0.0,0.0
2022-12-31,0.0,0.0,0.0,0.0
2023-01-01,0.0,0.0,0.0,0.0
2023-01-02,0.0,0.0,0.0,0.0
2023-01-03,0.0,0.0,0.0,0.0
2023-01-04,0.0,0.0,0.0,0.0
2023-01-05,92580.4,63971.897999999994,43631.0,32447.399999999998
2023-01-06,0.0,0.0,0.0,0.0
2023-01-07,0.0,0.0,0.0,0.0
2023-01-08,0.0,0.0,0.0,0.0
2023-01-09,0.0,0.0,0.0,0.0
2023-01-10,90315.20000000001,63971.897999999994,43631.0,32447.399999999998
2023-01-11,0.0,0.0,0.0,0.0
2023-01-12,0.0,0.0,0.0,0.0
2023-01-13,0.0,0.0,0.0,0.0
2023-01-14,0.0,0.0,0.0,0.0
2023-01-15,0.0,0.0,0.0,0.0
2023-01-16,88110.0,60967.015999999996,43631.0,32447.399999999998
2023-01-17,0.0,0.0,0.0,0.0
2023-01-18,0.0,0.0,0.0,0.0
2023-01-19,0.0,0.0,0.0,0.0
2023-01-20,88110.0,60967.015999999996,43631.0,28735.000000000004
2023-01-21,0.0,0.0,0.0,0.0
2023-01-22,0.0,0.0,0.0,0.0
2023-01-23,0.0,0.0,0.0,0.0
2023-01-24,0.0,0.0,0.0,0.0
2023-01-25,0.0,0.0,0.0,0.0
2023-01-26,0.0,0.0,0.0,0.0
2023-01-27,0.0,0.0,0.0,0.0
2023-01-28,0.0,0.0,0.0,0.0
2023-01-29,0.0,0.0,0.0,0.0
2023-01-30,86486.4,57790.547999999995,40512.0,28735.000000000004
2023-01-31,0.0,0.0,0.0,0.0
2023-02-01,88608.0,57790.547999999995,40512.0,28735.000000000004
2023-02-02,0.0,0.0,0.0,0.0
2023-02-03,88608.0,57790.547999999995,36753.3,28735.000000000004
2023-02-04,0.0,0.0,0.0,0.0
2023-02-05,0.0,0.0,0.0,0.0
2023-02-06,0.0,0.0,0.0,0.0
2023-02-07,0.0,0.0,0.0,0.0
2023-02-08,0.0,0.0,0.0,0.0
2023-02-09,0.0,0.0,0.0,0.0
2023-02-10,0.0,0.0,0.0,0.0
2023-02-11,0.0,0.0,0.0,0.0
2023-02-12,0.0,0.0,0.0,0.0
2023-02-13,0.0,0.0,0.0,0.0
2023-02-14,0.0,0.0,0.0,0.0
2023-02-15,0.0,0.0,0.0,0.0
2023-02-16,0.0,0.0,0.0,0.0
2023-02-17,90787.5,57790.547999999995,36753.3,28735.000000000004
2023-02-18,0.0,0.0,0.0,0.0
2023-02-19,0.0,0.0,0.0,0.0
2023-02-20,0.0,0.0,0.0,0.0
2023-02-21,0.0,0.0,0.0,0.0
2023-02-22,0.0,0.0,0.0,0.0
2023-02-23,0.0,0.0,0.0,0.0
2023-02-24,0.0,0.0,0.0,0.0
2023-02-25,0.0,0.0,0.0,0.0
2023-02-26,0.0,0.0,0.0,0.0
2023-02-27,92706.5,57790.547999999995,36753.3,28735.000000000004
2023-02-28,0.0,0.0,0.0,0.0
2023-03-01,0.0,0.0,0.0,0.0
2023-03-02,92706.5,57790.547999999995,40391.0,28735.000000000004
2023-03-03,0.0,0.0,0.0,0.0
2023-03-04,0.0,0.0,0.0,0.0
2023-03-05,0.0,0.0,0.0,0.0
2023-03-06,92706.5,57790.547999999995,36494.9,28735.000000000004
2023-03-07,0.0,0.0,0.0,0.0
2023-03-08,0.0,0.0,0.0,0.0
2023-03-09,0.0,0.0,0.0,0.0
2023-03-10,0.0,0.0,0.0,0.0
2023-03-11,0.0,0.0,0.0,0.0
2023-03-12,0.0,0.0,0.0,0.0
2023-03-13,94681.59999999999,57790.547999999995,40174.4,28735.000000000004
2023-03-14,94681.59999999999,60359.594,40174.4,28735.000000000004
2023-03-15,0.0,0.0,0.0,0.0
2023-03-16,0.0,0.0,0.0,0.0
2023-03-17,94681.59999999999,60359.594,36862.8,28735.000000000004
2023-03-18,0.0,0.0,0.0,0.0
2023-03-19,0.0,0.0,0.0,0.0
2023-03-20,94681.59999999999,60359.594,36862.8,24771.8
2023-03-21,0.0,0.0,0.0,0.0
2023-03-22,0.0,0.0,0.0,0.0
2023-03-23,0.0,0.0,0.0,0.0
2023-03-24,0.0,0.0,0.0,0.0
2023-03-25,0.0,0.0,0.0,0.0
2023-03-26,0.0,0.0,0.0,0.0
2023-03-27,0.0,0.0,0.0,0.0
2023-03-28,0.0,0.0,0.0,0.0
2023-03-29,0.0,0.0,0.0,0.0
2023-03-30,0.0,0.0,0.0,0.0
2023-03-31,94681.59999999999,57091.102,32923.200000000004,24771.8
2023-04-01,0.0,0.0,0.0,0.0
2023-04-02,0.0,0.0,0.0,0.0
2023-04-03,92667.0,57091.102,32923.200000000004,24771.8
2023-04-04,0.0,0.0,0.0,0.0
2023-04-05,0.0,0.0,0.0,0.0
2023-04-06,0.0,0.0,0.0,0.0
2023-04-07,0.0,0.0,0.0,0.0
2023-04-08,0.0,0.0,0.0,0.0
2023-04-09,0.0,0.0,0.0,0.0
2023-04-10,0.0,0.0,0.0,0.0
2023-04-11,0.0,0.0,0.0,0.0
2023-04-12,0.0,0.0,0.0,0.0
2023-04-13,0.0,0.0,0.0,0.0
2023-04-14,0.0,0.0,0.0,0.0
2023-04-15,0.0,0.0,0.0,0.0
2023-04-16,0.0,0.0,0.0,0.0
2023-04-17,0.0,0.0,0.0,0.0
2023-04-18,0.0,0.0,0.0,0.0
2023-04-19,0.0,0.0,0.0,0.0
2023-04-20,0.0,0.0,0.0,0.0
2023-04-21,94640.0,57091.102,32923.200000000004,24771.8
2023-04-22,0.0,0.0,0.0,0.0
2023-04-23,0.0,0.0,0.0,0.0
2023-04-24,0.0,0.0,0.0,0.0
2023-04-25,96402.2,59684.225999999995,32923.200000000004,24771.8
2023-04-26,0.0,0.0,0.0,0.0
2023-04-27,0.0,0.0,0.0,0.0
2023-04-28,0.0,0.0,0.0,0.0
2023-04-29,0.0,0.0,0.0,0.0
2023-04-30,0.0,0.0,0.0,0.0
2023-05-01,0.0,0.0,0.0,0.0
2023-05-02,0.0,0.0,0.0,0.0
2023-05-03,0.0,0.0,0.0,0.0
2023-05-04,96402.2,59684.225999999995,32923.200000000004,20727.0
2023-05-05,0.0,0.0,0.0,0.0
2023-05-06,0.0,0.0,0.0,0.0
2023-05-07,0.0,0.0,0.0,0.0
2023-05-08,0.0,0.0,0.0,0.0
2023-05-09,0.0,0.0,0.0,0.0
2023-05-10,0.0,0.0,0.0,0.0
2023-05-11,96402.2,59684.225999999995,28858.0,20727.0
2023-05-12,0.0,0.0,0.0,0.0
2023-05-13,0.0,0.0,0.0,0.0
2023-05-14,0.0,0.0,0.0,0.0
2023-05-15,0.0,0.0,0.0,0.0
2023-05-16,0.0,0.0,0.0,0.0
2023-05-17,0.0,0.0,0.0,0.0
2023-05-18,96402.2,59684.225999999995,24612.6,20727.0
2023-05-19,0.0,0.0,0.0,0.0
2023-05-20,0.0,0.0,0.0,0.0
2023-05-21,0.0,0.0,0.0,0.0
2023-05-22,0.0,0.0,0.0,0.0
2023-05-23,96402.2,59684.225999999995,20300.0,20727.0
2023-05-24,0.0,0.0,0.0,0.0
2023-05-25,96402.2,62658.44,20300.0,20727.0
2023-05-26,0.0,0.0,0.0,0.0
2023-05-27,0.0,0.0,0.0,0.0
2023-05-28,0.0,0.0,0.0,0.0
2023-05-29,98134.2,62658.44,15759.0,20727.0
2023-05-30,0.0,0.0,0.0,0.0
2023-05-31,0.0,0.0,0.0,0.0
2023-06-01,0.0,0.0,0.0,0.0
2023-06-02,98134.2,59616.48,15759.0,20727.0
2023-06-03,0.0,0.0,0.0,0.0
2023-06-04,0.0,0.0,0.0,0.0
2023-06-05,0.0,0.0,0.0,0.0
2023-06-06,0.0,0.0,0.0,0.0
2023-06-07,99918.59999999999,59616.48,15759.0,20727.0
2023-06-08,0.0,0.0,0.0,0.0
2023-06-09,0.0,0.0,0.0,0.0
2023-06-10,0.0,0.0,0.0,0.0
2023-06-11,0.0,0.0,0.0,0.0
2023-06-12,0.0,0.0,0.0,0.0
2023-06-13,99918.59999999999,59616.48,11329.5,20727.0
2023-06-14,0.0,0.0,0.0,0.0
2023-06-15,97874.6,59616.48,11329.5,20727.0
2023-06-16,95830.5,59616.48,11329.5,20727.0
2023-06-17,0.0,0.0,0.0,0.0
2023-06-18,0.0,0.0,0.0,0.0
2023-06-19,0.0,0.0,0.0,0.0
2023-06-20,0.0,0.0,0.0,0.0
2023-06-21,0.0,0.0,0.0,0.0
2023-06-22,0.0,0.0,0.0,0.0
2023-06-23,0.0,0.0,0.0,0.0
2023-06-24,0.0,0.0,0.0,0.0
2023-06-25,0.0,0.0,0.0,0.0
2023-06-26,97615.20000000001,62606.049999999996,11329.5,20727.0
2023-06-27,0.0,0.0,0.0,0.0
2023-06-28,0.0,0.0,0.0,0.0
2023-06-29,0.0,0.0,0.0,0.0
2023-06-30,0.0,0.0,0.0,0.0
2023-07-01,0.0,0.0,0.0,0.0
2023-07-02,0.0,0.0,0.0,0.0
2023-07-03,97615.20000000001,62606.049999999996,6584.400000000001,20727.0
2023-07-04,0.0,0.0,0.0,0.0
2023-07-05,0.0,0.0,0.0,0.0
2023-07-06,0.0,0.0,0.0,0.0
2023-07-07,0.0,0.0,0.0,0.0
2023-07-08,0.0,0.0,0.0,0.0
2023-07-09,0.0,0.0,0.0,0.0
2023-07-10,0.0,0.0,0.0,0.0
2023-07-11,0.0,0.0,0.0,0.0
2023-07-12,0.0,0.0,0.0,0.0
2023-07-13,0.0,0.0,0.0,0.0
2023-07-14,0.0,0.0,0.0,0.0
2023-07-15,0.0,0.0,0.0,0.0
2023-07-16,0.0,0.0,0.0,0.0
2023-07-17,0.0,0.0,0.0,0.0
2023-07-18,0.0,0.0,0.0,0.0
2023-07-19,97615.20000000001,62606.049999999996,1729.5,20727.0
2023-07-20,0.0,0.0,0.0,0.0
2023-07-21,0.0,0.0,0.0,0.0
2023-07-22,0.0,0.0,0.0,0.0
2023-07-23,0.0,0.0,0.0,0.0
2023-07-24,0.0,0.0,0.0,0.0
2023-07-25,0.0,0.0,0.0,0.0
2023-07-26,0.0,0.0,0.0,0.0
2023-07-27,0.0,0.0,0.0,0.0
2023-07-28,97615.20000000001,59577.768,1729.5,20727.0
2023-07-29,0.0,0.0,0.0,0.0
2023-07-30,0.0,0.0,0.0,0.0
2023-07-31,0.0,0.0,0.0,0.0
2023-08-01,0.0,0.0,0.0,0.0
2023-08-02,0.0,0.0,0.0,0.0
2023-08-03,97615.20000000001,59577.768,6484.400000000001,20727.0
2023-08-04,95914.0,59577.768,6484.400000000001,20727.0
2023-08-05,0.0,0.0,0.0,0.0
2023-08-06,0.0,0.0,0.0,0.0
2023-08-07,0.0,0.0,0.0,0.0
2023-08-08,0.0,0.0,0.0,0.0
2023-08-09,0.0,0.0,0.0,0.0
2023-08-10,0.0,0.0,0.0,0.0
2023-08-11,97720.79999999999,59577.768,6484.400000000001,20727.0
2023-08-12,0.0,0.0,0.0,0.0
2023-08-13,0.0,0.0,0.0,0.0
2023-08-14,97720.79999999999,62564.138,6484.400000000001,20727.0
2023-08-15,0.0,0.0,0.0,0.0
2023-08-16,0.0,0.0,0.0,0.0
2023-08-17,99488.3,62564.138,6484.400000000001,20727.0
2023-08-18,99488.3,62564.138,11056.800000000001,20727.0
2023-08-19,0.0,0.0,0.0,0.0
2023-08-20,0.0,0.0,0.0,0.0
2023-08-21,0.0,0.0,0.0,0.0
2023-08-22,101253.9,65310.898,11056.800000000001,20727.0
2023-08-23,0.0,0.0,0.0,0.0
2023-08-24,101253.9,65310.898,6327.999999999999,20727.0
2023-08-25,101253.9,65310.898,10960.0,20727.0
2023-08-26,0.0,0.0,0.0,0.0
2023-08-27,0.0,0.0,0.0,0.0
2023-08-28,103211.2,65333.454000000005,10960.0,20727.0
2023-08-29,0.0,0.0,0.0,0.0
2023-08-30,103211.2,65333.454000000005,6242.5,20727.0
2023-08-31,0.0,0.0,0.0,0.0
2023-09-01,0.0,0.0,0.0,0.0
2023-09-02,0.0,0.0,0.0,0.0
2023-09-03,0.0,0.0,0.0,0.0
2023-09-04,0.0,0.0,0.0,0.0
2023-09-05,0.0,0.0,0.0,0.0
2023-09-06,0.0,0.0,0.0,0.0
2023-09-07,0.0,0.0,0.0,0.0
2023-09-08,104884.4,65333.454000000005,6242.5,20727.0
2023-09-09,0.0,0.0,0.0,0.0
2023-09-10,0.0,0.0,0.0,0.0
2023-09-11,104884.4,65333.454000000005,6242.5,16358.399999999998
2023-09-12,0.0,0.0,0.0,0.0
2023-09-13,0.0,0.0,0.0,0.0
2023-09-14,0.0,0.0,0.0,0.0
2023-09-15,0.0,0.0,0.0,0.0
2023-09-16,0.0,0.0,0.0,0.0
2023-09-17,0.0,0.0,0.0,0.0
2023-09-18,0.0,0.0,0.0,0.0
2023-09-19,0.0,0.0,0.0,0.0
2023-09-20,0.0,0.0,0.0,0.0
2023-09-21,106398.1,65333.454000000005,10890.0,16358.399999999998
2023-09-22,0.0,0.0,0.0,0.0
2023-09-23,0.0,0.0,0.0,0.0
2023-09-24,0.0,0.0,0.0,0.0
2023-09-25,0.0,0.0,0.0,0.0
2023-09-26,0.0,0.0,0.0,0.0
2023-09-27,0.0,0.0,0.0,0.0
2023-09-28,0.0,0.0,0.0,0.0
2023-09-29,0.0,0.0,0.0,0.0
2023-09-30,0.0,0.0,0.0,0.0
2023-10-01,0.0,0.0,0.0,0.0
2023-10-02,0.0,0.0,0.0,0.0
2023-10-03,0.0,0.0,0.0,0.0
2023-10-04,0.0,0.0,0.0,0.0
2023-10-05,0.0,0.0,0.0,0.0
2023-10-06,0.0,0.0,0.0,0.0
2023-10-07,0.0,0.0,0.0,0.0
2023-10-08,0.0,0.0,0.0,0.0
2023-10-09,106398.1,65333.454000000005,10890.0,20694.1
2023-10-10,0.0,0.0,0.0,0.0
2023-10-11,0.0,0.0,0.0,0.0
2023-10-12,0.0,0.0,0.0,0.0
2023-10-13,0.0,0.0,0.0,0.0
2023-10-14,0.0,0.0,0.0,0.0
2023-10-15,0.0,0.0,0.0,0.0
2023-10-16,0.0,0.0,0.0,0.0
2023-10-17,0.0,0.0,0.0,0.0
2023-10-18,106398.1,67866.28199999999,10890.0,20694.1
2023-10-19,107884.8,67866.28199999999,10890.0,16372.8
2023-10-20,0.0,0.0,0.0,0.0
2023-10-21,0.0,0.0,0.0,0.0
2023-10-22,0.0,0.0,0.0,0.0
2023-10-23,109323.2,70146.466,10890.0,16372.8
2023-10-24,0.0,0.0,0.0,0.0
2023-10-25,0.0,0.0,0.0,0.0
2023-10-26,109323.2,70146.466,15163.199999999999,16372.8
2023-10-27,107582.5,67208.55799999999,15163.199999999999,16372.8
2023-10-28,0.0,0.0,0.0,0.0
2023-10-29,0.0,0.0,0.0,0.0
2023-10-30,105847.2,67208.55799999999,15163.199999999999,16372.8
2023-10-31,0.0,0.0,0.0,0.0
2023-11-01,0.0,0.0,0.0,0.0
2023-11-02,105847.2,67208.55799999999,10573.0,16372.8
2023-11-03,0.0,0.0,0.0,0.0
2023-11-04,0.0,0.0,0.0,0.0
2023-11-05,0.0,0.0,0.0,0.0
2023-11-06,0.0,0.0,0.0,0.0
2023-11-07,0.0,0.0,0.0,0.0
2023-11-08,105847.2,67208.55799999999,5839.6,16372.8
2023-11-09,0.0,0.0,0.0,0.0
2023-11-10,0.0,0.0,0.0,0.0
2023-11-11,0.0,0.0,0.0,0.0
2023-11-12,0.0,0.0,0.0,0.0
2023-11-13,0.0,0.0,0.0,0.0
2023-11-14,0.0,0.0,0.0,0.0
2023-11-15,105847.2,64608.840000000004,932.0,16372.8
2023-11-16,0.0,0.0,0.0,0.0
2023-11-17,0.0,0.0,0.0,0.0
2023-11-18,0.0,0.0,0.0,0.0
2023-11-19,0.0,0.0,0.0,0.0
2023-11-20,0.0,0.0,0.0,0.0
2023-11-21,0.0,0.0,0.0,0.0
2023-11-22,0.0,0.0,0.0,0.0
2023-11-23,0.0,0.0,0.0,0.0
2023-11-24,0.0,0.0,0.0,0.0
2023-11-25,0.0,0.0,0.0,0.0
2023-11-26,0.0,0.0,0.0,0.0
2023-11-27,107338.0,64608.840000000004,932.0,16372.8
2023-11-28,0.0,0.0,0.0,0.0
2023-11-29,0.0,0.0,0.0,0.0
2023-11-30,107338.0,67148.668,932.0,16372.8
2023-12-01,0.0,0.0,0.0,0.0
2023-12-02,0.0,0.0,0.0,0.0
2023-12-03,0.0,0.0,0.0,0.0
2023-12-04,0.0,0.0,0.0,0.0
2023-12-05,0.0,0.0,0.0,0.0
2023-12-06,0.0,0.0,0.0,0.0
2023-12-07,0.0,0.0,0.0,0.0
2023-12-08,0.0,0.0,0.0,0.0
2023-12-09,0.0,0.0,0.0,0.0
2023-12-10,0.0,0.0,0.0,0.0
2023-12-11,0.0,0.0,0.0,0.0
2023-12-12,0.0,0.0,0.0,0.0
2023-12-13,0.0,0.0,0.0,0.0
2023-12-14,108780.0,67148.668,79945.59999999999,16372.8
2023-12-15,0.0,0.0,0.0,0.0
2023-12-16,0.0,0.0,0.0,0.0
2023-12-17,0.0,0.0,0.0,0.0
2023-12-18,0.0,0.0,0.0,0.0
2023-12-19,0.0,0.0,0.0,0.0
2023-12-20,110226.6,69473.986,79945.59999999999,16372.8
2023-12-21,0.0,0.0,0.0,0.0
2023-12-22,0.0,0.0,0.0,0.0
2023-12-23,0.0,0.0,0.0,0.0
2023-12-24,0.0,0.0,0.0,0.0
2023-12-25,0.0,0.0,0.0,0.0
2023-12-26,0.0,0.0,0.0,0.0
2023-12-27,0.0,0.0,0.0,0.0
2023-12-28,108538.8,69473.986,79945.59999999999,12183.6
2023-12-29,0.0,0.0,0.0,0.0
2023-12-30,0.0,0.0,0.0,0.0
2023-12-31,0.0,0.0,0.0,0.0
2024-01-01,0.0,0.0,0.0,0.0
2024-01-02,0.0,0.0,0.0,0.0
2024-01-03,0.0,0.0,0.0,0.0
2024-01-04,109988.2,69473.986,79945.59999999999,12183.6
2024-01-05,0.0,0.0,0.0,0.0
2024-01-06,0.0,0.0,0.0,0.0
2024-01-07,0.0,0.0,0.0,0.0
2024-01-08,111441.59999999999,72110.416,79945.59999999999,12183.6
2024-01-09,0.0,0.0,0.0,0.0
2024-01-10,0.0,0.0,0.0,0.0
2024-01-11,0.0,0.0,0.0,0.0
2024-01-12,0.0,0.0,0.0,0.0
2024-01-13,0.0,0.0,0.0,0.0
2024-01-14,0.0,0.0,0.0,0.0
2024-01-15,0.0,0.0,0.0,0.0
2024-01-16,0.0,0.0,0.0,0.0
2024-01-17,0.0,0.0,0.0,0.0
2024-01-18,112421.79999999999,74522.736,79945.59999999999,12183.6
2024-01-19,112421.79999999999,74522.736,77314.3,12183.6
2024-01-20,0.0,0.0,0.0,0.0
2024-01-21,0.0,0.0,0.0,0.0
2024-01-22,112421.79999999999,76724.446,74565.7,12183.6
2024-01-23,112421.79999999999,76693.49,74565.7,12183.6
2024-01-24,0.0,0.0,0.0,0.0
2024-01-25,112421.79999999999,73910.19,74565.7,12183.6
2024-01-26,0.0,0.0,0.0,0.0
2024-01-27,0.0,0.0,0.0,0.0
2024-01-28,0.0,0.0,0.0,0.0
2024-01-29,113794.8,73910.19,74565.7,12183.6
2024-01-30,115171.2,76121.1,74565.7,12183.6
2024-01-31,115171.2,78614.4,74565.7,12183.6
2024-02-01,0.0,0.0,0.0,0.0
2024-02-02,116477.59999999999,80394.534,74565.7,12183.6
2024-02-03,0.0,0.0,0.0,0.0
2024-02-04,0.0,0.0,0.0,0.0
2024-02-05,114935.79999999999,79723.098,74565.7,12183.6
2024-02-06,113316.0,74063.136,74565.7,12183.6
2024-02-07,111695.5,68749.62599999999,74565.7,12183.6
2024-02-08,110135.3,66006.528,74565.7,12183.6
2024-02-09,0.0,0.0,0.0,0.0
2024-02-10,0.0,0.0,0.0,0.0
2024-02-11,0.0,0.0,0.0,0.0
2024-02-12,0.0,0.0,0.0,0.0
2024-02-13,0.0,0.0,0.0,0.0
2024-02-14,0.0,0.0,0.0,0.0
2024-02-15,0.0,0.0,0.0,0.0
2024-02-16,0.0,0.0,0.0,0.0
2024-02-17,0.0,0.0,0.0,0.0
2024-02-18,0.0,0.0,0.0,0.0
2024-02-19,110135.3,68644.20199999999,74565.7,12183.6
2024-02-20,0.0,0.0,0.0,0.0
2024-02-21,0.0,0.0,0.0,0.0
2024-02-22,0.0,0.0,0.0,0.0
2024-02-23,110135.3,68644.20199999999,71916.8,12183.6
2024-02-24,0.0,0.0,0.0,0.0
2024-02-25,0.0,0.0,0.0,0.0
2024-02-26,0.0,0.0,0.0,0.0
2024-02-27,110135.3,65883.74799999999,71916.8,12183.6
2024-02-28,108562.0,65883.74799999999,71916.8,12183.6
2024-02-29,108263.1,65883.74799999999,71916.8,12183.6
2024-03-01,0.0,0.0,0.0,0.0
2024-03-02,0.0,0.0,0.0,0.0
2024-03-03,0.0,0.0,0.0,0.0
2024-03-04,0.0,0.0,0.0,0.0
2024-03-05,0.0,0.0,0.0,0.0
2024-03-06,0.0,0.0,0.0,0.0
2024-03-07,108263.1,65883.74799999999,71916.8,7755.200000000001
2024-03-08,0.0,0.0,0.0,0.0
2024-03-09,0.0,0.0,0.0,0.0
2024-03-10,0.0,0.0,0.0,0.0
2024-03-11,106498.2,62908.962,71916.8,7755.200000000001
2024-03-12,104791.20000000001,62908.962,71916.8,7755.200000000001
2024-03-13,0.0,0.0,0.0,0.0
2024-03-14,0.0,0.0,0.0,0.0
2024-03-15,106318.0,62908.962,71916.8,7755.200000000001
2024-03-16,0.0,0.0,0.0,0.0
2024-03-17,0.0,0.0,0.0,0.0
2024-03-18,104605.40000000001,62908.962,71916.8,7755.200000000001
2024-03-19,0.0,0.0,0.0,0.0
2024-03-20,0.0,0.0,0.0,0.0
2024-03-21,0.0,0.0,0.0,0.0
2024-03-22,0.0,0.0,0.0,0.0
2024-03-23,0.0,0.0,0.0,0.0
2024-03-24,0.0,0.0,0.0,0.0
2024-03-25,106137.8,62908.962,71916.8,7755.200000000001
2024-03-26,106137.8,65834.636,71916.8,7755.200000000001
2024-03-27,107615.20000000001,65834.636,71916.8,7755.200000000001
2024-03-28,107615.20000000001,65834.636,71916.8,3000.0
2024-03-29,0.0,0.0,0.0,0.0
2024-03-30,0.0,0.0,0.0,0.0
2024-03-31,0.0,0.0,0.0,0.0
2024-04-01,105840.0,65834.636,71916.8,79510.2
2024-04-02,0.0,0.0,0.0,0.0
2024-04-03,0.0,0.0,0.0,0.0
2024-04-04,0.0,0.0,0.0,0.0
2024-04-05,0.0,0.0,0.0,0.0
2024-04-06,0.0,0.0,0.0,0.0
2024-04-07,0.0,0.0,0.0,0.0
2024-04-08,105840.0,65834.636,71916.8,77212.5
2024-04-09,0.0,0.0,0.0,0.0
2024-04-10,107379.0,65834.636,71916.8,77212.5
2024-04-11,0.0,0.0,0.0,0.0
2024-04-12,107379.0,65834.636,71916.8,74609.59999999999
2024-04-13,0.0,0.0,0.0,0.0
2024-04-14,0.0,0.0,0.0,0.0
2024-04-15,0.0,0.0,0.0,0.0
2024-04-16,0.0,0.0,0.0,0.0
2024-04-17,0.0,0.0,0.0,0.0
2024-04-18,107379.0,65834.636,74426.09999999999,74609.59999999999
2024-04-19,108859.90000000001,65834.636,74426.09999999999,74609.59999999999
2024-04-20,0.0,0.0,0.0,0.0
2024-04-21,0.0,0.0,0.0,0.0
2024-04-22,0.0,0.0,0.0,0.0
2024-04-23,108859.90000000001,65834.636,74426.09999999999,77125.5
2024-04-24,0.0,0.0,0.0,0.0
2024-04-25,0.0,0.0,0.0,0.0
2024-04-26,107081.6,65834.636,74426.09999999999,77125.5
2024-04-27,0.0,0.0,0.0,0.0
2024-04-28,0.0,0.0,0.0,0.0
2024-04-29,103582.7,62840.693999999996,74426.09999999999,77125.5
2024-04-30,0.0,0.0,0.0,0.0
2024-05-01,0.0,0.0,0.0,0.0
2024-05-02,0.0,0.0,0.0,0.0
2024-05-03,0.0,0.0,0.0,0.0
2024-05-04,0.0,0.0,0.0,0.0
2024-05-05,0.0,0.0,0.0,0.0
2024-05-06,0.0,0.0,0.0,0.0
2024-05-07,0.0,0.0,0.0,0.0
2024-05-08,0.0,0.0,0.0,0.0
2024-05-09,0.0,0.0,0.0,0.0
2024-05-10,103582.7,62840.693999999996,71544.0,77125.5
2024-05-11,0.0,0.0,0.0,0.0
2024-05-12,0.0,0.0,0.0,0.0
2024-05-13,0.0,0.0,0.0,0.0
2024-05-14,0.0,0.0,0.0,0.0
2024-05-15,105124.5,62840.693999999996,71544.0,77125.5
2024-05-16,0.0,0.0,0.0,0.0
2024-05-17,0.0,0.0,0.0,0.0
2024-05-18,0.0,0.0,0.0,0.0
2024-05-19,0.0,0.0,0.0,0.0
2024-05-20,105124.5,62840.693999999996,71544.0,75126.4
2024-05-21,105124.5,62840.693999999996,68932.5,75126.4
2024-05-22,0.0,0.0,0.0,0.0
2024-05-23,105124.5,62840.693999999996,68932.5,77633.0
2024-05-24,105124.5,65773.246,68932.5,77633.0
2024-05-25,0.0,0.0,0.0,0.0
2024-05-26,0.0,0.0,0.0,0.0
2024-05-27,0.0,0.0,0.0,0.0
2024-05-28,0.0,0.0,0.0,0.0
2024-05-29,0.0,0.0,0.0,0.0
2024-05-30,0.0,0.0,0.0,0.0
2024-05-31,0.0,0.0,0.0,0.0
2024-06-01,0.0,0.0,0.0,0.0
2024-06-02,0.0,0.0,0.0,0.0
2024-06-03,0.0,0.0,0.0,0.0
2024-06-04,0.0,0.0,0.0,0.0
2024-06-05,0.0,0.0,0.0,0.0
2024-06-06,0.0,0.0,0.0,0.0
2024-06-07,106671.6,65773.246,68932.5,77633.0
2024-06-08,0.0,0.0,0.0,0.0
2024-06-09,0.0,0.0,0.0,0.0
2024-06-10,0.0,0.0,0.0,0.0
2024-06-11,0.0,0.0,0.0,0.0
2024-06-12,106671.6,65773.246,66035.2,77633.0
2024-06-13,0.0,0.0,0.0,0.0
2024-06-14,0.0,0.0,0.0,0.0
2024-06-15,0.0,0.0,0.0,0.0
2024-06-16,0.0,0.0,0.0,0.0
2024-06-17,0.0,0.0,0.0,0.0
2024-06-18,106671.6,65773.246,63233.8,77633.0
2024-06-19,0.0,0.0,0.0,0.0
2024-06-20,106671.6,68433.35399999999,63233.8,77633.0
2024-06-21,0.0,0.0,0.0,0.0
2024-06-22,0.0,0.0,0.0,0.0
2024-06-23,0.0,0.0,0.0,0.0
2024-06-24,0.0,0.0,0.0,0.0
2024-06-25,108160.0,70868.652,63233.8,77633.0
2024-06-26,0.0,0.0,0.0,0.0
2024-06-27,0.0,0.0,0.0,0.0
2024-06-28,0.0,0.0,0.0,0.0
2024-06-29,0.0,0.0,0.0,0.0
2024-06-30,0.0,0.0,0.0,0.0
2024-07-01,109515.3,70868.652,63233.8,77633.0
2024-07-02,0.0,0.0,0.0,0.0
2024-07-03,109515.3,70868.652,60039.99999999999,77633.0
2024-07-04,0.0,0.0,0.0,0.0
2024-07-05,109515.3,73107.618,60039.99999999999,77633.0
2024-07-06,0.0,0.0,0.0,0.0
2024-07-07,0.0,0.0,0.0,0.0
2024-07-08,109515.3,73107.618,56774.899999999994,77633.0
2024-07-09,110931.3,73107.618,56774.899999999994,77633.0
2024-07-10,0.0,0.0,0.0,0.0
2024-07-11,109552.0,73107.618,56774.899999999994,77633.0
2024-07-12,109552.0,73107.618,59770.2,77633.0
2024-07-13,0.0,0.0,0.0,0.0
2024-07-14,0.0,0.0,0.0,0.0
2024-07-15,0.0,0.0,0.0,0.0
2024-07-16,109552.0,73107.618,56510.4,77633.0
2024-07-17,109552.0,73107.618,56510.4,76160.0
2024-07-18,109552.0,73107.618,58386.600000000006,76160.0
2024-07-19,107822.0,73107.618,58386.600000000006,78163.2
2024-07-20,0.0,0.0,0.0,0.0
2024-07-21,0.0,0.0,0.0,0.0
2024-07-22,0.0,0.0,0.0,0.0
2024-07-23,0.0,0.0,0.0,0.0
2024-07-24,109121.2,75623.874,58386.600000000006,78163.2
2024-07-25,109121.2,75623.874,60912.0,78163.2
2024-07-26,0.0,0.0,0.0,0.0
2024-07-27,0.0,0.0,0.0,0.0
2024-07-28,0.0,0.0,0.0,0.0
2024-07-29,0.0,0.0,0.0,0.0
2024-07-30,0.0,0.0,0.0,0.0
2024-07-31,109121.2,73137.574,60912.0,78163.2
2024-08-01,109121.2,73137.574,58160.5,78163.2
2024-08-02,109121.2,73137.574,60814.1,78163.2
2024-08-03,0.0,0.0,0.0,0.0
2024-08-04,0.0,0.0,0.0,0.0
2024-08-05,110474.5,73137.574,64937.299999999996,78163.2
2024-08-06,110474.5,73137.574,62124.0,78163.2
2024-08-07,0.0,0.0,0.0,0.0
2024-08-08,0.0,0.0,0.0,0.0
2024-08-09,0.0,0.0,0.0,0.0
2024-08-10,0.0,0.0,0.0,0.0
2024-08-11,0.0,0.0,0.0,0.0
2024-08-12,0.0,0.0,0.0,0.0
2024-08-13,110474.5,73137.574,58935.6,78163.2
2024-08-14,110474.5,75671.80799999999,58935.6,78163.2
2024-08-15,110474.5,75671.80799999999,55624.8,78163.2
2024-08-16,110474.5,75671.80799999999,52229.100000000006,78163.2
2024-08-17,0.0,0.0,0.0,0.0
2024-08-18,0.0,0.0,0.0,0.0
2024-08-19,0.0,0.0,0.0,0.0
2024-08-20,111893.59999999999,75671.80799999999,52229.100000000006,78163.2
2024-08-21,0.0,0.0,0.0,0.0
2024-08-22,0.0,0.0,0.0,0.0
2024-08-23,111893.59999999999,77979.954,52229.100000000006,78163.2
2024-08-24,0.0,0.0,0.0,0.0
2024-08-25,0.0,0.0,0.0,0.0
2024-08-26,0.0,0.0,0.0,0.0
2024-08-27,0.0,0.0,0.0,0.0
2024-08-28,0.0,0.0,0.0,0.0
2024-08-29,113012.00000000001,77979.954,55131.0,78163.2
2024-08-30,111376.40000000001,75591.918,55131.0,78163.2
2024-08-31,0.0,0.0,0.0,0.0
2024-09-01,0.0,0.0,0.0,0.0
2024-09-02,0.0,0.0,0.0,0.0
2024-09-03,0.0,0.0,0.0,0.0
2024-09-04,111376.40000000001,75591.918,58234.2,78163.2
2024-09-05,0.0,0.0,0.0,0.0
2024-09-06,0.0,0.0,0.0,0.0
2024-09-07,0.0,0.0,0.0,0.0
2024-09-08,0.0,0.0,0.0,0.0
2024-09-09,111376.40000000001,77895.064,58234.2,78163.2
2024-09-10,0.0,0.0,0.0,0.0
2024-09-11,0.0,0.0,0.0,0.0
2024-09-12,111376.40000000001,77895.064,55146.0,78163.2
2024-09-13,111376.40000000001,77895.064,55146.0,75775.5
2024-09-14,0.0,0.0,0.0,0.0
2024-09-15,0.0,0.0,0.0,0.0
2024-09-16,0.0,0.0,0.0,0.0
2024-09-17,0.0,0.0,0.0,0.0
2024-09-18,0.0,0.0,0.0,0.0
2024-09-19,0.0,0.0,0.0,0.0
2024-09-20,111376.40000000001,77895.064,51723.5,75775.5
2024-09-21,0.0,0.0,0.0,0.0
2024-09-22,0.0,0.0,0.0,0.0
2024-09-23,0.0,0.0,0.0,0.0
2024-09-24,109671.0,75703.76400000001,51723.5,75775.5
2024-09-25,108232.0,73302.332,51723.5,75775.5
2024-09-26,106448.6,70546.966,51723.5,75775.5
2024-09-27,101585.0,65517.64,54887.9,75775.5
2024-09-28,0.0,0.0,0.0,0.0
2024-09-29,0.0,0.0,0.0,0.0
2024-09-30,98145.0,62333.621999999996,54887.9,75775.5
2024-10-01,0.0,0.0,0.0,0.0
2024-10-02,0.0,0.0,0.0,0.0
2024-10-03,0.0,0.0,0.0,0.0
2024-10-04,0.0,0.0,0.0,0.0
2024-10-05,0.0,0.0,0.0,0.0
2024-10-06,0.0,0.0,0.0,0.0
2024-10-07,0.0,0.0,0.0,0.0
2024-10-08,107520.40000000001,68705.756,54887.9,75775.5
2024-10-09,99645.0,71161.098,54887.9,75775.5
2024-10-10,100337.4,73608.468,54887.9,75775.5
2024-10-11,103521.59999999999,75827.228,54887.9,75775.5
2024-10-12,0.0,0.0,0.0,0.0
2024-10-13,0.0,0.0,0.0,0.0
2024-10-14,101712.00000000001,75827.228,54887.9,73456.8
2024-10-15,103366.50000000001,75827.228,51684.0,73456.8
2024-10-16,105031.1,75827.228,51684.0,73456.8
2024-10-17,0.0,0.0,0.0,0.0
2024-10-18,99508.49999999999,73507.044,51684.0,70935.90000000001
2024-10-19,0.0,0.0,0.0,0.0
2024-10-20,0.0,0.0,0.0,0.0
2024-10-21,0.0,0.0,0.0,0.0
2024-10-22,0.0,0.0,0.0,0.0
2024-10-23,0.0,0.0,0.0,0.0
2024-10-24,0.0,0.0,0.0,0.0
2024-10-25,0.0,0.0,0.0,0.0
2024-10-26,0.0,0.0,0.0,0.0
2024-10-27,0.0,0.0,0.0,0.0
2024-10-28,99508.49999999999,70935.41600000001,51684.0,70935.90000000001
2024-10-29,0.0,0.0,0.0,0.0
2024-10-30,101076.30000000002,70935.41600000001,51684.0,68154.0
2024-10-31,0.0,0.0,0.0,0.0
2024-11-01,0.0,0.0,0.0,0.0
2024-11-02,0.0,0.0,0.0,0.0
2024-11-03,0.0,0.0,0.0,0.0
2024-11-04,0.0,0.0,0.0,0.0
2024-11-05,97200.0,68185.09,51684.0,68154.0
2024-11-06,0.0,0.0,0.0,0.0
2024-11-07,97200.0,65162.52,48480.0,69817.3
2024-11-08,98440.4,65162.52,48480.0,69817.3
2024-11-09,0.0,0.0,0.0,0.0
2024-11-10,0.0,0.0,0.0,0.0
2024-11-11,0.0,0.0,0.0,0.0
2024-11-12,97088.0,65162.52,48480.0,69817.3
2024-11-13,0.0,0.0,0.0,0.0
2024-11-14,98957.59999999999,65162.52,48480.0,72263.0
2024-11-15,100615.2,67492.74399999999,48480.0,72263.0
2024-11-16,0.0,0.0,0.0,0.0
2024-11-17,0.0,0.0,0.0,0.0
2024-11-18,102194.40000000001,70208.65800000001,48480.0,72263.0
2024-11-19,0.0,0.0,0.0,0.0
2024-11-20,100167.1,70208.65800000001,48480.0,70102.9
2024-11-21,0.0,0.0,0.0,0.0
2024-11-22,101789.6,70208.65800000001,48480.0,70102.9
2024-11-23,0.0,0.0,0.0,0.0
2024-11-24,0.0,0.0,0.0,0.0
2024-11-25,101789.6,72725.996,48480.0,70102.9
2024-11-26,0.0,0.0,0.0,0.0
2024-11-27,101600.40000000001,72725.996,48480.0,70102.9
2024-11-28,0.0,0.0,0.0,0.0
2024-11-29,99855.0,70149.76800000001,48480.0,70102.9
2024-11-30,0.0,0.0,0.0,0.0
2024-12-01,0.0,0.0,0.0,0.0
2024-12-02,0.0,0.0,0.0,0.0
2024-12-03,99855.0,70149.76800000001,44800.7,70102.9
2024-12-04,0.0,0.0,0.0,0.0
2024-12-05,0.0,0.0,0.0,0.0
2024-12-06,0.0,0.0,0.0,0.0
2024-12-07,0.0,0.0,0.0,0.0
2024-12-08,0.0,0.0,0.0,0.0
2024-12-09,99855.0,70149.76800000001,41004.0,70102.9
2024-12-10,100665.8,68788.148,41004.0,70102.9
2024-12-11,0.0,0.0,0.0,0.0
2024-12-12,0.0,0.0,0.0,0.0
2024-12-13,0.0,0.0,0.0,0.0
2024-12-14,0.0,0.0,0.0,0.0
2024-12-15,0.0,0.0,0.0,0.0
2024-12-16,102395.4,70862.10399999999,41004.0,70102.9
2024-12-17,102395.4,70862.10399999999,37564.8,70102.9
2024-12-18,0.0,0.0,0.0,0.0
2024-12-19,102395.4,70862.10399999999,40935.4,70102.9
2024-12-20,0.0,0.0,0.0,0.0
2024-12-21,0.0,0.0,0.0,0.0
2024-12-22,0.0,0.0,0.0,0.0
2024-12-23,0.0,0.0,0.0,0.0
2024-12-24,102395.4,70862.10399999999,37307.9,70102.9
2024-12-25,0.0,0.0,0.0,0.0
2024-12-26,0.0,0.0,0.0,0.0
2024-12-27,0.0,0.0,0.0,0.0
2024-12-28,0.0,0.0,0.0,0.0
2024-12-29,0.0,0.0,0.0,0.0
2024-12-30,0.0,0.0,0.0,0.0
2024-12-31,103825.79999999999,73433.03,40874.4,70102.9
2025-01-01,0.0,0.0,0.0,0.0
2025-01-02,105367.2,75777.546,40874.4,70102.9
2025-01-03,106920.0,77865.41799999999,40874.4,70102.9
2025-01-04,0.0,0.0,0.0,0.0
2025-01-05,0.0,0.0,0.0,0.0
2025-01-06,0.0,0.0,0.0,0.0
2025-01-07,106920.0,77865.41799999999,37451.4,70102.9
2025-01-08,106920.0,77865.41799999999,41013.399999999994,70102.9
2025-01-09,0.0,0.0,0.0,0.0
2025-01-10,106920.0,77865.41799999999,41013.399999999994,67521.3
2025-01-11,0.0,0.0,0.0,0.0
2025-01-12,0.0,0.0,0.0,0.0
2025-01-13,108480.0,77865.41799999999,41013.399999999994,67521.3
2025-01-14,106614.2,77865.41799999999,41013.399999999994,67521.3
2025-01-15,0.0,0.0,0.0,0.0
2025-01-16,104753.2,77865.41799999999,41013.399999999994,67521.3
2025-01-17,0.0,0.0,0.0,0.0
2025-01-18,0.0,0.0,0.0,0.0
2025-01-19,0.0,0.0,0.0,0.0
2025-01-20,0.0,0.0,0.0,0.0
2025-01-21,0.0,0.0,0.0,0.0
2025-01-22,0.0,0.0,0.0,0.0
2025-01-23,102949.0,75233.20199999999,41013.399999999994,67521.3
2025-01-24,0.0,0.0,0.0,0.0
2025-01-25,0.0,0.0,0.0,0.0
2025-01-26,0.0,0.0,0.0,0.0
2025-01-27,104498.09999999999,75233.20199999999,41013.399999999994,67521.3
2025-01-28,0.0,0.0,0.0,0.0
2025-01-29,0.0,0.0,0.0,0.0
2025-01-30,0.0,0.0,0.0,0.0
2025-01-31,0.0,0.0,0.0,0.0
2025-02-01,0.0,0.0,0.0,0.0
2025-02-02,0.0,0.0,0.0,0.0
2025-02-03,0.0,0.0,0.0,0.0
2025-02-04,0.0,0.0,0.0,0.0
2025-02-05,104498.09999999999,75233.20199999999,41013.399999999994,65920.0
2025-02-06,0.0,0.0,0.0,0.0
2025-02-07,102690.0,72856.908,41013.399999999994,65920.0
2025-02-08,0.0,0.0,0.0,0.0
2025-02-09,0.0,0.0,0.0,0.0
2025-02-10,0.0,0.0,0.0,0.0
2025-02-11,102690.0,72856.908,41013.399999999994,63571.2
2025-02-12,0.0,0.0,0.0,0.0
2025-02-13,0.0,0.0,0.0,0.0
2025-02-14,100982.2,72856.908,41013.399999999994,63571.2
2025-02-15,0.0,0.0,0.0,0.0
2025-02-16,0.0,0.0,0.0,0.0
2025-02-17,0.0,0.0,0.0,0.0
2025-02-18,0.0,0.0,0.0,0.0
2025-02-19,0.0,0.0,0.0,0.0
2025-02-20,0.0,0.0,0.0,0.0
2025-02-21,99010.5,70197.41399999999,41013.399999999994,63571.2
2025-02-22,0.0,0.0,0.0,0.0
2025-02-23,0.0,0.0,0.0,0.0
2025-02-24,99010.5,70197.41399999999,44426.1,63571.2
2025-02-25,0.0,0.0,0.0,0.0
2025-02-26,0.0,0.0,0.0,0.0
2025-02-27,0.0,0.0,0.0,0.0
2025-02-28,100765.49999999999,72795.018,47673.6,63571.2
2025-03-01,0.0,0.0,0.0,0.0
2025-03-02,0.0,0.0,0.0,0.0
2025-03-03,0.0,0.0,0.0,0.0
2025-03-04,0.0,0.0,0.0,0.0
2025-03-05,0.0,0.0,0.0,0.0
2025-03-06,100765.49999999999,70139.524,47673.6,63571.2
2025-03-07,0.0,0.0,0.0,0.0
2025-03-08,0.0,0.0,0.0,0.0
2025-03-09,0.0,0.0,0.0,0.0
2025-03-10,0.0,0.0,0.0,0.0
2025-03-11,100765.49999999999,70139.524,49157.6,63571.2
2025-03-12,0.0,0.0,0.0,0.0
2025-03-13,0.0,0.0,0.0,0.0
2025-03-14,0.0,0.0,0.0,0.0
2025-03-15,0.0,0.0,0.0,0.0
2025-03-16,0.0,0.0,0.0,0.0
2025-03-17,0.0,0.0,0.0,0.0
2025-03-18,0.0,0.0,0.0,0.0
2025-03-19,0.0,0.0,0.0,0.0
2025-03-20,100765.49999999999,70139.524,45632.0,60706.899999999994
2025-03-21,0.0,0.0,0.0,0.0
2025-03-22,0.0,0.0,0.0,0.0
2025-03-23,0.0,0.0,0.0,0.0
2025-03-24,102528.8,70139.524,45632.0,60706.899999999994
2025-03-25,102528.8,70139.524,42187.1,60706.899999999994
2025-03-26,0.0,0.0,0.0,0.0
2025-03-27,0.0,0.0,0.0,0.0
2025-03-28,102528.8,70139.524,45639.3,60706.899999999994
2025-03-29,0.0,0.0,0.0,0.0
2025-03-30,0.0,0.0,0.0,0.0
2025-03-31,102528.8,72695.994,48837.6,57687.0
2025-04-01,0.0,0.0,0.0,0.0
2025-04-02,0.0,0.0,0.0,0.0
2025-04-03,104090.7,72695.994,48837.6,57687.0
2025-04-04,0.0,0.0,0.0,0.0
2025-04-05,0.0,0.0,0.0,0.0
2025-04-06,0.0,0.0,0.0,0.0
2025-04-07,106713.2,78674.864,47954.4,57687.0
2025-04-08,105948.8,78674.864,44345.6,57687.0
2025-04-09,105534.0,76152.144,47587.5,57687.0
2025-04-10,104959.8,76152.144,48048.0,57687.0
2025-04-11,104959.8,73459.126,47261.0,54930.0
2025-04-12,0.0,0.0,0.0,0.0
2025-04-13,0.0,0.0,0.0,0.0
2025-04-14,0.0,0.0,0.0,0.0
2025-04-15,0.0,0.0,0.0,0.0
2025-04-16,0.0,0.0,0.0,0.0
2025-04-17,104959.8,73459.126,47261.0,52785.0
2025-04-18,0.0,0.0,0.0,0.0
2025-04-19,0.0,0.0,0.0,0.0
2025-04-20,0.0,0.0,0.0,0.0
2025-04-21,104959.8,73459.126,50626.8,52785.0
2025-04-22,104959.8,73459.126,50626.8,49681.8
2025-04-23,104959.8,73459.126,47086.2,52695.299999999996
2025-04-24,0.0,0.0,0.0,0.0
2025-04-25,0.0,0.0,0.0,0.0
2025-04-26,0.0,0.0,0.0,0.0
2025-04-27,0.0,0.0,0.0,0.0
2025-04-28,0.0,0.0,0.0,0.0
2025-04-29,0.0,0.0,0.0,0.0
2025-04-30,0.0,0.0,0.0,0.0
2025-05-01,0.0,0.0,0.0,0.0
2025-05-02,0.0,0.0,0.0,0.0
2025-05-03,0.0,0.0,0.0,0.0
2025-05-04,0.0,0.0,0.0,0.0
2025-05-05,0.0,0.0,0.0,0.0
2025-05-06,103261.2,73459.126,43746.4,52695.299999999996
2025-05-07,101501.4,71421.126,43746.4,52695.299999999996
2025-05-08,0.0,0.0,0.0,0.0
2025-05-09,0.0,0.0,0.0,0.0
2025-05-10,0.0,0.0,0.0,0.0
2025-05-11,0.0,0.0,0.0,0.0
2025-05-12,101501.4,71421.126,39969.6,55102.5
2025-05-13,0.0,0.0,0.0,0.0
2025-05-14,99642.90000000001,71421.126,36059.1,55102.5
2025-05-15,99642.90000000001,71421.126,36059.1,57696.3
2025-05-16,0.0,0.0,0.0,0.0
2025-05-17,0.0,0.0,0.0,0.0
2025-05-18,0.0,0.0,0.0,0.0
2025-05-19,101349.3,71421.126,36059.1,57696.3
2025-05-20,0.0,0.0,0.0,0.0
2025-05-21,101349.3,71421.126,36059.1,54612.0
2025-05-22,0.0,0.0,0.0,0.0
2025-05-23,0.0,0.0,0.0,0.0
2025-05-24,0.0,0.0,0.0,0.0
2025-05-25,0.0,0.0,0.0,0.0
2025-05-26,0.0,0.0,0.0,0.0
2025-05-27,101349.3,73786.076,36059.1,54612.0
2025-05-28,0.0,0.0,0.0,0.0
2025-05-29,0.0,0.0,0.0,0.0
2025-05-30,0.0,0.0,0.0,0.0
2025-05-31,0.0,0.0,0.0,0.0
2025-06-01,0.0,0.0,0.0,0.0
2025-06-02,0.0,0.0,0.0,0.0
2025-06-03,0.0,0.0,0.0,0.0
2025-06-04,0.0,0.0,0.0,0.0
2025-06-05,0.0,0.0,0.0,0.0
2025-06-06,0.0,0.0,0.0,0.0
2025-06-07,0.0,0.0,0.0,0.0
2025-06-08,0.0,0.0,0.0,0.0
2025-06-09,101349.3,71384.292,36059.1,54612.0
2025-06-10,0.0,0.0,0.0,0.0
2025-06-11,0.0,0.0,0.0,0.0
2025-06-12,0.0,0.0,0.0,0.0
2025-06-13,101349.3,71384.292,36059.1,51809.2
2025-06-14,0.0,0.0,0.0,0.0
2025-06-15,0.0,0.0,0.0,0.0
2025-06-16,0.0,0.0,0.0,0.0
2025-06-17,0.0,0.0,0.0,0.0
2025-06-18,0.0,0.0,0.0,0.0
2025-06-19,0.0,0.0,0.0,0.0
2025-06-20,0.0,0.0,0.0,0.0
2025-06-21,0.0,0.0,0.0,0.0
2025-06-22,0.0,0.0,0.0,0.0
2025-06-23,0.0,0.0,0.0,0.0
2025-06-24,101349.3,71384.292,36059.1,54663.799999999996
2025-06-25,99243.8,71384.292,36059.1,54663.799999999996
2025-06-26,0.0,0.0,0.0,0.0
2025-06-27,97141.8,71384.292,32078.800000000003,54663.799999999996
2025-06-28,0.0,0.0,0.0,0.0
2025-06-29,0.0,0.0,0.0,0.0
2025-06-30,0.0,0.0,0.0,0.0
2025-07-01,0.0,0.0,0.0,0.0
2025-07-02,0.0,0.0,0.0,0.0
2025-07-03,0.0,0.0,0.0,0.0
2025-07-04,97141.8,68741.742,32078.800000000003,54663.799999999996
2025-07-05,0.0,0.0,0.0,0.0
2025-07-06,0.0,0.0,0.0,0.0
2025-07-07,0.0,0.0,0.0,0.0
2025-07-08,0.0,0.0,0.0,0.0
2025-07-09,0.0,0.0,0.0,0.0
2025-07-10,0.0,0.0,0.0,0.0
2025-07-11,95047.5,68741.742,32078.800000000003,54663.799999999996
2025-07-12,0.0,0.0,0.0,0.0
2025-07-13,0.0,0.0,0.0,0.0
2025-07-14,0.0,0.0,0.0,0.0
2025-07-15,0.0,0.0,0.0,0.0
2025-07-16,0.0,0.0,0.0,0.0
2025-07-17,0.0,0.0,0.0,0.0
2025-07-18,93172.79999999999,65893.93800000001,27904.8,54663.799999999996
2025-07-19,0.0,0.0,0.0,0.0
2025-07-20,0.0,0.0,0.0,0.0
2025-07-21,0.0,0.0,0.0,0.0
2025-07-22,0.0,0.0,0.0,0.0
2025-07-23,0.0,0.0,0.0,0.0
2025-07-24,93172.79999999999,62814.202,27904.8,54663.799999999996
2025-07-25,90868.4,62814.202,27904.8,54663.799999999996
2025-07-26,0.0,0.0,0.0,0.0
2025-07-27,0.0,0.0,0.0,0.0
2025-07-28,0.0,0.0,0.0,0.0
2025-07-29,0.0,0.0,0.0,0.0
2025-07-30,0.0,0.0,0.0,0.0
2025-07-31,0.0,0.0,0.0,0.0
2025-08-01,0.0,0.0,0.0,0.0
2025-08-02,0.0,0.0,0.0,0.0
2025-08-03,0.0,0.0,0.0,0.0
2025-08-04,0.0,0.0,0.0,0.0
2025-08-05,0.0,0.0,0.0,0.0
2025-08-06,0.0,0.0,0.0,0.0
2025-08-07,0.0,0.0,0.0,0.0
2025-08-08,0.0,0.0,0.0,0.0
2025-08-09,0.0,0.0,0.0,0.0
2025-08-10,0.0,0.0,0.0,0.0
2025-08-11,0.0,0.0,0.0,0.0
2025-08-12,0.0,0.0,0.0,0.0
2025-08-13,86345.0,60115.9,23749.800000000003,54663.799999999996
2025-08-14,0.0,0.0,0.0,0.0
2025-08-15,0.0,0.0,0.0,0.0
2025-08-16,0.0,0.0,0.0,0.0
2025-08-17,0.0,0.0,0.0,0.0
2025-08-18,83952.0,57218.022,23749.800000000003,54663.799999999996
2025-08-19,0.0,0.0,0.0,0.0
2025-08-20,0.0,0.0,0.0,0.0
2025-08-21,0.0,0.0,0.0,0.0
2025-08-22,81575.3,57218.022,23749.800000000003,54663.799999999996
2025-08-23,0.0,0.0,0.0,0.0
2025-08-24,0.0,0.0,0.0,0.0
2025-08-25,78927.59999999999,54228.216,23749.800000000003,54663.799999999996
2025-08-26,0.0,0.0,0.0,0.0
2025-08-27,78628.2,54228.216,23749.800000000003,54663.799999999996
2025-08-28,76030.5,54228.216,23749.800000000003,54663.799999999996
2025-08-29,73472.0,54228.216,23749.800000000003,54663.799999999996
2025-08-30,0.0,0.0,0.0,0.0
2025-08-31,0.0,0.0,0.0,0.0
2025-09-01,73472.0,50841.274,27872.3,51741.2
2025-09-02,0.0,0.0,0.0,0.0
2025-09-03,73472.0,53484.948000000004,27872.3,51741.2
2025-09-04,75975.9,56593.39,27872.3,51741.2
2025-09-05,73446.40000000001,53423.524000000005,27872.3,51741.2
2025-09-06,0.0,0.0,0.0,0.0
2025-09-07,0.0,0.0,0.0,0.0
2025-09-08,73446.40000000001,53423.524000000005,27872.3,48601.8
2025-09-09,0.0,0.0,0.0,0.0
2025-09-10,0.0,0.0,0.0,0.0
2025-09-11,70720.1,50074.128000000004,27872.3,48601.8
2025-09-12,0.0,0.0,0.0,0.0
2025-09-13,0.0,0.0,0.0,0.0
2025-09-14,0.0,0.0,0.0,0.0
2025-09-15,68015.0,50074.128000000004,23736.0,48601.8
2025-09-16,0.0,0.0,0.0,0.0
2025-09-17,0.0,0.0,0.0,0.0
2025-09-18,68015.0,47152.554,23736.0,48601.8
2025-09-19,0.0,0.0,0.0,0.0
2025-09-20,0.0,0.0,0.0,0.0
2025-09-21,0.0,0.0,0.0,0.0
2025-09-22,68015.0,47152.554,19314.8,48601.8
2025-09-23,68015.0,50025.282,19314.8,45466.4
2025-09-24,65039.4,47127.042,19314.8,45466.4
2025-09-25,62150.4,47127.042,19314.8,45466.4
2025-09-26,64977.299999999996,47127.042,19314.8,45466.4
2025-09-27,0.0,0.0,0.0,0.0
2025-09-28,0.0,0.0,0.0,0.0
2025-09-29,0.0,0.0,0.0,0.0
2025-09-30,62112.0,47127.042,19314.8,41875.0
2025-10-01,0.0,0.0,0.0,0.0
2025-10-02,0.0,0.0,0.0,0.0
2025-10-03,0.0,0.0,0.0,0.0
2025-10-04,0.0,0.0,0.0,0.0
2025-10-05,0.0,0.0,0.0,0.0
2025-10-06,0.0,0.0,0.0,0.0
2025-10-07,0.0,0.0,0.0,0.0
2025-10-08,0.0,0.0,0.0,0.0
2025-10-09,62112.0,44022.582,14928.3,39289.5
2025-10-10,64915.200000000004,44022.582,14928.3,39289.5
2025-10-11,0.0,0.0,0.0,0.0
2025-10-12,0.0,0.0,0.0,0.0
2025-10-13,63077.2,46591.29,14928.3,39289.5
2025-10-14,65934.0,46546.644,14928.3,36340.0
2025-10-15,0.0,0.0,0.0,0.0
2025-10-16,0.0,0.0,0.0,0.0
2025-10-17,65934.0,46546.644,14928.3,33197.5
2025-10-18,0.0,0.0,0.0,0.0
2025-10-19,0.0,0.0,0.0,0.0
2025-10-20,0.0,0.0,0.0,0.0
2025-10-21,63036.0,46546.644,14928.3,33197.5
2025-10-22,63036.0,46546.644,14928.3,35936.0
2025-10-23,0.0,0.0,0.0,0.0
2025-10-24,63036.0,46546.644,10303.199999999999,35936.0
2025-10-25,0.0,0.0,0.0,0.0
2025-10-26,0.0,0.0,0.0,0.0
2025-10-27,60895.0,46546.644,10303.199999999999,35936.0
2025-10-28,60895.0,46546.644,5532.8,39208.49999999999
2025-10-29,60895.0,43439.004,5532.8,39208.49999999999
2025-10-30,57785.0,43439.004,5532.8,39208.49999999999
2025-10-31,60800.0,43439.004,5532.8,39208.49999999999
2025-11-01,0.0,0.0,0.0,0.0
2025-11-02,0.0,0.0,0.0,0.0
2025-11-03,63611.50000000001,43439.004,5532.8,39208.49999999999
2025-11-04,63611.50000000001,46495.62,5532.8,39208.49999999999
2025-11-05,63611.50000000001,46495.62,10006.4,39208.49999999999
2025-11-06,60442.2,46495.62,5251.5,39208.49999999999
2025-11-07,0.0,0.0,0.0,0.0
2025-11-08,0.0,0.0,0.0,0.0
2025-11-09,0.0,0.0,0.0,0.0
2025-11-10,0.0,0.0,0.0,0.0
2025-11-11,60442.2,46495.62,5251.5,36472.0
2025-11-12,63240.0,46495.62,5251.5,36472.0
2025-11-13,0.0,0.0,0.0,0.0
2025-11-14,0.0,0.0,0.0,0.0
2025-11-15,0.0,0.0,0.0,0.0
2025-11-16,0.0,0.0,0.0,0.0
2025-11-17,63240.0,46495.62,5251.5,39798.0
2025-11-18,63240.0,46495.62,9791.6,39798.0
2025-11-19,0.0,0.0,0.0,0.0
2025-11-20,0.0,0.0,0.0,0.0
2025-11-21,65472.0,49341.437999999995,9791.6,39798.0
2025-11-22,0.0,0.0,0.0,0.0
2025-11-23,0.0,0.0,0.0,0.0
2025-11-24,68109.6,49341.437999999995,9791.6,39798.0
2025-11-25,65108.7,49341.437999999995,9791.6,39798.0
2025-11-26,0.0,0.0,0.0,0.0
2025-11-27,62219.5,49341.437999999995,5044.0,39798.0
2025-11-28,0.0,0.0,0.0,0.0
2025-11-29,0.0,0.0,0.0,0.0
2025-11-30,0.0,0.0,0.0,0.0
2025-12-01,62219.5,49341.437999999995,5044.0,36624.0
2025-12-02,0.0,0.0,0.0,0.0
2025-12-03,0.0,0.0,0.0,0.0
2025-12-04,0.0,0.0,0.0,0.0
2025-12-05,0.0,0.0,0.0,0.0
2025-12-06,0.0,0.0,0.0,0.0
2025-12-07,0.0,0.0,0.0,0.0
2025-12-08,59073.299999999996,45735.23,5044.0,36624.0
2025-12-09,0.0,0.0,0.0,0.0
2025-12-10,0.0,0.0,0.0,0.0
2025-12-11,0.0,0.0,0.0,0.0
2025-12-12,0.0,0.0,0.0,0.0
2025-12-13,0.0,0.0,0.0,0.0
2025-12-14,0.0,0.0,0.0,0.0
2025-12-15,0.0,0.0,0.0,0.0
2025-12-16,61892.8,45735.23,9593.1,36624.0
2025-12-17,58757.399999999994,45735.23,9593.1,36624.0
2025-12-18,0.0,0.0,0.0,0.0
2025-12-19,0.0,0.0,0.0,0.0
2025-12-20,0.0,0.0,0.0,0.0
2025-12-21,0.0,0.0,0.0,0.0
2025-12-22,58757.399999999994,45735.23,4852.5,33008.5
2025-12-23,0.0,0.0,0.0,0.0
2025-12-24,58757.399999999994,45735.23,4852.5,29151.0
2025-12-25,58757.399999999994,42607.712,4852.5,29151.0
2025-12-26,0.0,0.0,0.0,0.0
2025-12-27,0.0,0.0,0.0,0.0
2025-12-28,0.0,0.0,0.0,0.0
2025-12-29,0.0,0.0,0.0,0.0
2025-12-30,58757.399999999994,42607.712,4852.5,32462.5
2025-12-31,0.0,0.0,0.0,0.0
2026-01-01,0.0,0.0,0.0,0.0
2026-01-02,0.0,0.0,0.0,0.0
2026-01-03,0.0,0.0,0.0,0.0
2026-01-04,0.0,0.0,0.0,0.0
2026-01-05,55643.4,39252.94,4852.5,32462.5
2026-01-06,55643.4,39252.94,4852.5,28662.0
2026-01-07,55643.4,35662.792,4852.5,28662.0
2026-01-08,0.0,0.0,0.0,0.0
2026-01-09,55643.4,31811.233999999997,4852.5,28662.0
2026-01-10,0.0,0.0,0.0,0.0
2026-01-11,0.0,0.0,0.0,0.0
2026-01-12,52291.2,31811.233999999997,4852.5,28662.0
2026-01-13,0.0,0.0,0.0,0.0
2026-01-14,52291.2,27699.1,4852.5,24682.5
2026-01-15,0.0,0.0,0.0,0.0
2026-01-16,0.0,0.0,0.0,0.0
2026-01-17,0.0,0.0,0.0,0.0
2026-01-18,0.0,0.0,0.0,0.0
2026-01-19,0.0,0.0,0.0,0.0
2026-01-20,55250.0,27699.1,9410.0,24682.5
2026-01-21,55250.0,27699.1,9410.0,20736.0
2026-01-22,0.0,0.0,0.0,0.0
2026-01-23,55250.0,24182.49,9410.0,20736.0
2026-01-24,0.0,0.0,0.0,0.0
2026-01-25,0.0,0.0,0.0,0.0
2026-01-26,51940.5,24182.49,9410.0,17428.800000000003
2026-01-27,51940.5,27676.154,9410.0,17428.800000000003
2026-01-28,51940.5,24165.822,9410.0,13468.800000000001
2026-01-29,51940.5,24165.822,9410.0,9528.0
2026-01-30,51528.4,27630.262000000002,9410.0,17764.8
2026-01-31,0.0,0.0,0.0,0.0
2026-02-01,0.0,0.0,0.0,0.0
2026-02-02,51528.4,30877.594,9410.0,18849.899999999998
2026-02-03,54499.200000000004,30877.594,9410.0,14506.8
2026-02-04,54499.200000000004,30877.594,9410.0,10793.0
2026-02-05,54499.200000000004,30877.594,9410.0,14648.199999999999
2026-02-06,54499.200000000004,30877.594,13748.4,14533.4
2026-02-07,0.0,0.0,0.0,0.0
2026-02-08,0.0,0.0,0.0,0.0
2026-02-09,54499.200000000004,30877.594,13748.4,10719.0
2026-02-10,0.0,0.0,0.0,0.0
2026-02-11,54499.200000000004,26761.938,13748.4,10719.0
2026-02-12,0.0,0.0,0.0,0.0
2026-02-13,0.0,0.0,0.0,0.0
2026-02-14,0.0,0.0,0.0,0.0
2026-02-15,0.0,0.0,0.0,0.0
2026-02-16,0.0,0.0,0.0,0.0
2026-02-17,0.0,0.0,0.0,0.0
2026-02-18,0.0,0.0,0.0,0.0
2026-02-19,0.0,0.0,0.0,0.0
2026-02-20,0.0,0.0,0.0,0.0
2026-02-21,0.0,0.0,0.0,0.0
2026-02-22,0.0,0.0,0.0,0.0
2026-02-23,0.0,0.0,0.0,0.0
2026-02-24,0.0,0.0,0.0,0.0
2026-02-25,51132.6,26761.938,13748.4,10719.0
2026-02-26,0.0,0.0,0.0,0.0
2026-02-27,51132.6,23237.005999999998,13748.4,10719.0
2026-02-28,0.0,0.0,0.0,0.0
2026-03-01,0.0,0.0,0.0,0.0
2026-03-02,51132.6,23237.005999999998,13748.4,6797.400000000001
2026-03-03,54124.700000000004,26730.158,13748.4,6797.400000000001
2026-03-04,57148.0,26730.158,13748.4,10986.0
2026-03-05,54024.5,26730.158,13748.4,10986.0
2026-03-06,0.0,0.0,0.0,0.0
2026-03-07,0.0,0.0,0.0,0.0
2026-03-08,0.0,0.0,0.0,0.0
2026-03-09,56893.2,29983.055999999997,18004.4,10986.0
2026-03-10,54575.6,26021.412,18004.4,10986.0
2026-03-11,51178.4,26021.412,18004.4,10986.0
2026-03-12,0.0,0.0,0.0,0.0
2026-03-13,0.0,0.0,0.0,0.0
2026-03-14,0.0,0.0,0.0,0.0
2026-03-15,0.0,0.0,0.0,0.0
2026-03-16,51178.4,29300.242000000002,18004.4,14875.0
2026-03-17,0.0,0.0,0.0,0.0
2026-03-18,0.0,0.0,0.0,0.0
2026-03-19,51178.4,33181.676,18004.4,18525.6
2026-03-20,51178.4,33181.676,18004.4,21799.800000000003
2026-03-21,0.0,0.0,0.0,0.0
2026-03-22,0.0,0.0,0.0,0.0
2026-03-23,54182.399999999994,40130.636,22191.399999999998,32978.1
2026-03-24,57304.6,40130.636,22191.399999999998,29481.6
2026-03-25,54365.0,36867.048,22191.399999999998,26192.7
2026-03-26,54365.0,36867.048,22191.399999999998,30105.6
2026-03-27,0.0,0.0,0.0,0.0
2026-03-28,0.0,0.0,0.0,0.0
2026-03-29,0.0,0.0,0.0,0.0
2026-03-30,0.0,0.0,0.0,0.0
2026-03-31,54365.0,36867.048,22191.399999999998,26346.6
2026-04-01,54365.0,36867.048,17799.0,26346.6
2026-04-02,57449.4,36867.048,17799.0,26346.6
2026-04-03,0.0,0.0,0.0,0.0
2026-04-04,0.0,0.0,0.0,0.0
2026-04-05,0.0,0.0,0.0,0.0
2026-04-06,0.0,0.0,0.0,0.0
2026-04-07,0.0,0.0,0.0,0.0
2026-04-08,54282.0,33210.922,13320.0,22217.8
2026-04-09,0.0,0.0,0.0,0.0
2026-04-10,50887.0,33210.922,13320.0,22217.8
2026-04-11,0.0,0.0,0.0,0.0
2026-04-12,0.0,0.0,0.0,0.0
2026-04-13,47566.4,33210.922,13320.0,22217.8
2026-04-14,0.0,0.0,0.0,0.0
2026-04-15,44120.100000000006,29414.738,8727.9,22217.8
2026-04-16,0.0,0.0,0.0,0.0
2026-04-17,0.0,0.0,0.0,0.0
2026-04-18,0.0,0.0,0.0,0.0
2026-04-19,0.0,0.0,0.0,0.0
2026-04-20,0.0,0.0,0.0,0.0
2026-04-21,0.0,0.0,0.0,0.0
2026-04-22,40667.0,29414.738,8727.9,22217.8
2026-04-23,40667.0,29414.738,4019.3999999999996,22217.8
2026-04-24,0.0,0.0,0.0,0.0
2026-04-25,0.0,0.0,0.0,0.0
2026-04-26,0.0,0.0,0.0,0.0
2026-04-27,0.0,0.0,0.0,0.0
2026-04-28,40667.0,29414.738,4019.3999999999996,25443.6
2026-04-29,0.0,0.0,0.0,0.0
2026-04-30,40667.0,29414.738,79870.8,25443.6
2026-05-01,0.0,0.0,0.0,0.0
2026-05-02,0.0,0.0,0.0,0.0
2026-05-03,0.0,0.0,0.0,0.0
2026-05-04,0.0,0.0,0.0,0.0
2026-05-05,0.0,0.0,0.0,0.0
2026-05-06,36976.4,25435.098,79870.8,25443.6
2026-05-07,36976.4,25435.098,77202.3,25443.6
2026-05-08,0.0,0.0,0.0,0.0
2026-05-09,0.0,0.0,0.0,0.0
2026-05-10,0.0,0.0,0.0,0.0
2026-05-11,33003.6,21905.52,74692.0,25443.6
2026-05-12,0.0,0.0,0.0,0.0
2026-05-13,29160.0,21905.52,74692.0,25443.6
2026-05-14,0.0,0.0,0.0,0.0
2026-05-15,32978.4,25530.394,74692.0,25443.6
2026-05-16,0.0,0.0,0.0,0.0
2026-05-17,0.0,0.0,0.0,0.0
2026-05-18,32978.4,25530.394,74692.0,29264.0
2026-05-19,32978.4,25530.394,77112.0,29264.0
2026-05-20,0.0,0.0,0.0,0.0
2026-05-21,32978.4,25536.35,74410.79999999999,29264.0
